page,id,linh_vuc,ten_van_ban,so_hieu,ngay_ban_hanh,ngay_hieu_luc,co_quan_ban_hanh,loai,tinh_trang,pdf_url,download_status
1,"ID LĨNH VỰC TÊN VĂN BẢN SỐ HIỆU NGÀY BAN HÀNH NGÀY HIỆU LỰC CƠ QUAN BAN HÀNH LOẠI TÌNH TRẠNG TẢI VỀ 0494 Đào tạo Quy chế văn bằng, chứng chỉ của Đại học Đà Nẵng New 3107/QĐ-ĐHĐN 10/08/2026 10/08/2026 Đại học Đà Nẵng Quy chế Còn hiệu lực 0491 Đào tạo Thông tư quy định quy trình biên soạn, ban hành chương trình, giáo trình dạy và học các môn học, học phần bắt buộc sử dụng chung trong chương trình đào tạo các trình độ của giáo dục đại học New 62/2026/TT-BGDĐT 28/07/2026 28/07/2026 Bộ Giáo dục và Đào tạo Thông tư Còn hiệu lực 0493 Học liệu, truyền thông Thông tư quy định về khai thác, sử dụng tài nguyên giáo dục mở trong hoạt động giáo dục đại học New 61/2026/TT-BGDĐT 17/07/2026 17/07/2026 Bộ Giáo dục và Đào tạo Thông tư Còn hiệu lực 0492 Đào tạo Thông tư ban hành Quy chế đào tạo trình độ đại học 56/2026/TT-BGDĐT 07/07/2026 07/07/2026 Bộ Giáo dục và Đào tạo Thông tư Còn hiệu lực 0490 Tuyển sinh Thông tư ban hành Quy chế tuyển sinh và đào tạo sau đại học 53/2026/TT-BGDĐT 30/06/2026 30/06/2026 Bộ Giáo dục và Đào tạo Thông tư Còn hiệu lực 0481 Công nghệ thông tin, CĐS Thông tư quy định ứng dụng công nghệ trong giáo dục đại học, giáo dục nghề nghiệp 49/2026/TT-BGDĐT 30/06/2026 30/06/2026 Bộ Giáo dục và Đào tạo Thông tư Còn hiệu lực 0485 Tổ chức, hành chính Nghị định quy định về tuyển dụng, sử dụng và quản lý viên chức 259/2026/NĐ-CP 30/06/2026 30/06/2026 Chính phủ Nghị định Còn hiệu lực 0482 Công nghệ thông tin, CĐS Quyết định ban hành Khung kiến trúc dữ liệu, Khung quản trị, quản lý dữ liệu Bộ Giáo dục và Đào tạo (ver 1.0) 1866/QĐ-BGDĐT 29/06/2026 29/06/2026 Bộ Giáo dục và Đào tạo Quyết định, Quy định Còn hiệu lực 0483 Công nghệ thông tin, CĐS Quyết định ban hành quy định cơ chế thử nghiệm có kiểm soát đối với ứng dụng công nghệ thực - ảo trong giáo dục 1829/QĐ-BGDĐT 26/06/2026 26/06/2026 Bộ Giáo dục và Đào tạo Quyết định, Quy định Còn hiệu lực 0486 Tổ chức, hành chính Nghị định quy định về vị trí việc làm viên chức 232/2026/NĐ-CP 26/06/2026 26/06/2026 Chính phủ Nghị định Còn hiệu lực",ID,LĨNH VỰC,TÊN VĂN BẢN,SỐ HIỆU,NGÀY BAN HÀNH,NGÀY HIỆU LỰC,CƠ QUAN BAN HÀNH,LOẠI,http://dut.udn.vn/Files/admin/files/VanbanPhapquy/Nghi dinh so 232_2026_ND-CP_Quy dinh ve vi tri viec lam vien chuc.pdf,DOWNLOADED
1,ID,LĨNH VỰC,TÊN VĂN BẢN,SỐ HIỆU,NGÀY BAN HÀNH,NGÀY HIỆU LỰC,CƠ QUAN BAN HÀNH,LOẠI,TÌNH TRẠNG,,NO_PDF
1,0494,Đào tạo,"Quy chế văn bằng, chứng chỉ của Đại học Đà Nẵng New",3107/QĐ-ĐHĐN,10/08/2026,10/08/2026,Đại học Đà Nẵng,Quy chế,Còn hiệu lực,http://dut.udn.vn/Files/admin/files/VanbanPhapquy/QC VBCC DHDN.pdf,DOWNLOADED
1,0491,Đào tạo,"Thông tư quy định quy trình biên soạn, ban hành chương trình, giáo trình dạy và học các môn học, học phần bắt buộc sử dụng chung trong chương trình đào tạo các trình độ của giáo dục đại học New",62/2026/TT-BGDĐT,28/07/2026,28/07/2026,Bộ Giáo dục và Đào tạo,Thông tư,Còn hiệu lực,http://dut.udn.vn/Files/admin/files/VanbanPhapquy/1409 - 62 TT QyD quy trinh bien soan BHCtr giao trinh day va hoc cac mon hoc hoc phan bat buoc sd chung trong CTDT cua GDDH.pdf,DOWNLOADED
1,0493,"Học liệu, truyền thông","Thông tư quy định về khai thác, sử dụng tài nguyên giáo dục mở trong hoạt động giáo dục đại học New",61/2026/TT-BGDĐT,17/07/2026,17/07/2026,Bộ Giáo dục và Đào tạo,Thông tư,Còn hiệu lực,http://dut.udn.vn/Files/admin/files/VanbanPhapquy/1343 - 61 Thong tu QyD ve khai thac su dung tai nguyen giao duc mo trong hoat dong GDDH.pdf,DOWNLOADED
1,0492,Đào tạo,Thông tư ban hành Quy chế đào tạo trình độ đại học,56/2026/TT-BGDĐT,07/07/2026,07/07/2026,Bộ Giáo dục và Đào tạo,Thông tư,Còn hiệu lực,http://dut.udn.vn/Files/admin/files/VanbanPhapquy/1408 - 56 Thong tu ban hanh Quy che dao tao trinh do dai hoc.pdf,DOWNLOADED
1,0490,Tuyển sinh,Thông tư ban hành Quy chế tuyển sinh và đào tạo sau đại học,53/2026/TT-BGDĐT,30/06/2026,30/06/2026,Bộ Giáo dục và Đào tạo,Thông tư,Còn hiệu lực,http://dut.udn.vn/Files/admin/files/VanbanPhapquy/1278 - 53.2026 Thong tu ban hanh Quy che TS va dao tao sau dai hoc.pdf,DOWNLOADED
1,0481,"Công nghệ thông tin, CĐS","Thông tư quy định ứng dụng công nghệ trong giáo dục đại học, giáo dục nghề nghiệp",49/2026/TT-BGDĐT,30/06/2026,30/06/2026,Bộ Giáo dục và Đào tạo,Thông tư,Còn hiệu lực,http://dut.udn.vn/Files/admin/files/VanbanPhapquy/1206 - 49 TT quy dinh ung dung cong nghe trong GDDH giao duc nghe nghiep.pdf,DOWNLOADED
1,0485,"Tổ chức, hành chính","Nghị định quy định về tuyển dụng, sử dụng và quản lý viên chức",259/2026/NĐ-CP,30/06/2026,30/06/2026,Chính phủ,Nghị định,Còn hiệu lực,"http://dut.udn.vn/Files/admin/files/VanbanPhapquy/Nghi dinh so 259_2026_ND-CP_Quy định ve tuyen dung, sư dung va quan ly vien chưc.pdf",DOWNLOADED
1,0482,"Công nghệ thông tin, CĐS","Quyết định ban hành Khung kiến trúc dữ liệu, Khung quản trị, quản lý dữ liệu Bộ Giáo dục và Đào tạo (ver 1.0)",1866/QĐ-BGDĐT,29/06/2026,29/06/2026,Bộ Giáo dục và Đào tạo,"Quyết định, Quy định",Còn hiệu lực,http://dut.udn.vn/Files/admin/files/VanbanPhapquy/1866_QD_BGDDT.signed.pdf,DOWNLOADED
1,0483,"Công nghệ thông tin, CĐS",Quyết định ban hành quy định cơ chế thử nghiệm có kiểm soát đối với ứng dụng công nghệ thực - ảo trong giáo dục,1829/QĐ-BGDĐT,26/06/2026,26/06/2026,Bộ Giáo dục và Đào tạo,"Quyết định, Quy định",Còn hiệu lực,http://dut.udn.vn/Files/admin/files/VanbanPhapquy/1196 - 1829 QDBH quy dinh co che thu nghiem co kiem soat doi voi ung dung CN thuc - ao trong giao duc.pdf,DOWNLOADED
1,0486,"Tổ chức, hành chính",Nghị định quy định về vị trí việc làm viên chức,232/2026/NĐ-CP,26/06/2026,26/06/2026,Chính phủ,Nghị định,Còn hiệu lực,http://dut.udn.vn/Files/admin/files/VanbanPhapquy/Nghi dinh so 232_2026_ND-CP_Quy dinh ve vi tri viec lam vien chuc.pdf,DOWNLOADED
2,"ID LĨNH VỰC TÊN VĂN BẢN SỐ HIỆU NGÀY BAN HÀNH NGÀY HIỆU LỰC CƠ QUAN BAN HÀNH LOẠI TÌNH TRẠNG TẢI VỀ 0480 Tuyển sinh Quyết định ban hành Quy chế tuyển sinh đào tạo trình độ đại học hình thức thường xuyên, phương thức tổ chức đào tạo kết hợp giữa trực tiếp và từ xa của ĐHĐN 2414/QĐ-ĐHĐN 19/06/2026 19/06/2026 Đại học Đà Nẵng Quyết định, Quy định Còn hiệu lực 0479 Thi đua, khen thưởng Quyết định ban hành Quy chế tổ chức và hoạt động của Hội đồng Thi đua - Khen thưởng Bộ Giáo dục và Đào tạo 1609/QĐ-BGDĐT 12/06/2026 12/06/2026 Bộ Giáo dục và Đào tạo Quyết định, Quy định Còn hiệu lực 0478 Tổ chức, hành chính Quyết định ban hành Quy chế thực hiện dân chủ trong hoạt động của Đại học Đà Nẵng 2152/QĐ-ĐHĐN 04/06/2026 04/06/2026 Đại học Đà Nẵng Quyết định, Quy định Còn hiệu lực 0487 Tổ chức, hành chính Nghị định quy định chế độ phụ cấp ưu đãi theo nghề đối với nhà giáo, cán bộ quản lý cơ sở giáo dục và nhân sự hỗ trợ giáo dục công tác trong cơ sở giáo dục công lập 182/2026/NĐ-CP 22/05/2026 22/05/2026 Chính phủ Nghị định Còn hiệu lực 0489 Đào tạo Quyết định ban hành Quy định về tổ chức và quản lý liên kết đào tạo với nước ngoài tại các đơn vị thuộc, trực thuộc Đại học Đà Nẵng 1841/QĐ-ĐHĐN 14/05/2026 14/05/2026 Đại học Đà Nẵng Quyết định, Quy định Còn hiệu lực 0477 Học liệu, truyền thông Quyết định ban hành Quy chế quản lý, vận hành và cung cấp thông tin trên Cổng Thông tin điện tử của Bộ Giáo dục và Đào tạo 1099/QĐ-BGDĐT 07/05/2026 07/05/2026 Bộ Giáo dục và Đào tạo Quyết định, Quy định Còn hiệu lực 0474 Đào tạo Quyết định ban hành Chuẩn chương trình đào tạo về đường sắt trình độ đại học 1061/QĐ-BGDĐT 04/05/2026 04/05/2026 Bộ Giáo dục và Đào tạo Quyết định, Quy định Còn hiệu lực 0475 Đào tạo Quyết định ban hành Chuẩn chương trình đào tạo trình độ đại học các ngành về điện hạt nhân 1050/QĐ-BGDĐT 04/05/2026 04/05/2026 Bộ Giáo dục và Đào tạo Quyết định, Quy định Còn hiệu lực 0476 Tổ chức, hành chính Quyết định công bố thủ tục hành chính được sửa đổi, bổ sung hoặc thay thế; thủ tục hành chính bị bãi bỏ lĩnh vực giáo dục đại học thuộc phạm vi, chức năng quản lý của Bộ Giáo dục và Đào tạo 1060/QĐ-BGDĐT 04/05/2026 04/05/2026 Bộ Giáo dục và Đào tạo Quyết định, Quy định Còn hiệu lực 0468 Tuyển sinh Quyết định ban hành Quy chế tuyển sinh các ngành đào tạo trình độ đại học hình thức đào tạo chính quy của Đại học Đà Nẵng 1478/QĐ-ĐHĐN 16/04/2026 16/04/2026 Đại học Đà Nẵng Quyết định, Quy định Còn hiệu lực",ID,LĨNH VỰC,TÊN VĂN BẢN,SỐ HIỆU,NGÀY BAN HÀNH,NGÀY HIỆU LỰC,CƠ QUAN BAN HÀNH,LOẠI,http://dut.udn.vn/Files/admin/files/VanbanPhapquy/652 QD ban hanh Quy che TS cac nganh dao tao trinh do dai hoc hinh thuc DTCQ cua DHDN.pdf,DOWNLOADED
2,ID,LĨNH VỰC,TÊN VĂN BẢN,SỐ HIỆU,NGÀY BAN HÀNH,NGÀY HIỆU LỰC,CƠ QUAN BAN HÀNH,LOẠI,TÌNH TRẠNG,,NO_PDF
2,0480,Tuyển sinh,"Quyết định ban hành Quy chế tuyển sinh đào tạo trình độ đại học hình thức thường xuyên, phương thức tổ chức đào tạo kết hợp giữa trực tiếp và từ xa của ĐHĐN",2414/QĐ-ĐHĐN,19/06/2026,19/06/2026,Đại học Đà Nẵng,"Quyết định, Quy định",Còn hiệu lực,http://dut.udn.vn/Files/admin/files/VanbanPhapquy/1125 - 2414 QDBH quy che TSDT trinh do dai hoc hinh thuc TX phuong thuc to chuc DT ket hop giua truc tiep va tu xa cua DHDN.pdf,DOWNLOADED
2,0479,"Thi đua, khen thưởng",Quyết định ban hành Quy chế tổ chức và hoạt động của Hội đồng Thi đua - Khen thưởng Bộ Giáo dục và Đào tạo,1609/QĐ-BGDĐT,12/06/2026,12/06/2026,Bộ Giáo dục và Đào tạo,"Quyết định, Quy định",Còn hiệu lực,http://dut.udn.vn/Files/admin/files/VanbanPhapquy/1045 - 1609 QD ban hanh Quy che to chuc va hoat dong cua Hoi dong Thi dua - Khen thuong Bo GD va DT.pdf,DOWNLOADED
2,0478,"Tổ chức, hành chính",Quyết định ban hành Quy chế thực hiện dân chủ trong hoạt động của Đại học Đà Nẵng,2152/QĐ-ĐHĐN,04/06/2026,04/06/2026,Đại học Đà Nẵng,"Quyết định, Quy định",Còn hiệu lực,http://dut.udn.vn/Files/admin/files/VanbanPhapquy/990 - 2152 QD ban hanh Quy che thuc hien dan chu trong hoat dong cua DHDN.pdf,DOWNLOADED
2,0487,"Tổ chức, hành chính","Nghị định quy định chế độ phụ cấp ưu đãi theo nghề đối với nhà giáo, cán bộ quản lý cơ sở giáo dục và nhân sự hỗ trợ giáo dục công tác trong cơ sở giáo dục công lập",182/2026/NĐ-CP,22/05/2026,22/05/2026,Chính phủ,Nghị định,Còn hiệu lực,"http://dut.udn.vn/Files/admin/files/VanbanPhapquy/Nghi dinh so_182_2026_ND-CP_Quy dinh che do phu cap uu dai doi voi Nha giao, can bo quan ly CSGD trong cac CSGD cong lap.pdf",DOWNLOADED
2,0489,Đào tạo,"Quyết định ban hành Quy định về tổ chức và quản lý liên kết đào tạo với nước ngoài tại các đơn vị thuộc, trực thuộc Đại học Đà Nẵng",1841/QĐ-ĐHĐN,14/05/2026,14/05/2026,Đại học Đà Nẵng,"Quyết định, Quy định",Còn hiệu lực,http://dut.udn.vn/Files/admin/files/VanbanPhapquy/2026m6_639165940341944483DHDN_CVDi_Quyet_dinh_ban_hanh_Quy_dinh_ve_to_chuc_va_quan_ly_lkdtvnn_tai_don_vi_thuoc-truc_thuoc-merged.pdf,DOWNLOADED
2,0477,"Học liệu, truyền thông","Quyết định ban hành Quy chế quản lý, vận hành và cung cấp thông tin trên Cổng Thông tin điện tử của Bộ Giáo dục và Đào tạo",1099/QĐ-BGDĐT,07/05/2026,07/05/2026,Bộ Giáo dục và Đào tạo,"Quyết định, Quy định",Còn hiệu lực,http://dut.udn.vn/Files/admin/files/VanbanPhapquy/773 - 1099 QD ban hanh QCQL van hanh va cung cap thong tin tren Cong Thong tin dien tu cua Bo GD&DT.pdf,DOWNLOADED
2,0474,Đào tạo,Quyết định ban hành Chuẩn chương trình đào tạo về đường sắt trình độ đại học,1061/QĐ-BGDĐT,04/05/2026,04/05/2026,Bộ Giáo dục và Đào tạo,"Quyết định, Quy định",Còn hiệu lực,http://dut.udn.vn/Files/admin/files/VanbanPhapquy/734 - 1061 QD ban hanh chuan chuong trinh dao tao ve duong sat trinh do dai hoc.pdf,DOWNLOADED
2,0475,Đào tạo,Quyết định ban hành Chuẩn chương trình đào tạo trình độ đại học các ngành về điện hạt nhân,1050/QĐ-BGDĐT,04/05/2026,04/05/2026,Bộ Giáo dục và Đào tạo,"Quyết định, Quy định",Còn hiệu lực,http://dut.udn.vn/Files/admin/files/VanbanPhapquy/732 - 1050 QD ban hanh chuan Chuong trinh dao tao trinh do dai hoc cac nganh ve dien hat nhan.pdf,DOWNLOADED
2,0476,"Tổ chức, hành chính","Quyết định công bố thủ tục hành chính được sửa đổi, bổ sung hoặc thay thế; thủ tục hành chính bị bãi bỏ lĩnh vực giáo dục đại học thuộc phạm vi, chức năng quản lý của Bộ Giáo dục và Đào tạo",1060/QĐ-BGDĐT,04/05/2026,04/05/2026,Bộ Giáo dục và Đào tạo,"Quyết định, Quy định",Còn hiệu lực,http://dut.udn.vn/Files/admin/files/VanbanPhapquy/733 - 1060 QD cong bo thu tuc HC duoc sua doi BS hoac TT thu tuc HC bi bai bo LVGDDH thuoc PVCNQL cua Bo GD&DT.pdf,DOWNLOADED
2,0468,Tuyển sinh,Quyết định ban hành Quy chế tuyển sinh các ngành đào tạo trình độ đại học hình thức đào tạo chính quy của Đại học Đà Nẵng,1478/QĐ-ĐHĐN,16/04/2026,16/04/2026,Đại học Đà Nẵng,"Quyết định, Quy định",Còn hiệu lực,http://dut.udn.vn/Files/admin/files/VanbanPhapquy/652 QD ban hanh Quy che TS cac nganh dao tao trinh do dai hoc hinh thuc DTCQ cua DHDN.pdf,DOWNLOADED
3,"ID LĨNH VỰC TÊN VĂN BẢN SỐ HIỆU NGÀY BAN HÀNH NGÀY HIỆU LỰC CƠ QUAN BAN HÀNH LOẠI TÌNH TRẠNG TẢI VỀ 0469 Tổ chức, hành chính Thông tư quy định mã số, bổ nhiệm chức danh và xếp lương đối với nhà giáo trong cơ sở giáo dục công lập 31/2026/TT-BGDĐT 14/04/2026 14/04/2026 Bộ Giáo dục và Đào tạo Thông tư Còn hiệu lực 0470 Thi đua, khen thưởng Quyết định sửa đổi Quy định về tổ chức xét duyệt và công nhận sáng kiến 1364/QĐ-ĐHĐN 09/04/2026 09/04/2026 Đại học Đà Nẵng Quyết định, Quy định Còn hiệu lực 0471 Tổ chức, hành chính Thông tư quy định chuẩn nghề nghiệp giảng viên đại học 26/2026/TT-BGDĐT 09/04/2026 09/04/2026 Bộ Giáo dục và Đào tạo Thông tư Còn hiệu lực 0472 Đào tạo Quyết định ban hành Quy định số hóa dữ liệu văn bằng chứng chỉ của các đơn vị thuộc và trực thuộc Đại học Đà Nẵng 1280/QĐ-ĐHĐN 02/04/2026 02/04/2026 Đại học Đà Nẵng Quyết định, Quy định Còn hiệu lực 0473 Đảm bảo chất lượng, KĐCL Thông tư quy định về kiểm định chất lượng cơ sở giáo dục đại học 20/2026/TT-BGDĐT 31/03/2026 15/05/2026 Bộ Giáo dục và Đào tạo Thông tư Còn hiệu lực 0467 Đào tạo Quyết định công bố thủ tục hành chính mới ban hành; thủ tục hành chính được sửa đổi, bổ sung và thủ tục hành chính bị bãi bỏ lĩnh vực văn bằng, chứng chỉ thuộc phạm vi, chức năng quản lý của Bộ Giáo dục và Đào tạo 754/QĐ-BGDĐT 31/03/2026 31/03/2026 Bộ Giáo dục và Đào tạo Quyết định, Quy định Còn hiệu lực 0464 Tuyển sinh Quyết định công bố thủ tục hành chính được thay thế lĩnh vực thi, tuyển sinh thuộc phạm vi chức năng quản lý của Bộ Giáo dục và Đào tạo 618/QĐ-BGDĐT 18/03/2026 18/03/2026 Bộ Giáo dục và Đào tạo Quyết định, Quy định Còn hiệu lực 0466 Pháp chế Nghị quyết về việc tiếp tục áp dụng văn bản quy định chi tiết, quy định biện pháp cụ thể để tổ chức, hướng dẫn thi hành một số luật đã được sửa đổi, bổ sung hoặc thay thế 10/2026/NQ-CP 10/03/2026 10/03/2026 Chính phủ Nghị quyết Còn hiệu lực 0463 Tuyển sinh Thông tư sửa đổi bổ sung một số điều của Quy chế thi tốt nghiệp trung học phổ thông ban hành theo Thông tư số 24/2024/TT-BGDĐT ngày 24 tháng 12 năm 2024 của Bộ trưởng Bộ Giáo dục và Đào tạo 13/2026/TT-BGDĐT 09/03/2026 09/03/2026 Bộ Giáo dục và Đào tạo Thông tư Còn hiệu lực 0465 Khoa học Công nghệ Quyết định về việc sửa đổi, bổ sung một số điều của Quy định Quản lý hoạt động khoa học và công nghệ tại Trường Đại học Bách khoa - Đại học Đà Nẵng ban hành kèm theo Quyết định số 1404/QĐ-ĐHBK ngày 12/5/2021 của Hiệu trưởng Trường Đại học Bách khoa, Đại học Đà Nẵng 1077/QĐ-ĐHBK 06/03/2026 06/03/2026 Trường Đại học Bách khoa Quyết định, Quy định Còn hiệu lực",ID,LĨNH VỰC,TÊN VĂN BẢN,SỐ HIỆU,NGÀY BAN HÀNH,NGÀY HIỆU LỰC,CƠ QUAN BAN HÀNH,LOẠI,http://dut.udn.vn/Files/admin/files/VanbanPhapquy/1077 QD sua doi BS mot so dieu cua QD QLHD KH&CN tai Truong DHBK  BH kem theo QD so 1404 QD-DHBK ngay 12.5.2021 cua Hieu truong.pdf,DOWNLOADED
3,ID,LĨNH VỰC,TÊN VĂN BẢN,SỐ HIỆU,NGÀY BAN HÀNH,NGÀY HIỆU LỰC,CƠ QUAN BAN HÀNH,LOẠI,TÌNH TRẠNG,,NO_PDF
3,0469,"Tổ chức, hành chính","Thông tư quy định mã số, bổ nhiệm chức danh và xếp lương đối với nhà giáo trong cơ sở giáo dục công lập",31/2026/TT-BGDĐT,14/04/2026,14/04/2026,Bộ Giáo dục và Đào tạo,Thông tư,Còn hiệu lực,http://dut.udn.vn/Files/admin/files/VanbanPhapquy/2026m4_100000000.5168355PBQPPL_CVD_701978.pdf,DOWNLOADED
3,0470,"Thi đua, khen thưởng",Quyết định sửa đổi Quy định về tổ chức xét duyệt và công nhận sáng kiến,1364/QĐ-ĐHĐN,09/04/2026,09/04/2026,Đại học Đà Nẵng,"Quyết định, Quy định",Còn hiệu lực,http://dut.udn.vn/Files/admin/files/VanbanPhapquy/2026m4_639120369353666188DHDN_CVDi_QD_1364_ve_sua_doi_quy_dinh_ve_to_chuc_xet_duyet_va_cong_nhan_sang_kien.pdf,DOWNLOADED
3,0471,"Tổ chức, hành chính",Thông tư quy định chuẩn nghề nghiệp giảng viên đại học,26/2026/TT-BGDĐT,09/04/2026,09/04/2026,Bộ Giáo dục và Đào tạo,Thông tư,Còn hiệu lực,http://dut.udn.vn/Files/admin/files/VanbanPhapquy/2026m4_100000000.533424PBQPPL_CVD_1270_(26_2026_TT-BGDDT).pdf,DOWNLOADED
3,0472,Đào tạo,Quyết định ban hành Quy định số hóa dữ liệu văn bằng chứng chỉ của các đơn vị thuộc và trực thuộc Đại học Đà Nẵng,1280/QĐ-ĐHĐN,02/04/2026,02/04/2026,Đại học Đà Nẵng,"Quyết định, Quy định",Còn hiệu lực,http://dut.udn.vn/Files/admin/files/VanbanPhapquy/2026m4_639111767639575014DHDN_CVDi_01.4-Quyet_dinh_so_hoa_VBCC_thay_the.pdf,DOWNLOADED
3,0473,"Đảm bảo chất lượng, KĐCL",Thông tư quy định về kiểm định chất lượng cơ sở giáo dục đại học,20/2026/TT-BGDĐT,31/03/2026,15/05/2026,Bộ Giáo dục và Đào tạo,Thông tư,Còn hiệu lực,http://dut.udn.vn/Files/admin/files/VanbanPhapquy/2026m4_100000000.533424PBQPPL_CVD_1208_(20_2026_TT-BGDDT).pdf,DOWNLOADED
3,0467,Đào tạo,"Quyết định công bố thủ tục hành chính mới ban hành; thủ tục hành chính được sửa đổi, bổ sung và thủ tục hành chính bị bãi bỏ lĩnh vực văn bằng, chứng chỉ thuộc phạm vi, chức năng quản lý của Bộ Giáo dục và Đào tạo",754/QĐ-BGDĐT,31/03/2026,31/03/2026,Bộ Giáo dục và Đào tạo,"Quyết định, Quy định",Còn hiệu lực,http://dut.udn.vn/Files/admin/files/VanbanPhapquy/519 - 754 QD cong bo thu tuc HC moi BH thu tuc HC duoc sua doi BS va TCHC bi bai bo LVVB CC thuoc PVCNQL cua Bo GDDT.pdf,DOWNLOADED
3,0464,Tuyển sinh,"Quyết định công bố thủ tục hành chính được thay thế lĩnh vực thi, tuyển sinh thuộc phạm vi chức năng quản lý của Bộ Giáo dục và Đào tạo",618/QĐ-BGDĐT,18/03/2026,18/03/2026,Bộ Giáo dục và Đào tạo,"Quyết định, Quy định",Còn hiệu lực,http://dut.udn.vn/Files/admin/files/VanbanPhapquy/447 - 618 QD cong bo thu tuc HC duoc thay the linh vuc thi TS thuoc PVCNQL cua Bo GD& DT.pdf,DOWNLOADED
3,0466,Pháp chế,"Nghị quyết về việc tiếp tục áp dụng văn bản quy định chi tiết, quy định biện pháp cụ thể để tổ chức, hướng dẫn thi hành một số luật đã được sửa đổi, bổ sung hoặc thay thế",10/2026/NQ-CP,10/03/2026,10/03/2026,Chính phủ,Nghị quyết,Còn hiệu lực,http://dut.udn.vn/Files/admin/files/VanbanPhapquy/486 - 1384 Trien khai NQ so 10.2026 NQ-CP.pdf,DOWNLOADED
3,0463,Tuyển sinh,Thông tư sửa đổi bổ sung một số điều của Quy chế thi tốt nghiệp trung học phổ thông ban hành theo Thông tư số 24/2024/TT-BGDĐT ngày 24 tháng 12 năm 2024 của Bộ trưởng Bộ Giáo dục và Đào tạo,13/2026/TT-BGDĐT,09/03/2026,09/03/2026,Bộ Giáo dục và Đào tạo,Thông tư,Còn hiệu lực,http://dut.udn.vn/Files/admin/files/VanbanPhapquy/380 - 13 TT sua doi BS mot so dieu cua QC thi TNTHPT ban hanh kem theo TT so 24.2024TT-BGDDT ngay 24.12.2024 cua BT Bo GD&DT.pdf,DOWNLOADED
3,0465,Khoa học Công nghệ,"Quyết định về việc sửa đổi, bổ sung một số điều của Quy định Quản lý hoạt động khoa học và công nghệ tại Trường Đại học Bách khoa - Đại học Đà Nẵng ban hành kèm theo Quyết định số 1404/QĐ-ĐHBK ngày 12/5/2021 của Hiệu trưởng Trường Đại học Bách khoa, Đại học Đà Nẵng",1077/QĐ-ĐHBK,06/03/2026,06/03/2026,Trường Đại học Bách khoa,"Quyết định, Quy định",Còn hiệu lực,http://dut.udn.vn/Files/admin/files/VanbanPhapquy/1077 QD sua doi BS mot so dieu cua QD QLHD KH&CN tai Truong DHBK  BH kem theo QD so 1404 QD-DHBK ngay 12.5.2021 cua Hieu truong.pdf,DOWNLOADED
4,"ID LĨNH VỰC TÊN VĂN BẢN SỐ HIỆU NGÀY BAN HÀNH NGÀY HIỆU LỰC CƠ QUAN BAN HÀNH LOẠI TÌNH TRẠNG TẢI VỀ 0461 Đào tạo Thông tư ban hành Quy chế văn bằng chứng chỉ của hệ thống giáo dục quốc dân 10/2026/TT-BGDĐT 26/02/2026 26/02/2026 Bộ Giáo dục và Đào tạo Thông tư Còn hiệu lực 0462 Thi đua, khen thưởng Thông tư quy định chi tiết thi hành một số điều của Luật Thi đua, khen thưởng và Nghị định số 152/2025/NĐ-CP ngày 14/06/2025 của Chính phủ quy định về phân cấp, phân quyền trong lĩnh vực thi đua, khen thưởng; quy định chi tiết và hướng dẫn thi hành một số điều của Luật Thi đua, khen thưởng đối với ngành Giáo dục 07/2026/TT-BGDĐT 15/02/2026 15/02/2026 Bộ Giáo dục và Đào tạo Thông tư Còn hiệu lực 0460 Tuyển sinh Thông tư ban hành Quy chế tuyển sinh các ngành đào tạo trình độ đại học và ngành Giáo dục Mầm non trình độ cao đẳng 06/2026/TT-BGDĐT 15/02/2026 15/02/2026 Bộ Giáo dục và Đào tạo Thông tư Còn hiệu lực 0459 Pháp chế Quyết định Ban hành Kế hoạch phổ biến, giáo dục pháp luật của ngành Giáo dục năm 2026 404/QĐ-BGDĐT 13/02/2026 13/02/2026 Bộ Giáo dục và Đào tạo Quyết định, Quy định Còn hiệu lực 0488 Tổ chức, hành chính Quy chế phối hợp công tác giữa Ban Giám hiệu và Công đoàn Trường Đại học Bách khoa, Đại học Đà Nẵng 783/QC-ĐHBK 13/02/2026 13/02/2026 Trường Đại học Bách khoa Quy chế Còn hiệu lực 0456 Đảm bảo chất lượng, KĐCL Hướng dẫn Khung bảo đảm chất lượng kết quả học tập của người học tại Đại học Đà Nẵng 245/HD-ĐHĐN 23/01/2026 23/01/2026 Đại học Đà Nẵng Hướng dẫn Còn hiệu lực 0455 Công nghệ thông tin, CĐS Quyết định ban hành Kế hoạch thực hiện Nghị quyết số 57-NQ/TW ngày 22/12/2024 của Bộ Chính trị về đột phá phát triển khoa học, công nghệ, đổi mới sáng tạo và chuyển đổi số quốc gia; Nghị quyết số 59-NQ/TW ngày 24/01/2025 của Bộ Chính trị về hội nhập quốc tế trong tình hình mới và Nghị quyết số 71-NQ/TW ngày 22/08/2025 của Bộ Chính trị về đột phá giáo dục và đào tạo 191/QĐ-ĐHĐN 16/01/2026 16/01/2026 Đại học Đà Nẵng Quyết định, Quy định Còn hiệu lực 0454 Thi đua, khen thưởng Quyết định về việc ban hành Bộ tiêu chí đánh giá, chấm điểm thi đua năm 2026 94/QĐ-ĐHĐN 12/01/2026 12/01/2026 Đại học Đà Nẵng Quyết định, Quy định Còn hiệu lực 0457 Tổ chức, hành chính Luật Nhà giáo 2025 73/2025/QH15 01/01/2026 01/01/2026 Quốc hội Luật, Pháp lệnh Còn hiệu lực 0453 Tài chính, kế toán Quyết định về việc sửa đổi, bổ sung một số điều của Quy chế chi tiêu nội bộ của Đại học Đà Nẵng 4809/QĐ-ĐHĐN 29/12/2025 01/01/2026 Đại học Đà Nẵng Quyết định, Quy định Còn hiệu lực",ID,LĨNH VỰC,TÊN VĂN BẢN,SỐ HIỆU,NGÀY BAN HÀNH,NGÀY HIỆU LỰC,CƠ QUAN BAN HÀNH,LOẠI,http://dut.udn.vn/Files/admin/files/VanbanPhapquy/2026m1_639033150439174494DHDN_CVDi_QD_4809_dieu_chinh_QCCTNB.pdf,DOWNLOADED
4,ID,LĨNH VỰC,TÊN VĂN BẢN,SỐ HIỆU,NGÀY BAN HÀNH,NGÀY HIỆU LỰC,CƠ QUAN BAN HÀNH,LOẠI,TÌNH TRẠNG,,NO_PDF
4,0461,Đào tạo,Thông tư ban hành Quy chế văn bằng chứng chỉ của hệ thống giáo dục quốc dân,10/2026/TT-BGDĐT,26/02/2026,26/02/2026,Bộ Giáo dục và Đào tạo,Thông tư,Còn hiệu lực,http://dut.udn.vn/Files/admin/files/VanbanPhapquy/260 - 10 Thong tu ban hanh quy che van bang chung chi cua he thong giao duc quoc dan.pdf,DOWNLOADED
4,0462,"Thi đua, khen thưởng","Thông tư quy định chi tiết thi hành một số điều của Luật Thi đua, khen thưởng và Nghị định số 152/2025/NĐ-CP ngày 14/06/2025 của Chính phủ quy định về phân cấp, phân quyền trong lĩnh vực thi đua, khen thưởng; quy định chi tiết và hướng dẫn thi hành một số điều của Luật Thi đua, khen thưởng đối với ngành Giáo dục",07/2026/TT-BGDĐT,15/02/2026,15/02/2026,Bộ Giáo dục và Đào tạo,Thông tư,Còn hiệu lực,http://dut.udn.vn/Files/admin/files/VanbanPhapquy/256 - 07 TT quy dinh chi tiet thi hanh mot so dieu cua Luat TDKT ND so 152.2025ND-CP ngay 14.6.2025 cua CP.pdf,DOWNLOADED
4,0460,Tuyển sinh,Thông tư ban hành Quy chế tuyển sinh các ngành đào tạo trình độ đại học và ngành Giáo dục Mầm non trình độ cao đẳng,06/2026/TT-BGDĐT,15/02/2026,15/02/2026,Bộ Giáo dục và Đào tạo,Thông tư,Còn hiệu lực,http://dut.udn.vn/Files/admin/files/VanbanPhapquy/235 - 06 TT ban hanh quy che TS cac nganh DT trinh do DH va nganh GDMN trinh do cao dang.pdf,DOWNLOADED
4,0459,Pháp chế,"Quyết định Ban hành Kế hoạch phổ biến, giáo dục pháp luật của ngành Giáo dục năm 2026",404/QĐ-BGDĐT,13/02/2026,13/02/2026,Bộ Giáo dục và Đào tạo,"Quyết định, Quy định",Còn hiệu lực,http://dut.udn.vn/Files/admin/files/VanbanPhapquy/223 - 404 QDBH ke hoach pho bien giao duc phap luat cua nganh GD nam 2026.pdf,DOWNLOADED
4,0488,"Tổ chức, hành chính","Quy chế phối hợp công tác giữa Ban Giám hiệu và Công đoàn Trường Đại học Bách khoa, Đại học Đà Nẵng",783/QC-ĐHBK,13/02/2026,13/02/2026,Trường Đại học Bách khoa,Quy chế,Còn hiệu lực,"http://dut.udn.vn/Files/admin/files/VanbanPhapquy/783 QC phoi hop cong tac giua Ban Giam hieu va cong doan Truong DHBK, DHDN.pdf",DOWNLOADED
4,0456,"Đảm bảo chất lượng, KĐCL",Hướng dẫn Khung bảo đảm chất lượng kết quả học tập của người học tại Đại học Đà Nẵng,245/HD-ĐHĐN,23/01/2026,23/01/2026,Đại học Đà Nẵng,Hướng dẫn,Còn hiệu lực,http://dut.udn.vn/Files/admin/files/VanbanPhapquy/104 - 245 Huong dan khung BDCL ket qua hoc tap cua nguoi hoc tai DHDN.pdf,DOWNLOADED
4,0455,"Công nghệ thông tin, CĐS","Quyết định ban hành Kế hoạch thực hiện Nghị quyết số 57-NQ/TW ngày 22/12/2024 của Bộ Chính trị về đột phá phát triển khoa học, công nghệ, đổi mới sáng tạo và chuyển đổi số quốc gia; Nghị quyết số 59-NQ/TW ngày 24/01/2025 của Bộ Chính trị về hội nhập quốc tế trong tình hình mới và Nghị quyết số 71-NQ/TW ngày 22/08/2025 của Bộ Chính trị về đột phá giáo dục và đào tạo",191/QĐ-ĐHĐN,16/01/2026,16/01/2026,Đại học Đà Nẵng,"Quyết định, Quy định",Còn hiệu lực,"http://dut.udn.vn/Files/admin/files/VanbanPhapquy/81 - 191 QDBH ke hoach thuc hien NQ so 57 - NQ.TW nagy 22.12.2024, NQ so 59-NQ.TW ngay 24.01.2025, NQ so 71-NQ.TW ngay 22.8.2025.pdf",DOWNLOADED
4,0454,"Thi đua, khen thưởng","Quyết định về việc ban hành Bộ tiêu chí đánh giá, chấm điểm thi đua năm 2026",94/QĐ-ĐHĐN,12/01/2026,12/01/2026,Đại học Đà Nẵng,"Quyết định, Quy định",Còn hiệu lực,http://dut.udn.vn/Files/admin/files/VanbanPhapquy/66 - 94 QD ban hanh Bo tieu chi danh gia cham diem thi dua nam 2026.pdf,DOWNLOADED
4,0457,"Tổ chức, hành chính",Luật Nhà giáo 2025,73/2025/QH15,01/01/2026,01/01/2026,Quốc hội,"Luật, Pháp lệnh",Còn hiệu lực,http://dut.udn.vn/Files/admin/files/VanbanPhapquy/Luat Nha giao 2025.pdf,DOWNLOADED
4,0453,"Tài chính, kế toán","Quyết định về việc sửa đổi, bổ sung một số điều của Quy chế chi tiêu nội bộ của Đại học Đà Nẵng",4809/QĐ-ĐHĐN,29/12/2025,01/01/2026,Đại học Đà Nẵng,"Quyết định, Quy định",Còn hiệu lực,http://dut.udn.vn/Files/admin/files/VanbanPhapquy/2026m1_639033150439174494DHDN_CVDi_QD_4809_dieu_chinh_QCCTNB.pdf,DOWNLOADED
5,"ID LĨNH VỰC TÊN VĂN BẢN SỐ HIỆU NGÀY BAN HÀNH NGÀY HIỆU LỰC CƠ QUAN BAN HÀNH LOẠI TÌNH TRẠNG TẢI VỀ 0451 Tổ chức, hành chính Quyết định về việc công bố thủ tục hành chính được sửa đổi, bổ sung hoặc thay thế lĩnh vực giáo dục và đào tạo thuộc hệ thống giáo dục quốc dân thuộc phạm vi, chức năng quản lý của Bộ Giáo dục và Đào tạo 3571/QĐ-BGDĐT 26/12/2025 26/12/2025 Bộ Giáo dục và Đào tạo Quyết định, Quy định Còn hiệu lực 0452 Đào tạo Quyết định về việc sửa đổi, bổ sung một số điều của Quy chế tuyển sinh đại học vừa làm vừa học ban hành kèm theo Quyết định số 4481/QĐ-ĐHĐN ngày 18/11/2022 của Giám đốc Đại học Đà Nẵng 4757/QĐ-ĐHĐN 24/12/2025 24/12/2025 Đại học Đà Nẵng Quyết định, Quy định Còn hiệu lực 0458 Tổ chức, hành chính Luật sửa đổi, bổ sung một số điều của Luật Giáo dục số 43/2019/QH14 123/2025/QH15 10/12/2025 10/12/2025 Quốc hội Luật, Pháp lệnh Còn hiệu lực 0484 Tổ chức, hành chính Luật Viên chức 129/2025/QH15 10/12/2025 01/07/2026 Quốc hội Luật, Pháp lệnh Còn hiệu lực 0450 Hợp tác quốc tế Thông tư ban hành Quy chế quản lý việc đi công tác nước ngoài của các đơn vị thuộc và trực thuộc Bộ Giáo dục và Đào tạo 25/2025/TT-BGDĐT 28/11/2025 28/11/2025 Bộ Giáo dục và Đào tạo Thông tư Còn hiệu lực 0449 Tài chính, kế toán Quyết định ban hành các khoản thu, mức thu tại Ký túc xá Trường Đại học Bách khoa, Đại học Đà Nẵng 5543/QĐ-ĐHBK 11/11/2025 11/11/2025 Trường Đại học Bách khoa Quyết định, Quy định Còn hiệu lực 0448 Tổ chức, hành chính Quyết định ban hành Chiến lược phát triển của Trường Đại học Bách khoa, Đại học Đà Nẵng giai đoạn 2025-2030, tầm nhìn đến 2045 5247/QĐ-ĐHBK 24/10/2025 24/10/2025 Trường Đại học Bách khoa Quyết định, Quy định Còn hiệu lực 0445 Tổ chức, hành chính Quyết định sửa đổi, bổ sung một số điều của Quy chế công nhận, bổ nhiệm, bổ nhiệm lại, kéo dài thời gian giữ chức vụ, thôi giữ chức vụ, miễn nhiệm viên chức giữ chức vụ lãnh đạo, quản lý của Đại học Đà Nẵng 3699/QĐ-ĐHĐN 26/09/2025 26/09/2025 Đại học Đà Nẵng Quyết định, Quy định Còn hiệu lực 0446 Tài chính, kế toán Quyết định về việc ban hành chính sách miễn học phí đào tạo thạc sĩ từ khóa tuyển sinh 50 4532/QĐ-ĐHBK 12/09/2025 12/09/2025 Trường Đại học Bách khoa Quyết định, Quy định Còn hiệu lực 0443 Tổ chức, hành chính Quyết định ban hành Quy định chức năng, nhiệm vụ của các đơn vị chức năng thuộc Trường Đại học Bách khoa, Đại học Đà Nẵng 4303/QĐ-ĐHBK 29/08/2025 29/08/2025 Trường Đại học Bách khoa Quyết định, Quy định Còn hiệu lực",ID,LĨNH VỰC,TÊN VĂN BẢN,SỐ HIỆU,NGÀY BAN HÀNH,NGÀY HIỆU LỰC,CƠ QUAN BAN HÀNH,LOẠI,"http://dut.udn.vn/Files/admin/files/VanbanPhapquy/4303 QD ban hanh quy dinh chuc nang nhiem vu cua cac don vi chuc nang thuoc Truong DHBK, DHDN.PDF",DOWNLOADED
5,ID,LĨNH VỰC,TÊN VĂN BẢN,SỐ HIỆU,NGÀY BAN HÀNH,NGÀY HIỆU LỰC,CƠ QUAN BAN HÀNH,LOẠI,TÌNH TRẠNG,,NO_PDF
5,0451,"Tổ chức, hành chính","Quyết định về việc công bố thủ tục hành chính được sửa đổi, bổ sung hoặc thay thế lĩnh vực giáo dục và đào tạo thuộc hệ thống giáo dục quốc dân thuộc phạm vi, chức năng quản lý của Bộ Giáo dục và Đào tạo",3571/QĐ-BGDĐT,26/12/2025,26/12/2025,Bộ Giáo dục và Đào tạo,"Quyết định, Quy định",Còn hiệu lực,"http://dut.udn.vn/Files/admin/files/VanbanPhapquy/1929 - 3571 QD cong bo thu tuc HC duoc SĐ, BS hoacTTGD&ĐT thuoc HTGDQD thuoc PVQL cua Bo GD&ĐT.pdf",DOWNLOADED
5,0452,Đào tạo,"Quyết định về việc sửa đổi, bổ sung một số điều của Quy chế tuyển sinh đại học vừa làm vừa học ban hành kèm theo Quyết định số 4481/QĐ-ĐHĐN ngày 18/11/2022 của Giám đốc Đại học Đà Nẵng",4757/QĐ-ĐHĐN,24/12/2025,24/12/2025,Đại học Đà Nẵng,"Quyết định, Quy định",Còn hiệu lực,http://dut.udn.vn/Files/admin/files/VanbanPhapquy/1934 - 4757 QD sua doi BS mot so dieu cua Quy che TS ĐHVLVH ban hanh kem theo QD so 4481.QD-DHDN ngay 18.11.2022 cua GĐ DHDN.pdf,DOWNLOADED
5,0458,"Tổ chức, hành chính","Luật sửa đổi, bổ sung một số điều của Luật Giáo dục số 43/2019/QH14",123/2025/QH15,10/12/2025,10/12/2025,Quốc hội,"Luật, Pháp lệnh",Còn hiệu lực,http://dut.udn.vn/Files/admin/files/VanbanPhapquy/Luat sua doi bo sung mot so dieu cua Luat Giao duc.pdf,DOWNLOADED
5,0484,"Tổ chức, hành chính",Luật Viên chức,129/2025/QH15,10/12/2025,01/07/2026,Quốc hội,"Luật, Pháp lệnh",Còn hiệu lực,http://dut.udn.vn/Files/admin/files/VanbanPhapquy/Luat vien chuc năm 2025.pdf,DOWNLOADED
5,0450,Hợp tác quốc tế,Thông tư ban hành Quy chế quản lý việc đi công tác nước ngoài của các đơn vị thuộc và trực thuộc Bộ Giáo dục và Đào tạo,25/2025/TT-BGDĐT,28/11/2025,28/11/2025,Bộ Giáo dục và Đào tạo,Thông tư,Còn hiệu lực,http://dut.udn.vn/Files/admin/files/VanbanPhapquy/1802 - 25 TT ban hanh Quy che quan ly viec di cong tac nuoc ngoai cua cac don vi thuoc va truc thuoc Bo GD&ĐT.PDF,DOWNLOADED
5,0449,"Tài chính, kế toán","Quyết định ban hành các khoản thu, mức thu tại Ký túc xá Trường Đại học Bách khoa, Đại học Đà Nẵng",5543/QĐ-ĐHBK,11/11/2025,11/11/2025,Trường Đại học Bách khoa,"Quyết định, Quy định",Còn hiệu lực,"http://dut.udn.vn/Files/admin/files/VanbanPhapquy/5543-QĐ ĐHBK Vv ban hành các khoản thu, mức thu tại KTX Trường ĐHBK.pdf",DOWNLOADED
5,0448,"Tổ chức, hành chính","Quyết định ban hành Chiến lược phát triển của Trường Đại học Bách khoa, Đại học Đà Nẵng giai đoạn 2025-2030, tầm nhìn đến 2045",5247/QĐ-ĐHBK,24/10/2025,24/10/2025,Trường Đại học Bách khoa,"Quyết định, Quy định",Còn hiệu lực,http://dut.udn.vn/Files/admin/files/VanbanPhapquy/5274 QD BH chien luoc phat trien Truong DHBK DHDN GD 2025 2030 tam nhin den nam 2045.PDF,DOWNLOADED
5,0445,"Tổ chức, hành chính","Quyết định sửa đổi, bổ sung một số điều của Quy chế công nhận, bổ nhiệm, bổ nhiệm lại, kéo dài thời gian giữ chức vụ, thôi giữ chức vụ, miễn nhiệm viên chức giữ chức vụ lãnh đạo, quản lý của Đại học Đà Nẵng",3699/QĐ-ĐHĐN,26/09/2025,26/09/2025,Đại học Đà Nẵng,"Quyết định, Quy định",Còn hiệu lực,http://dut.udn.vn/Files/admin/files/VanbanPhapquy/1437 - 3699 QD sua doi BS mot so dieu cua QC cong nhan BN BN lai keo dai TG giu CV thoi giu CV mien nhiem VC giu CVLDQL cua DHDN.PDF,DOWNLOADED
5,0446,"Tài chính, kế toán",Quyết định về việc ban hành chính sách miễn học phí đào tạo thạc sĩ từ khóa tuyển sinh 50,4532/QĐ-ĐHBK,12/09/2025,12/09/2025,Trường Đại học Bách khoa,"Quyết định, Quy định",Còn hiệu lực,http://dut.udn.vn/Files/admin/files/VanbanPhapquy/4532 QĐ-ĐHBK Vv ban hành chính sách miễn học phí đào tạo thạc sĩ từ khóa tuyển sinh 50_0001.pdf,DOWNLOADED
5,0443,"Tổ chức, hành chính","Quyết định ban hành Quy định chức năng, nhiệm vụ của các đơn vị chức năng thuộc Trường Đại học Bách khoa, Đại học Đà Nẵng",4303/QĐ-ĐHBK,29/08/2025,29/08/2025,Trường Đại học Bách khoa,"Quyết định, Quy định",Còn hiệu lực,"http://dut.udn.vn/Files/admin/files/VanbanPhapquy/4303 QD ban hanh quy dinh chuc nang nhiem vu cua cac don vi chuc nang thuoc Truong DHBK, DHDN.PDF",DOWNLOADED
6,"ID LĨNH VỰC TÊN VĂN BẢN SỐ HIỆU NGÀY BAN HÀNH NGÀY HIỆU LỰC CƠ QUAN BAN HÀNH LOẠI TÌNH TRẠNG TẢI VỀ 0442 Tổ chức, hành chính Quyết định ban hành Kế hoạch nhiệm vụ, giải pháp trọng tâm năm học 2025-2026 của ngành Giáo dục 2358/QĐ-BGDĐT 20/08/2025 20/08/2025 Bộ Giáo dục và Đào tạo Quyết định, Quy định Còn hiệu lực 0444 Cơ sở vật chất, xây dựng Quyết định ban hành quy định hồ sơ, thủ tục thực hiện và hồ sơ thanh toán mua sắm, sửa chữa thường xuyên dưới 500 triệu đồng tại Trường Đại học Bách khoa, Đại học Đà Nẵng 3868/QĐ-ĐHBK 05/08/2025 05/08/2025 Trường Đại học Bách khoa Quyết định, Quy định Còn hiệu lực 0441 Đảm bảo chất lượng, KĐCL Quyết định sửa đổi, bổ sung một số điều tại ""Quy định về liêm chính học thuật của Trường Đại học Bách khoa, Đại học Đà Nẵng"" 3707/QĐ-ĐHBK 25/07/2025 25/07/2025 Trường Đại học Bách khoa Quyết định, Quy định Còn hiệu lực 0447 Thanh tra, kiểm tra Luật Thanh tra 2025 84/2025/QH15 01/07/2025 01/07/2025 Quốc hội Luật, Pháp lệnh Còn hiệu lực 0440 Tổ chức, hành chính Quyết định ban hành Quy chế đánh giá, xếp loại chất lượng hằng năm đối với đơn vị và công chức, viên chức, người lao động của Bộ Giáo dục và Đào tạo 1818/QĐ-BGDĐT 30/06/2025 30/06/2025 Bộ Giáo dục và Đào tạo Quyết định, Quy định Còn hiệu lực 0439 Công nghệ thông tin, CĐS Quyết định ban hành Quy chế bảo đảm an toàn thông tin và an ninh mạng của Đại học Đà Nẵng 2453/QĐ-ĐHBK 26/06/2025 26/06/2025 Đại học Đà Nẵng Quyết định, Quy định Còn hiệu lực 0438 Tổ chức, hành chính Công văn về việc chuyển đổi vị trí công tác trong Đại học Đà Nẵng 2157/ĐHĐN-TCCB 09/06/2025 09/06/2025 Đại học Đà Nẵng Công văn Còn hiệu lực 0437 Tổ chức, hành chính Nghị quyết ban hành Quy chế thực hiện dân chủ trong hoạt động của Đại học Đà Nẵng 32/NQ-HĐĐH 02/06/2025 02/06/2025 Đại học Đà Nẵng Nghị quyết Còn hiệu lực 0436 Tổ chức, hành chính Quyết định ban hành quy định về nghỉ hưu, kéo dài thời gian công tác đối với viên chức, người lao động của Đại học Đà Nẵng 1974/QĐ-ĐHĐN 27/05/2025 27/05/2025 Đại học Đà Nẵng Quyết định, Quy định Còn hiệu lực 0429 Hợp tác quốc tế Quyết định ban hành Quy dịnh về công tác quản lý hoạt động hợp tác quốc tế  tại Đại học Đà Nẵng 1899/QĐ-ĐHĐN 21/05/2025 21/05/2025 Đại học Đà Nẵng Quyết định, Quy định Còn hiệu lực",ID,LĨNH VỰC,TÊN VĂN BẢN,SỐ HIỆU,NGÀY BAN HÀNH,NGÀY HIỆU LỰC,CƠ QUAN BAN HÀNH,LOẠI,http://dut.udn.vn/Files/admin/files/VanbanPhapquy/823 - 1899 QD ban hanh Quy dinh ve cong tac QL hoat dong HTQT tai DHDN.PDF,DOWNLOADED
6,ID,LĨNH VỰC,TÊN VĂN BẢN,SỐ HIỆU,NGÀY BAN HÀNH,NGÀY HIỆU LỰC,CƠ QUAN BAN HÀNH,LOẠI,TÌNH TRẠNG,,NO_PDF
6,0442,"Tổ chức, hành chính","Quyết định ban hành Kế hoạch nhiệm vụ, giải pháp trọng tâm năm học 2025-2026 của ngành Giáo dục",2358/QĐ-BGDĐT,20/08/2025,20/08/2025,Bộ Giáo dục và Đào tạo,"Quyết định, Quy định",Còn hiệu lực,"http://dut.udn.vn/Files/admin/files/VanbanPhapquy/1268 - 2358 QDBH ke hoach nhiem vu giai phap trong tam, nam hoc 2025 - 2026 cua nganh Giao duc.PDF",DOWNLOADED
6,0444,"Cơ sở vật chất, xây dựng","Quyết định ban hành quy định hồ sơ, thủ tục thực hiện và hồ sơ thanh toán mua sắm, sửa chữa thường xuyên dưới 500 triệu đồng tại Trường Đại học Bách khoa, Đại học Đà Nẵng",3868/QĐ-ĐHBK,05/08/2025,05/08/2025,Trường Đại học Bách khoa,"Quyết định, Quy định",Còn hiệu lực,"http://dut.udn.vn/Files/admin/files/VanbanPhapquy/3868 QDBH quy dinh ho so thu tuc thuc hien va HSTT mua sam sua chua thuong xuyen duoi 500 trieu dong tai Truong DHBK , DHDN.PDF",DOWNLOADED
6,0441,"Đảm bảo chất lượng, KĐCL","Quyết định sửa đổi, bổ sung một số điều tại ""Quy định về liêm chính học thuật của Trường Đại học Bách khoa, Đại học Đà Nẵng""",3707/QĐ-ĐHBK,25/07/2025,25/07/2025,Trường Đại học Bách khoa,"Quyết định, Quy định",Còn hiệu lực,"http://dut.udn.vn/Files/admin/files/VanbanPhapquy/3707 QD sua doi, bo sung mot so dieu tai Quy dinh ve liem chinh hoc thuat cua Truong DHBK, DHDN.PDF",DOWNLOADED
6,0447,"Thanh tra, kiểm tra",Luật Thanh tra 2025,84/2025/QH15,01/07/2025,01/07/2025,Quốc hội,"Luật, Pháp lệnh",Còn hiệu lực,http://dut.udn.vn/Files/admin/files/VanbanPhapquy/1. Luat Thanh tra 2025.pdf,DOWNLOADED
6,0440,"Tổ chức, hành chính","Quyết định ban hành Quy chế đánh giá, xếp loại chất lượng hằng năm đối với đơn vị và công chức, viên chức, người lao động của Bộ Giáo dục và Đào tạo",1818/QĐ-BGDĐT,30/06/2025,30/06/2025,Bộ Giáo dục và Đào tạo,"Quyết định, Quy định",Còn hiệu lực,http://dut.udn.vn/Files/admin/files/VanbanPhapquy/1818_QD_BGDDT.signed.pdf,DOWNLOADED
6,0439,"Công nghệ thông tin, CĐS",Quyết định ban hành Quy chế bảo đảm an toàn thông tin và an ninh mạng của Đại học Đà Nẵng,2453/QĐ-ĐHBK,26/06/2025,26/06/2025,Đại học Đà Nẵng,"Quyết định, Quy định",Còn hiệu lực,http://dut.udn.vn/Files/admin/files/VanbanPhapquy/2453-qd-ban-hanh-quy-che-bao-dam-an-toan-thong-tin-mang-va-an-ninh-mang-cua-dhdn_1750938469.pdf,DOWNLOADED
6,0438,"Tổ chức, hành chính",Công văn về việc chuyển đổi vị trí công tác trong Đại học Đà Nẵng,2157/ĐHĐN-TCCB,09/06/2025,09/06/2025,Đại học Đà Nẵng,Công văn,Còn hiệu lực,http://dut.udn.vn/Files/admin/files/VanbanPhapquy/918 - 2157 Chuyen doi vi tri cong tac trong Dai hoc Da Nang.PDF,DOWNLOADED
6,0437,"Tổ chức, hành chính",Nghị quyết ban hành Quy chế thực hiện dân chủ trong hoạt động của Đại học Đà Nẵng,32/NQ-HĐĐH,02/06/2025,02/06/2025,Đại học Đà Nẵng,Nghị quyết,Còn hiệu lực,http://dut.udn.vn/Files/admin/files/VanbanPhapquy/2025m6_638847978060803701DHDN_CVDi_2025-32-nq-hddh-0206-ban-hanh-quy-che-dan-chu-trong-hoat-dong-cua-dhdn_1748944496.pdf,DOWNLOADED
6,0436,"Tổ chức, hành chính","Quyết định ban hành quy định về nghỉ hưu, kéo dài thời gian công tác đối với viên chức, người lao động của Đại học Đà Nẵng",1974/QĐ-ĐHĐN,27/05/2025,27/05/2025,Đại học Đà Nẵng,"Quyết định, Quy định",Còn hiệu lực,http://dut.udn.vn/Files/admin/files/VanbanPhapquy/849 - 1974 QDBH quy dinh ve nghi huu keo dai thoi gian cong tac doi voi VC nguoi lao dong cua DHDN.PDF,DOWNLOADED
6,0429,Hợp tác quốc tế,Quyết định ban hành Quy dịnh về công tác quản lý hoạt động hợp tác quốc tế  tại Đại học Đà Nẵng,1899/QĐ-ĐHĐN,21/05/2025,21/05/2025,Đại học Đà Nẵng,"Quyết định, Quy định",Còn hiệu lực,http://dut.udn.vn/Files/admin/files/VanbanPhapquy/823 - 1899 QD ban hanh Quy dinh ve cong tac QL hoat dong HTQT tai DHDN.PDF,DOWNLOADED
7,"ID LĨNH VỰC TÊN VĂN BẢN SỐ HIỆU NGÀY BAN HÀNH NGÀY HIỆU LỰC CƠ QUAN BAN HÀNH LOẠI TÌNH TRẠNG TẢI VỀ 0427 Đào tạo Quyết định ban hành Chuẩn chương trình đào tạo về vi mạch bán dẫn trình độ đại học, thạc sĩ 1314/QĐ-BGDĐT 13/05/2025 13/05/2025 Bộ Giáo dục và Đào tạo Quyết định, Quy định Còn hiệu lực 0428 Tổ chức, hành chính Thông tư quy định thời hạn lưu trữ hồ sơ, tài liệu thuộc lĩnh vực giáo dục và đào tạo 08/2025/TT-BGDĐT 12/05/2025 12/05/2025 Bộ Giáo dục và Đào tạo Thông tư Còn hiệu lực 0430 Tổ chức, hành chính Quyết định quy định danh mục và thời hạn định kỳ chuyển đổi vị trí công tác trong các đơn vị thuộc và trực thuộc Bộ Giáo dục và Đào tạo 1236/QĐ-BGDĐT 08/05/2025 08/05/2025 Bộ Giáo dục và Đào tạo Quyết định, Quy định Còn hiệu lực 0426 Tổ chức, hành chính Quyết định về việc ban hành Quy định quản lý và sử dụng chứng thư chữ ký số, chữ ký số tại Trường Đại học Bách khoa, Đại học Đà Nẵng 2155/QĐ-ĐHBK 05/05/2025 05/05/2025 Trường Đại học Bách khoa Quyết định, Quy định Còn hiệu lực 0425 Tổ chức, hành chính Quyết định về việc công bố thủ tục hành chính nội bộ trong hệ thống hành chính nhà nước lĩnh vực giáo dục và đào tạo; kế hoạch và đầu tư; tài chính thuộc phạm vi chức năng quản lý của Bộ Giáo dục và Đào tạo 1195/QĐ-BGDĐT 29/04/2025 29/04/2025 Bộ Giáo dục và Đào tạo Quyết định, Quy định Còn hiệu lực 0424 Tổ chức, hành chính Quyết định ban hành Chương trình thực hành tiết kiệm, chống lãng phí năm 2025 của Trường Đại học Bách khoa, ĐHĐN 2061/QĐ-ĐHBK 26/04/2025 26/04/2025 Trường Đại học Bách khoa Quyết định, Quy định Còn hiệu lực 0423 Tổ chức, hành chính Quyết định về việc công bố thủ tục hành chính nội bộ trong hệ thống hành chính nhà nước lĩnh vực chế độ, chính sách đối với nhà giáo thuộc phạm vi chức năng quản lý của Bộ Giáo dục và Đào tạo 1137/QĐ-BGDĐT 24/04/2025 24/04/2025 Bộ Giáo dục và Đào tạo Quyết định, Quy định Còn hiệu lực 0422 Tổ chức, hành chính Quyết định ban hành Chương trình thực hành tiết kiệm, chống lãng phí năm 2025 của Đại học Đà Nẵng 1353/QĐ-ĐHĐN 14/04/2025 14/04/2025 Trường Đại học Bách khoa Quyết định, Quy định Còn hiệu lực 0431 Tài chính, kế toán Quyết định về việc sửa đổi, bổ sung một số nội dung của Phụ lục Quy chế chi tiêu nội bộ của Đại học Đà Nẵng 1351/QĐ-ĐHĐN 14/04/2025 01/03/2025 Đại học Đà Nẵng Quyết định, Quy định Còn hiệu lực 0418 Tài chính, kế toán Quyết định về việc sửa đổi, bổ sung một số điều của Quy chế chi tiêu nội bộ của Trường Đại học Bách khoa, Đại học Đà Nẵng 1690/QĐ-ĐHBK 09/04/2025 09/04/2025 Trường Đại học Bách khoa Quyết định, Quy định Còn hiệu lực",ID,LĨNH VỰC,TÊN VĂN BẢN,SỐ HIỆU,NGÀY BAN HÀNH,NGÀY HIỆU LỰC,CƠ QUAN BAN HÀNH,LOẠI,http://dut.udn.vn/Files/admin/files/VanbanPhapquy/1690 QD sua doi bo sung mot so cua Quy che chi tieu noi bo cua Truong DHBK - DHDN.PDF,DOWNLOADED
7,ID,LĨNH VỰC,TÊN VĂN BẢN,SỐ HIỆU,NGÀY BAN HÀNH,NGÀY HIỆU LỰC,CƠ QUAN BAN HÀNH,LOẠI,TÌNH TRẠNG,,NO_PDF
7,0427,Đào tạo,"Quyết định ban hành Chuẩn chương trình đào tạo về vi mạch bán dẫn trình độ đại học, thạc sĩ",1314/QĐ-BGDĐT,13/05/2025,13/05/2025,Bộ Giáo dục và Đào tạo,"Quyết định, Quy định",Còn hiệu lực,http://dut.udn.vn/Files/admin/files/VanbanPhapquy/775 - 1314 QDBH chuan chuong trinh dao tao ve vi mach ban dan trinh do dai hoc thac si.PDF,DOWNLOADED
7,0428,"Tổ chức, hành chính","Thông tư quy định thời hạn lưu trữ hồ sơ, tài liệu thuộc lĩnh vực giáo dục và đào tạo",08/2025/TT-BGDĐT,12/05/2025,12/05/2025,Bộ Giáo dục và Đào tạo,Thông tư,Còn hiệu lực,http://dut.udn.vn/Files/admin/files/VanbanPhapquy/08_2025_TT_BGDDT.signed.pdf,DOWNLOADED
7,0430,"Tổ chức, hành chính",Quyết định quy định danh mục và thời hạn định kỳ chuyển đổi vị trí công tác trong các đơn vị thuộc và trực thuộc Bộ Giáo dục và Đào tạo,1236/QĐ-BGDĐT,08/05/2025,08/05/2025,Bộ Giáo dục và Đào tạo,"Quyết định, Quy định",Còn hiệu lực,http://dut.udn.vn/Files/admin/files/VanbanPhapquy/2025m5_100000000.533424PBQPPL_CVD_1598-1236-qd-bgddt_1746690133.pdf,DOWNLOADED
7,0426,"Tổ chức, hành chính","Quyết định về việc ban hành Quy định quản lý và sử dụng chứng thư chữ ký số, chữ ký số tại Trường Đại học Bách khoa, Đại học Đà Nẵng",2155/QĐ-ĐHBK,05/05/2025,05/05/2025,Trường Đại học Bách khoa,"Quyết định, Quy định",Còn hiệu lực,"http://dut.udn.vn/Files/admin/files/VanbanPhapquy/2155 QDBH quy dinh QL va SD chung thu chu ky so chu ky so tai Truong DHBK, DHDN.PDF",DOWNLOADED
7,0425,"Tổ chức, hành chính",Quyết định về việc công bố thủ tục hành chính nội bộ trong hệ thống hành chính nhà nước lĩnh vực giáo dục và đào tạo; kế hoạch và đầu tư; tài chính thuộc phạm vi chức năng quản lý của Bộ Giáo dục và Đào tạo,1195/QĐ-BGDĐT,29/04/2025,29/04/2025,Bộ Giáo dục và Đào tạo,"Quyết định, Quy định",Còn hiệu lực,http://dut.udn.vn/Files/admin/files/VanbanPhapquy/1195_QD_BGDDT.signed.pdf,DOWNLOADED
7,0424,"Tổ chức, hành chính","Quyết định ban hành Chương trình thực hành tiết kiệm, chống lãng phí năm 2025 của Trường Đại học Bách khoa, ĐHĐN",2061/QĐ-ĐHBK,26/04/2025,26/04/2025,Trường Đại học Bách khoa,"Quyết định, Quy định",Còn hiệu lực,http://dut.udn.vn/Files/admin/files/VanbanPhapquy/2061 QDBH chuong trinh thuc hanh tiet kiem chong lang phi nam 2025 cua Truong DHBK - DHDN.pdf,DOWNLOADED
7,0423,"Tổ chức, hành chính","Quyết định về việc công bố thủ tục hành chính nội bộ trong hệ thống hành chính nhà nước lĩnh vực chế độ, chính sách đối với nhà giáo thuộc phạm vi chức năng quản lý của Bộ Giáo dục và Đào tạo",1137/QĐ-BGDĐT,24/04/2025,24/04/2025,Bộ Giáo dục và Đào tạo,"Quyết định, Quy định",Còn hiệu lực,http://dut.udn.vn/Files/admin/files/VanbanPhapquy/1137_QD_BGDDT.signed.pdf,DOWNLOADED
7,0422,"Tổ chức, hành chính","Quyết định ban hành Chương trình thực hành tiết kiệm, chống lãng phí năm 2025 của Đại học Đà Nẵng",1353/QĐ-ĐHĐN,14/04/2025,14/04/2025,Trường Đại học Bách khoa,"Quyết định, Quy định",Còn hiệu lực,http://dut.udn.vn/Files/admin/files/VanbanPhapquy/611 - 1353 QDBH chuong trinh thuc hanh tiet kiem chong lang phi nam2025 cua DHDN.PDF,DOWNLOADED
7,0431,"Tài chính, kế toán","Quyết định về việc sửa đổi, bổ sung một số nội dung của Phụ lục Quy chế chi tiêu nội bộ của Đại học Đà Nẵng",1351/QĐ-ĐHĐN,14/04/2025,01/03/2025,Đại học Đà Nẵng,"Quyết định, Quy định",Còn hiệu lực,http://dut.udn.vn/Files/admin/files/VanbanPhapquy/2025m4_638803867122502826DHDN_CVDi_qd-sua-doi-bo-sung-pl-qcctnb-dhdn_1744624838.pdf,DOWNLOADED
7,0418,"Tài chính, kế toán","Quyết định về việc sửa đổi, bổ sung một số điều của Quy chế chi tiêu nội bộ của Trường Đại học Bách khoa, Đại học Đà Nẵng",1690/QĐ-ĐHBK,09/04/2025,09/04/2025,Trường Đại học Bách khoa,"Quyết định, Quy định",Còn hiệu lực,http://dut.udn.vn/Files/admin/files/VanbanPhapquy/1690 QD sua doi bo sung mot so cua Quy che chi tieu noi bo cua Truong DHBK - DHDN.PDF,DOWNLOADED
8,"ID LĨNH VỰC TÊN VĂN BẢN SỐ HIỆU NGÀY BAN HÀNH NGÀY HIỆU LỰC CƠ QUAN BAN HÀNH LOẠI TÌNH TRẠNG TẢI VỀ 0421 Đào tạo Kế hoạch triển khai thực hiện Quyết định số 1705/QĐ-TTg ngày 31/12/2024 của Thủ tường Chính phủ về Chiến lược phát triển Giáo dục đến năm 2030, tầm nhìn đến năm 20245 104/KH-UBND 09/04/2025 09/04/2025 Thành phố Đà Nẵng Kế hoạch Còn hiệu lực 0420 Công nghệ thông tin, CĐS Quyết định ban hành Kế hoạch hành động thực hiện Kế hoạch số 01-KH/BCĐTW ngày 21/03/2025 về Triển khai Phong trào ""Bình dân học vụ số"" của Ban Chỉ đạo Trung ương  về phát triển khoa học, công nghệ, đổi mới sáng tạo và chuyển đổi số 899/QĐ-BGDĐT 04/04/2025 04/04/2025 Bộ Giáo dục và Đào tạo Quyết định, Quy định Còn hiệu lực 0419 Cơ sở vật chất, xây dựng Quyết định về việc ban hành kế hoạch giải ngân vốn đầu tư công nguồn ngân sách trung ương năm 2025 của các dự án đã được giao kế hoạch 830/QĐ-BGDĐT 28/03/2025 28/03/2025 Bộ Giáo dục và Đào tạo Quyết định, Quy định Còn hiệu lực 0416 Đào tạo Quyết định ban hành Quy định tổ chức và quản lý đào tạo trình độ Đại học của Trường Đại học Bách khoa, Đại học Đà Nẵng 1214/QĐ-ĐHBK 18/03/2025 18/03/2025 Trường Đại học Bách khoa Quyết định, Quy định Còn hiệu lực 0415 Tài chính, kế toán Quyết định công bố công khai quyết toán ngân sách nhà nước năm 2023 của Đại học Đà Nẵng 890/QĐ-ĐHĐN 12/03/2025 12/03/2025 Đại học Đà Nẵng Quyết định, Quy định Còn hiệu lực 0413 Tài chính, kế toán Quyết định công bố công khai quyết toán ngân sách nhà nước năm 2023 của Bộ Giáo dục và Đào tạo 534/QĐ-BGDĐT 28/02/2025 28/02/2025 Đại học Đà Nẵng Quyết định, Quy định Còn hiệu lực 0414 Tài chính, kế toán Quyết định phân bổ chi tiết kế hoạch đầu tư vốn ngân sách trung ương năm 2025 (đợt 2) 538/QĐ-BGDĐT 28/02/2025 28/02/2025 Bộ Giáo dục và Đào tạo Quyết định, Quy định Còn hiệu lực 0412 Tài chính, kế toán Quyết định công bố công khai dự toán ngân sách nhà nước năm 2025 của Đại học Đà Nẵng 576/QĐ-ĐHĐN 25/02/2025 25/02/2025 Đại học Đà Nẵng Quyết định, Quy định Còn hiệu lực 0417 Tài chính, kế toán Quyết định về việc ban hành quy định hồ sơ, thủ tục thực hiện và hồ sơ thanh toán mua sắm, sửa chữa thường xuyên dưới 300 triệu đồng tại Trường Đại học Bách khoa, Đại học Đà Nẵng 760/QĐ-ĐHBK 21/02/2025 21/02/2025 Trường Đại học Bách khoa Quyết định, Quy định Hết hiệu lực 05/08/2025 0411 Đảm bảo chất lượng, KĐCL Thông tư Quy định về kiểm định chất lượng chương trình đào tạo các trình độ của giáo dục đại hoc 04/2025/TT-BGDĐT 17/02/2025 17/02/2025 Bộ Giáo dục và Đào tạo Thông tư Còn hiệu lực",ID,LĨNH VỰC,TÊN VĂN BẢN,SỐ HIỆU,NGÀY BAN HÀNH,NGÀY HIỆU LỰC,CƠ QUAN BAN HÀNH,LOẠI,http://dut.udn.vn/Files/admin/files/VanbanPhapquy/226-04 TT quy dinh ve kiem dinh CL chuong trinh cac trinh do cua GDDH.pdf,DOWNLOADED
8,ID,LĨNH VỰC,TÊN VĂN BẢN,SỐ HIỆU,NGÀY BAN HÀNH,NGÀY HIỆU LỰC,CƠ QUAN BAN HÀNH,LOẠI,TÌNH TRẠNG,,NO_PDF
8,0421,Đào tạo,"Kế hoạch triển khai thực hiện Quyết định số 1705/QĐ-TTg ngày 31/12/2024 của Thủ tường Chính phủ về Chiến lược phát triển Giáo dục đến năm 2030, tầm nhìn đến năm 20245",104/KH-UBND,09/04/2025,09/04/2025,Thành phố Đà Nẵng,Kế hoạch,Còn hiệu lực,http://dut.udn.vn/Files/admin/files/VanbanPhapquy/576 - 104 KHTrK thuc hien QD so 1705 QD-TTg ngay 31.12.2024 cua TTGCP ve chien luoc PTGD den nam 2030 tam nhin nam 2045.PDF,DOWNLOADED
8,0420,"Công nghệ thông tin, CĐS","Quyết định ban hành Kế hoạch hành động thực hiện Kế hoạch số 01-KH/BCĐTW ngày 21/03/2025 về Triển khai Phong trào ""Bình dân học vụ số"" của Ban Chỉ đạo Trung ương  về phát triển khoa học, công nghệ, đổi mới sáng tạo và chuyển đổi số",899/QĐ-BGDĐT,04/04/2025,04/04/2025,Bộ Giáo dục và Đào tạo,"Quyết định, Quy định",Còn hiệu lực,http://dut.udn.vn/Files/admin/files/VanbanPhapquy/531 - 899 QDBHKH hanh dong thuc hien KH so 01-KHBCDTW ngay 21-3-2025 ve TrKPT Binh dan hoc vu so.PDF,DOWNLOADED
8,0419,"Cơ sở vật chất, xây dựng",Quyết định về việc ban hành kế hoạch giải ngân vốn đầu tư công nguồn ngân sách trung ương năm 2025 của các dự án đã được giao kế hoạch,830/QĐ-BGDĐT,28/03/2025,28/03/2025,Bộ Giáo dục và Đào tạo,"Quyết định, Quy định",Còn hiệu lực,http://dut.udn.vn/Files/admin/files/VanbanPhapquy/507 - 830 QDBH ke hoach giai ngan von dau tu cong nguon NSTW nam 2025 cua cac du an da duoc giao KH.PDF,DOWNLOADED
8,0416,Đào tạo,"Quyết định ban hành Quy định tổ chức và quản lý đào tạo trình độ Đại học của Trường Đại học Bách khoa, Đại học Đà Nẵng",1214/QĐ-ĐHBK,18/03/2025,18/03/2025,Trường Đại học Bách khoa,"Quyết định, Quy định",Còn hiệu lực,http://dut.udn.vn/Files/admin/files/VanbanPhapquy/1214 QDBH quy dinh TC va QLDT trinh do DH cua Truong DHBK - DHDN.PDF,DOWNLOADED
8,0415,"Tài chính, kế toán",Quyết định công bố công khai quyết toán ngân sách nhà nước năm 2023 của Đại học Đà Nẵng,890/QĐ-ĐHĐN,12/03/2025,12/03/2025,Đại học Đà Nẵng,"Quyết định, Quy định",Còn hiệu lực,http://dut.udn.vn/Files/admin/files/VanbanPhapquy/380-890 QD cong bo cong khai quyet toan NSNN nam 2023 cua DHDN.PDF,DOWNLOADED
8,0413,"Tài chính, kế toán",Quyết định công bố công khai quyết toán ngân sách nhà nước năm 2023 của Bộ Giáo dục và Đào tạo,534/QĐ-BGDĐT,28/02/2025,28/02/2025,Đại học Đà Nẵng,"Quyết định, Quy định",Còn hiệu lực,http://dut.udn.vn/Files/admin/files/VanbanPhapquy/318-534 QD cong bo cong khai quyet toan NSNN nam 2023 cua Bo GD va DT.PDF,DOWNLOADED
8,0414,"Tài chính, kế toán",Quyết định phân bổ chi tiết kế hoạch đầu tư vốn ngân sách trung ương năm 2025 (đợt 2),538/QĐ-BGDĐT,28/02/2025,28/02/2025,Bộ Giáo dục và Đào tạo,"Quyết định, Quy định",Còn hiệu lực,http://dut.udn.vn/Files/admin/files/VanbanPhapquy/379-538 QD phan bo chi tiet KHDT von ngan sach trung uong nam 2025 dot 2.PDF,DOWNLOADED
8,0412,"Tài chính, kế toán",Quyết định công bố công khai dự toán ngân sách nhà nước năm 2025 của Đại học Đà Nẵng,576/QĐ-ĐHĐN,25/02/2025,25/02/2025,Đại học Đà Nẵng,"Quyết định, Quy định",Còn hiệu lực,http://dut.udn.vn/Files/admin/files/VanbanPhapquy/288-576 QD cong bo cong khai du toan ngan sach nha nuoc nam 2025 cua DHDN.PDF,DOWNLOADED
8,0417,"Tài chính, kế toán","Quyết định về việc ban hành quy định hồ sơ, thủ tục thực hiện và hồ sơ thanh toán mua sắm, sửa chữa thường xuyên dưới 300 triệu đồng tại Trường Đại học Bách khoa, Đại học Đà Nẵng",760/QĐ-ĐHBK,21/02/2025,21/02/2025,Trường Đại học Bách khoa,"Quyết định, Quy định",Hết hiệu lực 05/08/2025,http://dut.udn.vn/Files/admin/files/VanbanPhapquy/760 QD_DHBK quy dinh ho so thu tuc thuc hien va HSTTMS sua chua TX duoi 300 trieu dong tai Truong DHBK.PDF,DOWNLOADED
8,0411,"Đảm bảo chất lượng, KĐCL",Thông tư Quy định về kiểm định chất lượng chương trình đào tạo các trình độ của giáo dục đại hoc,04/2025/TT-BGDĐT,17/02/2025,17/02/2025,Bộ Giáo dục và Đào tạo,Thông tư,Còn hiệu lực,http://dut.udn.vn/Files/admin/files/VanbanPhapquy/226-04 TT quy dinh ve kiem dinh CL chuong trinh cac trinh do cua GDDH.pdf,DOWNLOADED
9,"ID LĨNH VỰC TÊN VĂN BẢN SỐ HIỆU NGÀY BAN HÀNH NGÀY HIỆU LỰC CƠ QUAN BAN HÀNH LOẠI TÌNH TRẠNG TẢI VỀ 0391 Tổ chức, hành chính Quy chế bổ nhiệm, bổ nhiệm lại, kéo dài thời gian giữ chức vụ, thôi giữ chức vụ, miễn nhiệm viên chức giữ chức vụ lãnh đạo, quản lý và giám đốc các trung tâm nghiên cứu, chuyển giao công nghệ và dịch vụ đào tạo của Trường Đại học Bách khoa, Đại học Đà Nẵng 595/QĐ-ĐHBK 17/02/2025 17/02/2025 Trường Đại học Bách khoa Quyết định, Quy định Còn hiệu lực 0390 Tổ chức, hành chính Hướng dẫn về Hội đồng quản lý trong đơn vị sự nghiệp công lập thuộc lĩnh vực giáo dục và đào tạo 03/2025/TT-BGDĐT 07/02/2025 07/02/2025 Bộ Giáo dục và Đào tạo Thông tư Còn hiệu lực 0392 Pháp chế Kế hoạch theo dõi tình hình thi hành pháp luật và theo dõi thi hành pháp luật về xử lý vi phạm hành chính năm 2025 của Bộ Giáo dục và Đào tạo 322/QĐ-BGDĐT 24/01/2025 24/01/2025 Bộ Giáo dục và Đào tạo Quyết định, Quy định Còn hiệu lực 0389 Đào tạo Quy định Khung năng lực số cho người học 02/2025/TT-BGDĐT 24/01/2025 24/01/2025 Bộ Giáo dục và Đào tạo Thông tư Còn hiệu lực 0388 Tổ chức, hành chính Ban hành Quy định về công khai trong hoạt động của Đại học Đà Nẵng 144/QĐ-ĐHĐN 15/01/2025 15/01/2025 Đại học Đà Nẵng Quyết định, Quy định Còn hiệu lực 0387 Tài chính, kế toán Ban hành Quy chế chi tiêu nội bộ của Đại học Đà Nẵng 36/QĐ-ĐHĐN 06/01/2025 06/01/2025 Đại học Đà Nẵng Quyết định, Quy định Còn hiệu lực 0410 Tài chính, kế toán Quyết định công bố công khai dự toán ngân sách năm 2024 5780/QĐ-ĐHBK 31/12/2024 31/12/2024 Trường Đại học Bách khoa Quyết định, Quy định Còn hiệu lực 0400 Tổ chức, hành chính Luật công đoàn 50/2024/QH15 30/12/2024 30/12/2024 Quốc hội Luật, Pháp lệnh Còn hiệu lực 0383 Khác Ban hành Kế hoạch thực hiện Quyết định số 127/QĐ-TTg ngày 26/01/2021, Quyết định số 142/QĐ-TTg ngày 02/02/2024 của Thủ tướng Chính phủ 4268/QĐ-BGDĐT 30/12/2024 30/12/2024 Bộ Giáo dục và Đào tạo Quyết định, Quy định Còn hiệu lực 0396 Công nghệ thông tin, CĐS Luật Dữ liệu năm 2024 60/2024/QH15 29/12/2024 29/12/2024 Quốc hội Luật, Pháp lệnh Còn hiệu lực",ID,LĨNH VỰC,TÊN VĂN BẢN,SỐ HIỆU,NGÀY BAN HÀNH,NGÀY HIỆU LỰC,CƠ QUAN BAN HÀNH,LOẠI,http://dut.udn.vn/Files/admin/files/VanbanPhapquy/9. Luat Du lieu.pdf,DOWNLOADED
9,ID,LĨNH VỰC,TÊN VĂN BẢN,SỐ HIỆU,NGÀY BAN HÀNH,NGÀY HIỆU LỰC,CƠ QUAN BAN HÀNH,LOẠI,TÌNH TRẠNG,,NO_PDF
9,0391,"Tổ chức, hành chính","Quy chế bổ nhiệm, bổ nhiệm lại, kéo dài thời gian giữ chức vụ, thôi giữ chức vụ, miễn nhiệm viên chức giữ chức vụ lãnh đạo, quản lý và giám đốc các trung tâm nghiên cứu, chuyển giao công nghệ và dịch vụ đào tạo của Trường Đại học Bách khoa, Đại học Đà Nẵng",595/QĐ-ĐHBK,17/02/2025,17/02/2025,Trường Đại học Bách khoa,"Quyết định, Quy định",Còn hiệu lực,http://dut.udn.vn/Files/admin/files/VanbanPhapquy/595 QDBHQC bo nhiem BN lai keo dai TG giu CV thoi giu CV mien nhiem VC giu CVLD QL va GDTTNC chuyen giao CNDVDT cua Truong DHBK.PDF,DOWNLOADED
9,0390,"Tổ chức, hành chính",Hướng dẫn về Hội đồng quản lý trong đơn vị sự nghiệp công lập thuộc lĩnh vực giáo dục và đào tạo,03/2025/TT-BGDĐT,07/02/2025,07/02/2025,Bộ Giáo dục và Đào tạo,Thông tư,Còn hiệu lực,http://dut.udn.vn/Files/admin/files/VanbanPhapquy/157-03 TT huong dan ve HD quan ly trong don vi su nghiep cong lap thuoc linh vuc GD va DT.PDF,DOWNLOADED
9,0392,Pháp chế,Kế hoạch theo dõi tình hình thi hành pháp luật và theo dõi thi hành pháp luật về xử lý vi phạm hành chính năm 2025 của Bộ Giáo dục và Đào tạo,322/QĐ-BGDĐT,24/01/2025,24/01/2025,Bộ Giáo dục và Đào tạo,"Quyết định, Quy định",Còn hiệu lực,http://dut.udn.vn/Files/admin/files/VanbanPhapquy/185-322 QDBH ke hoach theo doi tinh hinh thi hanh phap luat va theo doi thi hanh PL ve xu ly VPHC nam 2025 cua Bo GDDT.PDF,DOWNLOADED
9,0389,Đào tạo,Quy định Khung năng lực số cho người học,02/2025/TT-BGDĐT,24/01/2025,24/01/2025,Bộ Giáo dục và Đào tạo,Thông tư,Còn hiệu lực,http://dut.udn.vn/Files/admin/files/VanbanPhapquy/130-02 TT quy dinh khung nang luc so cho nguoi hoc.PDF,DOWNLOADED
9,0388,"Tổ chức, hành chính",Ban hành Quy định về công khai trong hoạt động của Đại học Đà Nẵng,144/QĐ-ĐHĐN,15/01/2025,15/01/2025,Đại học Đà Nẵng,"Quyết định, Quy định",Còn hiệu lực,http://dut.udn.vn/Files/admin/files/VanbanPhapquy/68-144 QD ban hanh quy dinh ve cong khai trong hoat dong cua DHDN_1.PDF,DOWNLOADED
9,0387,"Tài chính, kế toán",Ban hành Quy chế chi tiêu nội bộ của Đại học Đà Nẵng,36/QĐ-ĐHĐN,06/01/2025,06/01/2025,Đại học Đà Nẵng,"Quyết định, Quy định",Còn hiệu lực,http://dut.udn.vn/Files/admin/files/VanbanPhapquy/13-36 QD ban hanh Quy che chi tieu noi bo cua DHDN.PDF,DOWNLOADED
9,0410,"Tài chính, kế toán",Quyết định công bố công khai dự toán ngân sách năm 2024,5780/QĐ-ĐHBK,31/12/2024,31/12/2024,Trường Đại học Bách khoa,"Quyết định, Quy định",Còn hiệu lực,http://dut.udn.vn/Files/admin/files/VanbanPhapquy/5780 QĐ-ĐHBK Vv công bố công khai dự toán ngân sách năm 2024.pdf,DOWNLOADED
9,0400,"Tổ chức, hành chính",Luật công đoàn,50/2024/QH15,30/12/2024,30/12/2024,Quốc hội,"Luật, Pháp lệnh",Còn hiệu lực,http://dut.udn.vn/Files/admin/files/VanbanPhapquy/7. Luat Cong doan.pdf,DOWNLOADED
9,0383,Khác,"Ban hành Kế hoạch thực hiện Quyết định số 127/QĐ-TTg ngày 26/01/2021, Quyết định số 142/QĐ-TTg ngày 02/02/2024 của Thủ tướng Chính phủ",4268/QĐ-BGDĐT,30/12/2024,30/12/2024,Bộ Giáo dục và Đào tạo,"Quyết định, Quy định",Còn hiệu lực,http://dut.udn.vn/Files/admin/files/VanbanPhapquy/04-4268 QD ban hanh KH thuc hien QD so127QD-TTg ngay 26-01-2021 QD so 142QD-TTg ngay 02-02-2024 cua TTCP.PDF,DOWNLOADED
9,0396,"Công nghệ thông tin, CĐS",Luật Dữ liệu năm 2024,60/2024/QH15,29/12/2024,29/12/2024,Quốc hội,"Luật, Pháp lệnh",Còn hiệu lực,http://dut.udn.vn/Files/admin/files/VanbanPhapquy/9. Luat Du lieu.pdf,DOWNLOADED
10,"ID LĨNH VỰC TÊN VĂN BẢN SỐ HIỆU NGÀY BAN HÀNH NGÀY HIỆU LỰC CƠ QUAN BAN HÀNH LOẠI TÌNH TRẠNG TẢI VỀ 0401 Cơ sở vật chất, xây dựng Luật đầu tư công 58/2024/QH15 29/12/2024 29/12/2024 Quốc hội Luật, Pháp lệnh Còn hiệu lực 0402 Tổ chức, hành chính Luật sửa đổi, bổ sung một số điều của Luật Bảo hiểm Y tế 51/2024/QH15 29/12/2024 29/12/2024 Quốc hội Luật, Pháp lệnh Còn hiệu lực 0403 Cơ sở vật chất, xây dựng Luật sửa đổi, bổ sung một số điều của Luật Quy hoạch, Luật Đầu tư, Luật Đầu tư theo phương thức đối tác công tư và Luật Đấu thầu 57/2024/QH15 29/12/2024 29/12/2024 Quốc hội Luật, Pháp lệnh Còn hiệu lực 0399 Tài chính, kế toán Luật thuế giá trị gia tăng 48/2024/QH15 29/12/2024 29/12/2024 Quốc hội Luật, Pháp lệnh Còn hiệu lực 0432 Thanh tra, kiểm tra Thông tư về việc thanh tra chuyên ngành trong lĩnh vực giáo dục và thanh tra nội bộ trong cơ sở giáo dục 28/2024/TT-BGDĐT 26/12/2024 10/02/2025 Bộ Giáo dục và Đào tạo Thông tư Còn hiệu lực 0384 Khoa học Công nghệ Ban hành danh mục bổ sung và chi tiết hóa Phụ lục tính quy đổi giờ nghiên cứu khoa học trong ĐHĐN ban hành kèm theo Quyết định số3237/QĐ-ĐHĐN ngày 31/7/2023 của Giám đốc ĐHĐN cho các đơn vị thuộc, trực thuộc ĐHĐN 5007/QĐ-ĐHĐN 05/12/2024 05/12/2024 Đại học Đà Nẵng Quyết định, Quy định Còn hiệu lực 0433 Tổ chức, hành chính Thông tư quy định danh mục và thời hạn định kỳ chuyển đổi vị trí công tác thuộc phạm vi quản lý theo ngành, lĩnh vực giáo dục và đào tạo tại chính quyền địa phương 19/2024/TT-BGDĐT 28/11/2024 14/01/2025 Bộ Giáo dục và Đào tạo Thông tư Còn hiệu lực 0381 Khoa học Công nghệ Ban hành Quy chế tổ chức và hoạt động của Hội đồng Khoa học và Đào tạo Đại học Đà Nẵng 4897/QĐ-ĐHĐN 27/11/2024 27/11/2024 Đại học Đà Nẵng Quyết định, Quy định Còn hiệu lực 0379 Đào tạo Phê duyệt Kế hoạch hoạt động triển khai Chương trình ""Phát triển nguồn nhân lực ngành công nghiệp bán dẫn đến năm 2030, định hướng đến năm 2050"" 2640/QĐ-BKHĐT 21/11/2024 21/11/2024 Bộ Kế hoạch và Đầu tư Quyết định, Quy định Còn hiệu lực 0380 Khoa học Công nghệ Quy định về quản lý đề tài khoa học và công nghệ cấp bộ của Bộ Giáo dục và Đào tạo 15/2024/TT-BGDĐT 20/11/2024 20/11/2024 Bộ Giáo dục và Đào tạo Thông tư Còn hiệu lực",ID,LĨNH VỰC,TÊN VĂN BẢN,SỐ HIỆU,NGÀY BAN HÀNH,NGÀY HIỆU LỰC,CƠ QUAN BAN HÀNH,LOẠI,http://dut.udn.vn/Files/admin/files/VanbanPhapquy/1775-15.2024 TT quy dinh ve quan ly de tai KHCN cap bo cua BGDDT.PDF,DOWNLOADED
10,ID,LĨNH VỰC,TÊN VĂN BẢN,SỐ HIỆU,NGÀY BAN HÀNH,NGÀY HIỆU LỰC,CƠ QUAN BAN HÀNH,LOẠI,TÌNH TRẠNG,,NO_PDF
10,0401,"Cơ sở vật chất, xây dựng",Luật đầu tư công,58/2024/QH15,29/12/2024,29/12/2024,Quốc hội,"Luật, Pháp lệnh",Còn hiệu lực,http://dut.udn.vn/Files/admin/files/VanbanPhapquy/8. Luat Dau tu cong.pdf,DOWNLOADED
10,0402,"Tổ chức, hành chính","Luật sửa đổi, bổ sung một số điều của Luật Bảo hiểm Y tế",51/2024/QH15,29/12/2024,29/12/2024,Quốc hội,"Luật, Pháp lệnh",Còn hiệu lực,http://dut.udn.vn/Files/admin/files/VanbanPhapquy/10. Luat sua doi bo sung mot so dieu cua Luat y te.pdf,DOWNLOADED
10,0403,"Cơ sở vật chất, xây dựng","Luật sửa đổi, bổ sung một số điều của Luật Quy hoạch, Luật Đầu tư, Luật Đầu tư theo phương thức đối tác công tư và Luật Đấu thầu",57/2024/QH15,29/12/2024,29/12/2024,Quốc hội,"Luật, Pháp lệnh",Còn hiệu lực,"http://dut.udn.vn/Files/admin/files/VanbanPhapquy/12. Luat SDBS mot so dieu Luat Quy hoach, luat Dau tu, Luat Dau thau.pdf",DOWNLOADED
10,0399,"Tài chính, kế toán",Luật thuế giá trị gia tăng,48/2024/QH15,29/12/2024,29/12/2024,Quốc hội,"Luật, Pháp lệnh",Còn hiệu lực,http://dut.udn.vn/Files/admin/files/VanbanPhapquy/6. Luat Thue gia tri gia tang.pdf,DOWNLOADED
10,0432,"Thanh tra, kiểm tra",Thông tư về việc thanh tra chuyên ngành trong lĩnh vực giáo dục và thanh tra nội bộ trong cơ sở giáo dục,28/2024/TT-BGDĐT,26/12/2024,10/02/2025,Bộ Giáo dục và Đào tạo,Thông tư,Còn hiệu lực,http://dut.udn.vn/Files/admin/files/VanbanPhapquy/2025m3_100000000.9942378PBQPPL_CVD_TT28.2024.pdf,DOWNLOADED
10,0384,Khoa học Công nghệ,"Ban hành danh mục bổ sung và chi tiết hóa Phụ lục tính quy đổi giờ nghiên cứu khoa học trong ĐHĐN ban hành kèm theo Quyết định số3237/QĐ-ĐHĐN ngày 31/7/2023 của Giám đốc ĐHĐN cho các đơn vị thuộc, trực thuộc ĐHĐN",5007/QĐ-ĐHĐN,05/12/2024,05/12/2024,Đại học Đà Nẵng,"Quyết định, Quy định",Còn hiệu lực,http://dut.udn.vn/Files/admin/files/VanbanPhapquy/2024m12_638694362286100502DHDN_CVDi_5007-qd-ban-hanh-phu-luc-tinh-gio-nckh-cho-don-vi-thuoc-truc-thuoc-dhdn_1733471756.pdf,DOWNLOADED
10,0433,"Tổ chức, hành chính","Thông tư quy định danh mục và thời hạn định kỳ chuyển đổi vị trí công tác thuộc phạm vi quản lý theo ngành, lĩnh vực giáo dục và đào tạo tại chính quyền địa phương",19/2024/TT-BGDĐT,28/11/2024,14/01/2025,Bộ Giáo dục và Đào tạo,Thông tư,Còn hiệu lực,http://dut.udn.vn/Files/admin/files/VanbanPhapquy/2024m12_100000000.1132273PBQPPL_CVD_4279-19-2024-tt-bgddt_1733216564.pdf,DOWNLOADED
10,0381,Khoa học Công nghệ,Ban hành Quy chế tổ chức và hoạt động của Hội đồng Khoa học và Đào tạo Đại học Đà Nẵng,4897/QĐ-ĐHĐN,27/11/2024,27/11/2024,Đại học Đà Nẵng,"Quyết định, Quy định",Còn hiệu lực,http://dut.udn.vn/Files/admin/files/VanbanPhapquy/1780-4897 QD ban hanh Quy che to chuc hoat dong Hoi dong KHDT cua DHDN.PDF,DOWNLOADED
10,0379,Đào tạo,"Phê duyệt Kế hoạch hoạt động triển khai Chương trình ""Phát triển nguồn nhân lực ngành công nghiệp bán dẫn đến năm 2030, định hướng đến năm 2050""",2640/QĐ-BKHĐT,21/11/2024,21/11/2024,Bộ Kế hoạch và Đầu tư,"Quyết định, Quy định",Còn hiệu lực,http://dut.udn.vn/Files/admin/files/VanbanPhapquy/1765-2640 QD PD KH hoat dong trien khai Chuong trinh Phat trien nguon nhan luc nganh Cong nghiep ban dan den 2030.PDF,DOWNLOADED
10,0380,Khoa học Công nghệ,Quy định về quản lý đề tài khoa học và công nghệ cấp bộ của Bộ Giáo dục và Đào tạo,15/2024/TT-BGDĐT,20/11/2024,20/11/2024,Bộ Giáo dục và Đào tạo,Thông tư,Còn hiệu lực,http://dut.udn.vn/Files/admin/files/VanbanPhapquy/1775-15.2024 TT quy dinh ve quan ly de tai KHCN cap bo cua BGDDT.PDF,DOWNLOADED
11,"ID LĨNH VỰC TÊN VĂN BẢN SỐ HIỆU NGÀY BAN HÀNH NGÀY HIỆU LỰC CƠ QUAN BAN HÀNH LOẠI TÌNH TRẠNG TẢI VỀ 0434 Đào tạo Thông tư sửa đổi, bổ sung một số điều của Thông tư số 02/2022/TT-BGDĐT ngày 18/11/2022 của Bộ trưởng Bộ GDĐT quy định điều kiện, trình tự, thủ tục mở ngành đào tạo, đình chỉ hoạt động của ngành đào tạo trình độ đại học, thạc sĩ, tiến sĩ 16/2024/TT-BGDĐT 20/11/2024 05/01/2025 Bộ Giáo dục và Đào tạo Thông tư Còn hiệu lực 0378 Đào tạo Ban hành quy định đào tạo trực tuyến và đào tạo kết hợp của Đại học Đà Nẵng 4804/QĐ-ĐHĐN 19/11/2024 19/11/2024 Đại học Đà Nẵng Quyết định, Quy định Còn hiệu lực 0385 Đào tạo Ban hành Quy định đào tạo trực tuyến và đào tạo kết hợp của Đại học Đà Nẵng 4808/QĐ-ĐHĐN 19/11/2024 19/11/2024 Đại học Đà Nẵng Quyết định, Quy định Còn hiệu lực 0377 Tài chính, kế toán Công bố công khai dự toán ngân sách nhà nước năm 2024 3560/QĐ-BGDĐT 14/11/2024 14/11/2024 Bộ Giáo dục và Đào tạo Quyết định, Quy định Còn hiệu lực 0376 Pháp chế Quán triệt, tuyên truyền và triển khai thực hiện Luật Thực hiện dân chủ ở cơ sở 4480/ĐHĐN-TTPC 25/10/2024 25/10/2024 Đại học Đà Nẵng Công văn Còn hiệu lực 0386 Tuyển sinh Ban hành Quy chế tuyển sinh đào tạo từ xa trình độ đại học của Đại học Đà Nẵng 4473/QĐ-ĐHĐN 24/10/2024 24/10/2024 Đại học Đà Nẵng Quyết định, Quy định Còn hiệu lực 0409 Công tác sinh viên Quyết định về việc ban hành Quy định về văn hóa học đường và quy tắc ứng xử văn hóa của người học tại Trường Đại học Bách khoa, Đại học Đà Nẵng 4420/QĐ-ĐHBK 23/10/2024 23/10/2024 Trường Đại học Bách khoa Quyết định, Quy định Còn hiệu lực 0373 Tổ chức, hành chính Ban hành Quy chế đánh giá, xếp loại chất lượng năm 2024 đối với đơn vị và công chức, viên chức, người lao động của Bộ Giáo dục và Đào tạo 3086/QĐ-BGDĐT 23/10/2024 23/10/2024 Bộ Giáo dục và Đào tạo Quyết định, Quy định Còn hiệu lực 0371 Cơ sở vật chất, xây dựng Ban hành nguyên tắc, tiêu chí lựa chọn danh mục chương trình, nhiệm vụ, dự án đề xuất bố trí kế hoạch đầu tư công trung hạn giai đoạn 2026-2030 của Bộ Giáo dục và Đào tạo 2968/QĐ-BGDĐT 18/10/2024 18/10/2024 Bộ Giáo dục và Đào tạo Quyết định, Quy định Còn hiệu lực 0372 Tổ chức, hành chính Ban hành Quy định về công khai trong hoạt động của Trường Đại học Bách khoa, Đại học Đà Nẵng 4311/QĐ-ĐHBK 17/10/2024 17/10/2024 Trường Đại học Bách khoa Quyết định, Quy định Còn hiệu lực",ID,LĨNH VỰC,TÊN VĂN BẢN,SỐ HIỆU,NGÀY BAN HÀNH,NGÀY HIỆU LỰC,CƠ QUAN BAN HÀNH,LOẠI,http://dut.udn.vn/Files/admin/files/VanbanPhapquy/4311 QD ban hanh Quy dinh ve cong khai trong hoat dong cua Truong DHBK.PDF,DOWNLOADED
11,ID,LĨNH VỰC,TÊN VĂN BẢN,SỐ HIỆU,NGÀY BAN HÀNH,NGÀY HIỆU LỰC,CƠ QUAN BAN HÀNH,LOẠI,TÌNH TRẠNG,,NO_PDF
11,0434,Đào tạo,"Thông tư sửa đổi, bổ sung một số điều của Thông tư số 02/2022/TT-BGDĐT ngày 18/11/2022 của Bộ trưởng Bộ GDĐT quy định điều kiện, trình tự, thủ tục mở ngành đào tạo, đình chỉ hoạt động của ngành đào tạo trình độ đại học, thạc sĩ, tiến sĩ",16/2024/TT-BGDĐT,20/11/2024,05/01/2025,Bộ Giáo dục và Đào tạo,Thông tư,Còn hiệu lực,http://dut.udn.vn/Files/admin/files/VanbanPhapquy/2024m11_100000000.9132181PBQPPL_CVD_4177-16-2024-tt-bgddt_1732675067.pdf,DOWNLOADED
11,0378,Đào tạo,Ban hành quy định đào tạo trực tuyến và đào tạo kết hợp của Đại học Đà Nẵng,4804/QĐ-ĐHĐN,19/11/2024,19/11/2024,Đại học Đà Nẵng,"Quyết định, Quy định",Còn hiệu lực,http://dut.udn.vn/Files/admin/files/VanbanPhapquy/1737-4804 QD ban hanh quy dinh dao tao truc tuyen va dao tao ket hop cua DHDN.PDF,DOWNLOADED
11,0385,Đào tạo,Ban hành Quy định đào tạo trực tuyến và đào tạo kết hợp của Đại học Đà Nẵng,4808/QĐ-ĐHĐN,19/11/2024,19/11/2024,Đại học Đà Nẵng,"Quyết định, Quy định",Còn hiệu lực,http://dut.udn.vn/Files/admin/files/VanbanPhapquy/2024m12_638706547455733859DHDN_CVDi_4804-qd-dttt-va-dtkh-cua-dhdn_1732096303.pdf,DOWNLOADED
11,0377,"Tài chính, kế toán",Công bố công khai dự toán ngân sách nhà nước năm 2024,3560/QĐ-BGDĐT,14/11/2024,14/11/2024,Bộ Giáo dục và Đào tạo,"Quyết định, Quy định",Còn hiệu lực,http://dut.udn.vn/Files/admin/files/VanbanPhapquy/1717-3560 QD cong bo cong khai du toan ngan sach nha nuoc nam 2024.PDF,DOWNLOADED
11,0376,Pháp chế,"Quán triệt, tuyên truyền và triển khai thực hiện Luật Thực hiện dân chủ ở cơ sở",4480/ĐHĐN-TTPC,25/10/2024,25/10/2024,Đại học Đà Nẵng,Công văn,Còn hiệu lực,"http://dut.udn.vn/Files/admin/files/VanbanPhapquy/4. ĐHDN_ Quan triet, tuyen truyen va trien khai thuc hien Luat Thuc hien dan chu o co so.PDF",DOWNLOADED
11,0386,Tuyển sinh,Ban hành Quy chế tuyển sinh đào tạo từ xa trình độ đại học của Đại học Đà Nẵng,4473/QĐ-ĐHĐN,24/10/2024,24/10/2024,Đại học Đà Nẵng,"Quyết định, Quy định",Còn hiệu lực,http://dut.udn.vn/Files/admin/files/VanbanPhapquy/2024m11_638665081677345535DHDN_CVDi_4473_-_QC_tuyen_sinh_trinh_do_DH_cua_DTTX.pdf,DOWNLOADED
11,0409,Công tác sinh viên,"Quyết định về việc ban hành Quy định về văn hóa học đường và quy tắc ứng xử văn hóa của người học tại Trường Đại học Bách khoa, Đại học Đà Nẵng",4420/QĐ-ĐHBK,23/10/2024,23/10/2024,Trường Đại học Bách khoa,"Quyết định, Quy định",Còn hiệu lực,http://dut.udn.vn/Files/admin/files/VanbanPhapquy/13. 4420 QD ban hanh Quy dinh ve van hoa hoc duong va quy tac ung xu van hoa cua nguoi hoc tai Truong DHBK.PDF,DOWNLOADED
11,0373,"Tổ chức, hành chính","Ban hành Quy chế đánh giá, xếp loại chất lượng năm 2024 đối với đơn vị và công chức, viên chức, người lao động của Bộ Giáo dục và Đào tạo",3086/QĐ-BGDĐT,23/10/2024,23/10/2024,Bộ Giáo dục và Đào tạo,"Quyết định, Quy định",Còn hiệu lực,"http://dut.udn.vn/Files/admin/files/VanbanPhapquy/1595-3086 QD ban hanh Quy che danh gia, xep loai chat luong nam 2024 doi voi don vi va CC, VC NLD cua BGDDT.PDF",DOWNLOADED
11,0371,"Cơ sở vật chất, xây dựng","Ban hành nguyên tắc, tiêu chí lựa chọn danh mục chương trình, nhiệm vụ, dự án đề xuất bố trí kế hoạch đầu tư công trung hạn giai đoạn 2026-2030 của Bộ Giáo dục và Đào tạo",2968/QĐ-BGDĐT,18/10/2024,18/10/2024,Bộ Giáo dục và Đào tạo,"Quyết định, Quy định",Còn hiệu lực,"http://dut.udn.vn/Files/admin/files/VanbanPhapquy/1581-2968 QD ban hanh nguyen tac, tieu chi lua chon danh muc chuong trinh, nhiem vu, du an de xuat bo tri KH dau tu cong.PDF",DOWNLOADED
11,0372,"Tổ chức, hành chính","Ban hành Quy định về công khai trong hoạt động của Trường Đại học Bách khoa, Đại học Đà Nẵng",4311/QĐ-ĐHBK,17/10/2024,17/10/2024,Trường Đại học Bách khoa,"Quyết định, Quy định",Còn hiệu lực,http://dut.udn.vn/Files/admin/files/VanbanPhapquy/4311 QD ban hanh Quy dinh ve cong khai trong hoat dong cua Truong DHBK.PDF,DOWNLOADED
12,"ID LĨNH VỰC TÊN VĂN BẢN SỐ HIỆU NGÀY BAN HÀNH NGÀY HIỆU LỰC CƠ QUAN BAN HÀNH LOẠI TÌNH TRẠNG TẢI VỀ 0370 Khoa học Công nghệ Ban hành định hướng hoạt động khoa học, công nghệ và đổi mới sáng tạo giai đoạn 2025-2030 của Bộ Giáo dục và Đào tạo 2717/QĐ-BGDĐT 02/10/2024 02/10/2024 Bộ Giáo dục và Đào tạo Quyết định, Quy định Còn hiệu lực 0369 Thi đua, khen thưởng Quy định về công tác thi đua, khen thưởng của Đại học Đà Nẵng 3828/QĐ-ĐHĐN 12/09/2024 12/09/2024 Đại học Đà Nẵng Quyết định, Quy định Còn hiệu lực 0367 Tổ chức, hành chính Sửa đổi Điều 3 của Quy chế nâng bậc lương trước thời hạn do lập thành tích xuất sắc trong thực hiện nhiệm vụ đối với viên chức, người lao động của Đại học Đà Nẵng 3686/QĐ-ĐHĐN 04/09/2024 04/09/2024 Đại học Đà Nẵng Quyết định, Quy định Còn hiệu lực 0398 Khác Luật sửa đổi, bổ sung một số điều của Luật Đất đai số 31/2024/QH15, Luật Nhà ở số 27/2023/QH15, Luật Kinh doanh bất động sản số 29/2023/QH15 và Luật các tổ chức tín dụng số 32/2024/QH15 43/2024/QH15 25/08/2024 25/08/2024 Quốc hội Luật, Pháp lệnh Còn hiệu lực 0394 Tổ chức, hành chính Luật Bảo hiểm xã hội năm 2024 41/2024/QH15 25/08/2024 25/08/2024 Quốc hội Luật, Pháp lệnh Còn hiệu lực 0395 Khác Luật trật tự, an toàn giao thông đường bộ năm 2024 36/2024/QH15 24/08/2024 24/08/2024 Quốc hội Luật, Pháp lệnh Còn hiệu lực 0397 Cơ sở vật chất, xây dựng Luật sửa đổi, bổ sung một số điều của Luật đấu giá tài sản 37/2024/QH15 24/08/2024 24/08/2024 Quốc hội Luật, Pháp lệnh Còn hiệu lực 0393 Văn thư, lưu trữ Luật Lưu trữ năm 2024 33/2024/QH15 23/08/2024 23/08/2024 Quốc hội Luật, Pháp lệnh Còn hiệu lực 0408 Tài chính, kế toán Quyết định về việc ban hành đơn giá giờ giảng chuẩn năm học 2023-2024 3492/QĐ-ĐHBK 22/08/2024 22/08/2024 Trường Đại học Bách khoa Quyết định, Quy định Còn hiệu lực 0366 Tài chính, kế toán Mức thu học phí năm học 2024-2025 3443/ĐHĐN-KHTC 20/08/2024 20/08/2024 Đại học Đà Nẵng Công văn Còn hiệu lực",ID,LĨNH VỰC,TÊN VĂN BẢN,SỐ HIỆU,NGÀY BAN HÀNH,NGÀY HIỆU LỰC,CƠ QUAN BAN HÀNH,LOẠI,http://dut.udn.vn/Files/admin/files/VanbanPhapquy/1232-3443 Muc thu hoc phi nam hoc 2024-2025.PDF,DOWNLOADED
12,ID,LĨNH VỰC,TÊN VĂN BẢN,SỐ HIỆU,NGÀY BAN HÀNH,NGÀY HIỆU LỰC,CƠ QUAN BAN HÀNH,LOẠI,TÌNH TRẠNG,,NO_PDF
12,0370,Khoa học Công nghệ,"Ban hành định hướng hoạt động khoa học, công nghệ và đổi mới sáng tạo giai đoạn 2025-2030 của Bộ Giáo dục và Đào tạo",2717/QĐ-BGDĐT,02/10/2024,02/10/2024,Bộ Giáo dục và Đào tạo,"Quyết định, Quy định",Còn hiệu lực,"http://dut.udn.vn/Files/admin/files/VanbanPhapquy/1463-2717 QD ban hanh Dinh huong hoat dong KHCN, DMST GD 25-30 cua BGDDT.PDF",DOWNLOADED
12,0369,"Thi đua, khen thưởng","Quy định về công tác thi đua, khen thưởng của Đại học Đà Nẵng",3828/QĐ-ĐHĐN,12/09/2024,12/09/2024,Đại học Đà Nẵng,"Quyết định, Quy định",Còn hiệu lực,http://dut.udn.vn/Files/admin/files/VanbanPhapquy/1460-3828 QD ban hanh Quy dinh ve cong tac thi dua khen thuong cua DHDN.PDF,DOWNLOADED
12,0367,"Tổ chức, hành chính","Sửa đổi Điều 3 của Quy chế nâng bậc lương trước thời hạn do lập thành tích xuất sắc trong thực hiện nhiệm vụ đối với viên chức, người lao động của Đại học Đà Nẵng",3686/QĐ-ĐHĐN,04/09/2024,04/09/2024,Đại học Đà Nẵng,"Quyết định, Quy định",Còn hiệu lực,"http://dut.udn.vn/Files/admin/files/VanbanPhapquy/1319-3686 QD sua doi D3 Quy che nang bac luong truoc thoi han do lap thanh tich xuat sac trong thuc hien nhiem vu voi VC, NLD.PDF",DOWNLOADED
12,0398,Khác,"Luật sửa đổi, bổ sung một số điều của Luật Đất đai số 31/2024/QH15, Luật Nhà ở số 27/2023/QH15, Luật Kinh doanh bất động sản số 29/2023/QH15 và Luật các tổ chức tín dụng số 32/2024/QH15",43/2024/QH15,25/08/2024,25/08/2024,Quốc hội,"Luật, Pháp lệnh",Còn hiệu lực,"http://dut.udn.vn/Files/admin/files/VanbanPhapquy/5. Luat sua doi bo sung mot so dieu cua Luat dat dai, Luat Nha o.pdf",DOWNLOADED
12,0394,"Tổ chức, hành chính",Luật Bảo hiểm xã hội năm 2024,41/2024/QH15,25/08/2024,25/08/2024,Quốc hội,"Luật, Pháp lệnh",Còn hiệu lực,http://dut.udn.vn/Files/admin/files/VanbanPhapquy/2. Luat Bao hiem xa hoi nam.pdf,FAILED
12,0395,Khác,"Luật trật tự, an toàn giao thông đường bộ năm 2024",36/2024/QH15,24/08/2024,24/08/2024,Quốc hội,"Luật, Pháp lệnh",Còn hiệu lực,http://dut.udn.vn/Files/admin/files/VanbanPhapquy/3. Luat Trat tu an toan giao thong duong bo.pdf,FAILED
12,0397,"Cơ sở vật chất, xây dựng","Luật sửa đổi, bổ sung một số điều của Luật đấu giá tài sản",37/2024/QH15,24/08/2024,24/08/2024,Quốc hội,"Luật, Pháp lệnh",Còn hiệu lực,http://dut.udn.vn/Files/admin/files/VanbanPhapquy/4. Luat sua doi cua Luat dau gia tai san.pdf,DOWNLOADED
12,0393,"Văn thư, lưu trữ",Luật Lưu trữ năm 2024,33/2024/QH15,23/08/2024,23/08/2024,Quốc hội,"Luật, Pháp lệnh",Còn hiệu lực,http://dut.udn.vn/Files/admin/files/VanbanPhapquy/1. Luat luu tru 2024.pdf,DOWNLOADED
12,0408,"Tài chính, kế toán",Quyết định về việc ban hành đơn giá giờ giảng chuẩn năm học 2023-2024,3492/QĐ-ĐHBK,22/08/2024,22/08/2024,Trường Đại học Bách khoa,"Quyết định, Quy định",Còn hiệu lực,http://dut.udn.vn/Files/admin/files/VanbanPhapquy/11. 3492 QD ban hanh don gia gio giang chuan nam hoc 2023-2024.PDF,DOWNLOADED
12,0366,"Tài chính, kế toán",Mức thu học phí năm học 2024-2025,3443/ĐHĐN-KHTC,20/08/2024,20/08/2024,Đại học Đà Nẵng,Công văn,Còn hiệu lực,http://dut.udn.vn/Files/admin/files/VanbanPhapquy/1232-3443 Muc thu hoc phi nam hoc 2024-2025.PDF,DOWNLOADED
13,"ID LĨNH VỰC TÊN VĂN BẢN SỐ HIỆU NGÀY BAN HÀNH NGÀY HIỆU LỰC CƠ QUAN BAN HÀNH LOẠI TÌNH TRẠNG TẢI VỀ 0364 Thanh tra, kiểm tra Công khai đường dây nóng, hộp thư điện tử tiếp nhận thông tin về hành vi nhũng nhiễu, gây phiền hà cho người dân, doanh nghiệp đối với các đơn vị thực hiện chức năng quản lý nhà nước của Bộ Giáo dục và Đào tạo 2140/QĐ-BGDĐT 15/08/2024 15/08/2024 Bộ Giáo dục và Đào tạo Quyết định, Quy định Còn hiệu lực 0362 Khoa học Công nghệ Quy định về liêm chính học thuật trong hạt động khoa học và công nghệ tại Đại học Đà Nẵng 3154/QĐ-ĐHĐN 08/08/2024 08/08/2024 Đại học Đà Nẵng Quyết định, Quy định Còn hiệu lực 0360 Tổ chức, hành chính Công bố danh mục thủ tục hành chính thuộc phạm vi quản lý của Bộ Giáo dục và Đào tạo đủ điều kiện thực hiện dịch vụ công trực tuyến toàn trình ở địa phương 2060/QĐ-BGDĐT 05/08/2024 05/08/2024 Bộ Giáo dục và Đào tạo Quyết định, Quy định Còn hiệu lực 0361 Thi đua, khen thưởng Quy chế xét chọn ""Nhà giáo tiêu biểu"" 2040/QĐ-BGDĐT 31/07/2024 31/07/2024 Bộ Giáo dục và Đào tạo Quyết định, Quy định Còn hiệu lực 0359 Tổ chức, hành chính Quy định quản lý và sử dụng hệ thống văn bản điện tử tại Trường Đại học Bách khoa, Đại học Đà Nẵng 2888/QĐ-ĐHBK 17/07/2024 17/07/2024 Trường Đại học Bách khoa Quyết định, Quy định Còn hiệu lực 0363 Đào tạo Ban hành Quy định xây dựng, thẩm định, ban hành chương trình đào tạo và đánh giá, cải tiến chất lượng chương trình đào tạo các trình độ của giáo dục đại học tại Trường Đại học Bách khoa, Đại học Đà Nẵng 2674/QĐ-ĐHBK 02/07/2024 02/07/2024 Trường Đại học Bách khoa Quyết định, Quy định Còn hiệu lực 0365 Cơ sở vật chất, xây dựng Quy định hồ sơ, thủ tục thực hiện và hồ sơ thanh toán mua sắm, sửa chữa thường xuyên dưới 100 triệu đồng tại Trường Đại học Bách khoa, Đại học Đà Nẵng 2652/QĐ-ĐHBK 01/07/2024 01/07/2024 Trường Đại học Bách khoa Quyết định, Quy định Còn hiệu lực 0358 Khoa học Công nghệ Quy định xét, công nhận hiệu quả áp dụng, khả năng nhân rộng cấp Bộ, trong toàn quốc của sáng kiến; xét, công nhận hiệu quả áp dụng, phạm vi ảnh hưởng cấp Bộ, trong toàn quốc của đề tài khoa học, đề án khoa học, công trình khoa học và công nghệ của Bộ Giáo dục và Đào tạo 1749/QĐ-BGDĐT 28/06/2024 28/06/2024 Bộ Giáo dục và Đào tạo Quyết định, Quy định Còn hiệu lực 0407 Tài chính, kế toán Quyết định về việc thanh toán trách nhiệm quản lý theo chức vụ, chức danh năm 2024 2569/QĐ-ĐHBK 26/06/2024 26/06/2024 Trường Đại học Bách khoa Quyết định, Quy định Còn hiệu lực 0357 Đào tạo Danh mục ngành đào tạo thí điểm các trình độ của giáo dục đại học 1596/QĐ-BGDĐT 07/06/2024 07/06/2024 Bộ Giáo dục và Đào tạo Quyết định, Quy định Còn hiệu lực",ID,LĨNH VỰC,TÊN VĂN BẢN,SỐ HIỆU,NGÀY BAN HÀNH,NGÀY HIỆU LỰC,CƠ QUAN BAN HÀNH,LOẠI,http://dut.udn.vn/Files/admin/files/VanbanPhapquy/854-1596 QD danh muc nganh dao tao thi diem cac trinh do cua giao duc dai hoc.PDF,DOWNLOADED
13,ID,LĨNH VỰC,TÊN VĂN BẢN,SỐ HIỆU,NGÀY BAN HÀNH,NGÀY HIỆU LỰC,CƠ QUAN BAN HÀNH,LOẠI,TÌNH TRẠNG,,NO_PDF
13,0364,"Thanh tra, kiểm tra","Công khai đường dây nóng, hộp thư điện tử tiếp nhận thông tin về hành vi nhũng nhiễu, gây phiền hà cho người dân, doanh nghiệp đối với các đơn vị thực hiện chức năng quản lý nhà nước của Bộ Giáo dục và Đào tạo",2140/QĐ-BGDĐT,15/08/2024,15/08/2024,Bộ Giáo dục và Đào tạo,"Quyết định, Quy định",Còn hiệu lực,"http://dut.udn.vn/Files/admin/files/VanbanPhapquy/1189-2140 QD cong khai duong day nong, hop thu dien tu tiep nhan thong tin ve hanh vi nhung nhieu, gay phien ha cho dan, DN.PDF",DOWNLOADED
13,0362,Khoa học Công nghệ,Quy định về liêm chính học thuật trong hạt động khoa học và công nghệ tại Đại học Đà Nẵng,3154/QĐ-ĐHĐN,08/08/2024,08/08/2024,Đại học Đà Nẵng,"Quyết định, Quy định",Còn hiệu lực,http://dut.udn.vn/Files/admin/files/VanbanPhapquy/1158-3154 QD ban hanh Quy dinh ve liem chinh hoc thuat trong hoat dong KHCN tai DHDN.PDF,DOWNLOADED
13,0360,"Tổ chức, hành chính",Công bố danh mục thủ tục hành chính thuộc phạm vi quản lý của Bộ Giáo dục và Đào tạo đủ điều kiện thực hiện dịch vụ công trực tuyến toàn trình ở địa phương,2060/QĐ-BGDĐT,05/08/2024,05/08/2024,Bộ Giáo dục và Đào tạo,"Quyết định, Quy định",Còn hiệu lực,http://dut.udn.vn/Files/admin/files/VanbanPhapquy/1137-2060 QD cong bo danh muc thu tuc hanh chinh thuoc pham vi quan ly cua BGDDT du dkien thuc hien dich vu cong truc tuyen.PDF,DOWNLOADED
13,0361,"Thi đua, khen thưởng","Quy chế xét chọn ""Nhà giáo tiêu biểu""",2040/QĐ-BGDĐT,31/07/2024,31/07/2024,Bộ Giáo dục và Đào tạo,"Quyết định, Quy định",Còn hiệu lực,http://dut.udn.vn/Files/admin/files/VanbanPhapquy/1144-2040 QD ban hanh Quy che xet chon Nha giao tieu bieu.PDF,DOWNLOADED
13,0359,"Tổ chức, hành chính","Quy định quản lý và sử dụng hệ thống văn bản điện tử tại Trường Đại học Bách khoa, Đại học Đà Nẵng",2888/QĐ-ĐHBK,17/07/2024,17/07/2024,Trường Đại học Bách khoa,"Quyết định, Quy định",Còn hiệu lực,http://dut.udn.vn/Files/admin/files/VanbanPhapquy/2888 QD vv quy dinh quan ly va su dung he thong van ban dien tu tai Truong DHBK.PDF,DOWNLOADED
13,0363,Đào tạo,"Ban hành Quy định xây dựng, thẩm định, ban hành chương trình đào tạo và đánh giá, cải tiến chất lượng chương trình đào tạo các trình độ của giáo dục đại học tại Trường Đại học Bách khoa, Đại học Đà Nẵng",2674/QĐ-ĐHBK,02/07/2024,02/07/2024,Trường Đại học Bách khoa,"Quyết định, Quy định",Còn hiệu lực,"http://dut.udn.vn/Files/admin/files/VanbanPhapquy/2674 QD ban hanh Quy dinh xay dung, tham dinh, ban hanh CTDT, danh gia cai tien CL CTDT cac trinh do GDDH tai Truong DHBK.PDF",FAILED
13,0365,"Cơ sở vật chất, xây dựng","Quy định hồ sơ, thủ tục thực hiện và hồ sơ thanh toán mua sắm, sửa chữa thường xuyên dưới 100 triệu đồng tại Trường Đại học Bách khoa, Đại học Đà Nẵng",2652/QĐ-ĐHBK,01/07/2024,01/07/2024,Trường Đại học Bách khoa,"Quyết định, Quy định",Còn hiệu lực,"http://dut.udn.vn/Files/admin/files/VanbanPhapquy/2652 QD ban hanh Quy dinh ho so, thu tuc thuc hien, ho so thanh toan mua sam, sua chua thuong xuyen duoi 100tr tai Truong DHBK (1).PDF",DOWNLOADED
13,0358,Khoa học Công nghệ,"Quy định xét, công nhận hiệu quả áp dụng, khả năng nhân rộng cấp Bộ, trong toàn quốc của sáng kiến; xét, công nhận hiệu quả áp dụng, phạm vi ảnh hưởng cấp Bộ, trong toàn quốc của đề tài khoa học, đề án khoa học, công trình khoa học và công nghệ của Bộ Giáo dục và Đào tạo",1749/QĐ-BGDĐT,28/06/2024,28/06/2024,Bộ Giáo dục và Đào tạo,"Quyết định, Quy định",Còn hiệu lực,"http://dut.udn.vn/Files/admin/files/VanbanPhapquy/983-1749 QD quy dinh xet cong nhan hieu qua ap dung, kha nang  nhan rong cap Bo trong toan quoc cua sang kien, de tai KH.PDF",DOWNLOADED
13,0407,"Tài chính, kế toán","Quyết định về việc thanh toán trách nhiệm quản lý theo chức vụ, chức danh năm 2024",2569/QĐ-ĐHBK,26/06/2024,26/06/2024,Trường Đại học Bách khoa,"Quyết định, Quy định",Còn hiệu lực,"http://dut.udn.vn/Files/admin/files/VanbanPhapquy/6. KHTC 2569 QD thanh toan trach nhiem quan ly theo chuc vu, chuc danh nam 2024.PDF",DOWNLOADED
13,0357,Đào tạo,Danh mục ngành đào tạo thí điểm các trình độ của giáo dục đại học,1596/QĐ-BGDĐT,07/06/2024,07/06/2024,Bộ Giáo dục và Đào tạo,"Quyết định, Quy định",Còn hiệu lực,http://dut.udn.vn/Files/admin/files/VanbanPhapquy/854-1596 QD danh muc nganh dao tao thi diem cac trinh do cua giao duc dai hoc.PDF,DOWNLOADED
14,"ID LĨNH VỰC TÊN VĂN BẢN SỐ HIỆU NGÀY BAN HÀNH NGÀY HIỆU LỰC CƠ QUAN BAN HÀNH LOẠI TÌNH TRẠNG TẢI VỀ 0355 Tổ chức, hành chính Xét thăng hạng chức danh nghề nghiệp, bổ nhiệm chức danh nghề nghiệp, xếp lương, nâng bậc lương; nghỉ hưu, kéo dài thời gian công tác đối với viên chức của các đơn vị sự nghiệp công lập trực thuộc Bộ GD&ĐT 1559/QĐ-BGDĐT 04/06/2024 04/06/2024 Bộ Giáo dục và Đào tạo Quyết định, Quy định Còn hiệu lực 0356 Tổ chức, hành chính Quy định về công khai trong hoạt động của các cơ sở giáo dục thuộc hệ thống giáo dục quốc dân 09/2024/TT-BGDĐT 03/06/2024 03/06/2024 Bộ Giáo dục và Đào tạo Thông tư Còn hiệu lực 0435 Pháp chế Nghị định sửa đổi, bổ sung một số điều của Nghị định số 55/2011/NĐ-CP ngày 04 tháng 7 năm 2011 của Chính phủ quy định chức năng, nhiệm vụ, quyền hạn và tổ chức bộ máy của tổ chức pháp chế 56/2024/NĐ-CP 18/05/2024 02/07/2024 Chính phủ Nghị định Còn hiệu lực 0322 Hợp tác quốc tế Sửa đổi, bổ sung điều khoản về thủ tục tiếp nhận người nước ngoài đến học tập, nghiên cứu và làm việc tại Đại học Đà Nẵng 1787/ĐHĐN-KHHTQT 13/05/2024 13/05/2024 Đại học Đà Nẵng Công văn Còn hiệu lực 0321 Khoa học Công nghệ Quy định về tổ chức và hoạt động các nhóm nghiên cứu của Đại học Đà Nẵng 1773/QĐ-ĐHĐN 10/05/2024 10/05/2024 Đại học Đà Nẵng Quyết định, Quy định Còn hiệu lực 0313 Đào tạo Thông tư sửa đổi, bổ sung Điều 7 và thay thế Phụ lục II, III của Thông tư số 13/2021/TT-BGDĐT ngày 15/4/2021 của Bộ Giáo dục và Đào tạo quy định về điều kiện, trình tự, thủ tục, thẩm quyền công nhận văn bằng do cơ sở nước ngoài cấp để sử dụng tại việt Nam 07/2024/TT-BGDĐT 02/05/2024 02/11/2024 Bộ Giáo dục và Đào tạo Thông tư Còn hiệu lực 0406 Tổ chức, hành chính Bộ tiêu chí đánh giá, xếp loại chất lượng hằng năm đối với viên chức, người lao động của Trường Đại học Bách khoa, Đại học Đà Nẵng 1478/QĐ-ĐHBK 19/04/2024 19/04/2024 Trường Đại học Bách khoa Quyết định, Quy định Còn hiệu lực 0314 Tổ chức, hành chính Quyết định sửa đổi, bổ sung một số điều của Quy định tuyển dụng, sử dụng và quản lý viên chức của ĐHĐN ban hành kèm theo Quyết định số 551/QĐ-ĐHĐN ngày 28/01/2022 của Giám đốc ĐHĐN 1251/QĐ-ĐHĐN 04/04/2024 04/04/2024 Đại học Đà Nẵng Quyết định, Quy định Còn hiệu lực 0315 Tổ chức, hành chính Quyết định sửa đổi, bổ sung một số điều của Quy chế công nhận, bổ nhiệm, bổ nhiệm lại, kéo dài thời gian giữ chức vụ, thôi giữ chức vụ, miễn nhiệm viên chức giữ chức vụ lãnh đạo, quản lý của Đại học Đà Nẵng 1155/QĐ-ĐHĐN 29/03/2024 29/03/2024 Đại học Đà Nẵng Quyết định, Quy định Còn hiệu lực 0316 Tổ chức, hành chính Thông tư hướng dẫn về vị trí việc làm lãnh đạo, quản lý và vị trí việc làm chức danh nghề nghiệp chuyên ngành giáo dục và đào tạo trong các cơ sở giáo dục đại học và các trường cao đẳng sư phạm công lập 04/2024/TT-BGDĐT 29/03/2024 15/05/2024 Bộ Giáo dục và Đào tạo Thông tư Còn hiệu lực",ID,LĨNH VỰC,TÊN VĂN BẢN,SỐ HIỆU,NGÀY BAN HÀNH,NGÀY HIỆU LỰC,CƠ QUAN BAN HÀNH,LOẠI,http://dut.udn.vn/Files/admin/files/VanbanPhapquy/2024m4_100000000.003372908PBQPPL_CVD_042024TTBGDDTsigned-3294693.pdf,DOWNLOADED
14,ID,LĨNH VỰC,TÊN VĂN BẢN,SỐ HIỆU,NGÀY BAN HÀNH,NGÀY HIỆU LỰC,CƠ QUAN BAN HÀNH,LOẠI,TÌNH TRẠNG,,NO_PDF
14,0355,"Tổ chức, hành chính","Xét thăng hạng chức danh nghề nghiệp, bổ nhiệm chức danh nghề nghiệp, xếp lương, nâng bậc lương; nghỉ hưu, kéo dài thời gian công tác đối với viên chức của các đơn vị sự nghiệp công lập trực thuộc Bộ GD&ĐT",1559/QĐ-BGDĐT,04/06/2024,04/06/2024,Bộ Giáo dục và Đào tạo,"Quyết định, Quy định",Còn hiệu lực,"http://dut.udn.vn/Files/admin/files/VanbanPhapquy/835-1559 QD xet thang hang CDNN, BN CDNN, xep luong, nang bac luong; nghi huu, keo dai tgian cong tac voi VC cac DVSNCL.PDF",DOWNLOADED
14,0356,"Tổ chức, hành chính",Quy định về công khai trong hoạt động của các cơ sở giáo dục thuộc hệ thống giáo dục quốc dân,09/2024/TT-BGDĐT,03/06/2024,03/06/2024,Bộ Giáo dục và Đào tạo,Thông tư,Còn hiệu lực,http://dut.udn.vn/Files/admin/files/VanbanPhapquy/842-09 TT quy dinh ve cong khai trong he thong cua cac CSGD thuoc he thong giao duc quoc dan.PDF,DOWNLOADED
14,0435,Pháp chế,"Nghị định sửa đổi, bổ sung một số điều của Nghị định số 55/2011/NĐ-CP ngày 04 tháng 7 năm 2011 của Chính phủ quy định chức năng, nhiệm vụ, quyền hạn và tổ chức bộ máy của tổ chức pháp chế",56/2024/NĐ-CP,18/05/2024,02/07/2024,Chính phủ,Nghị định,Còn hiệu lực,http://dut.udn.vn/Files/admin/files/VanbanPhapquy/2024m12_100000000.8178595PBQPPL_CVD_ND_56.2024.pdf,DOWNLOADED
14,0322,Hợp tác quốc tế,"Sửa đổi, bổ sung điều khoản về thủ tục tiếp nhận người nước ngoài đến học tập, nghiên cứu và làm việc tại Đại học Đà Nẵng",1787/ĐHĐN-KHHTQT,13/05/2024,13/05/2024,Đại học Đà Nẵng,Công văn,Còn hiệu lực,"http://dut.udn.vn/Files/admin/files/VanbanPhapquy/731-1787 Sua doi, bo sung dieu khoan ve thu tuc nhan NNN den hoc tao, nghien cuu va lam viec tai DHDN.PDF",DOWNLOADED
14,0321,Khoa học Công nghệ,Quy định về tổ chức và hoạt động các nhóm nghiên cứu của Đại học Đà Nẵng,1773/QĐ-ĐHĐN,10/05/2024,10/05/2024,Đại học Đà Nẵng,"Quyết định, Quy định",Còn hiệu lực,http://dut.udn.vn/Files/admin/files/VanbanPhapquy/713-1773 QD ban hanh Quy dinh ve to chuc va hoat dong cac nhom nghien cuu cua DHDN.PDF,DOWNLOADED
14,0313,Đào tạo,"Thông tư sửa đổi, bổ sung Điều 7 và thay thế Phụ lục II, III của Thông tư số 13/2021/TT-BGDĐT ngày 15/4/2021 của Bộ Giáo dục và Đào tạo quy định về điều kiện, trình tự, thủ tục, thẩm quyền công nhận văn bằng do cơ sở nước ngoài cấp để sử dụng tại việt Nam",07/2024/TT-BGDĐT,02/05/2024,02/11/2024,Bộ Giáo dục và Đào tạo,Thông tư,Còn hiệu lực,http://dut.udn.vn/Files/admin/files/VanbanPhapquy/2024m5_100000000.533424PBQPPL_CVD_Thong_tu_07.2024 (1).pdf,DOWNLOADED
14,0406,"Tổ chức, hành chính","Bộ tiêu chí đánh giá, xếp loại chất lượng hằng năm đối với viên chức, người lao động của Trường Đại học Bách khoa, Đại học Đà Nẵng",1478/QĐ-ĐHBK,19/04/2024,19/04/2024,Trường Đại học Bách khoa,"Quyết định, Quy định",Còn hiệu lực,http://dut.udn.vn/Files/admin/files/VanbanPhapquy/5. 1478 QD ban hanh Bo tieu chi danh gia xep loai chat luong hang nam doi voi VC NLD cua Truong DHBK DHDN.PDF,DOWNLOADED
14,0314,"Tổ chức, hành chính","Quyết định sửa đổi, bổ sung một số điều của Quy định tuyển dụng, sử dụng và quản lý viên chức của ĐHĐN ban hành kèm theo Quyết định số 551/QĐ-ĐHĐN ngày 28/01/2022 của Giám đốc ĐHĐN",1251/QĐ-ĐHĐN,04/04/2024,04/04/2024,Đại học Đà Nẵng,"Quyết định, Quy định",Còn hiệu lực,"http://dut.udn.vn/Files/admin/files/VanbanPhapquy/2024m4_638484507479162238DHDN_CVDi_1251-QD_sua_doi,_bs_Quy_dinh_tuyen_dung,_su_dung.pdf",DOWNLOADED
14,0315,"Tổ chức, hành chính","Quyết định sửa đổi, bổ sung một số điều của Quy chế công nhận, bổ nhiệm, bổ nhiệm lại, kéo dài thời gian giữ chức vụ, thôi giữ chức vụ, miễn nhiệm viên chức giữ chức vụ lãnh đạo, quản lý của Đại học Đà Nẵng",1155/QĐ-ĐHĐN,29/03/2024,29/03/2024,Đại học Đà Nẵng,"Quyết định, Quy định",Còn hiệu lực,"http://dut.udn.vn/Files/admin/files/VanbanPhapquy/2024m4_638484504643751743DHDN_CVDi_1155-QD_sua_doi,_bs_quy_che_cong_nhan,_bo_nhiem.pdf",DOWNLOADED
14,0316,"Tổ chức, hành chính","Thông tư hướng dẫn về vị trí việc làm lãnh đạo, quản lý và vị trí việc làm chức danh nghề nghiệp chuyên ngành giáo dục và đào tạo trong các cơ sở giáo dục đại học và các trường cao đẳng sư phạm công lập",04/2024/TT-BGDĐT,29/03/2024,15/05/2024,Bộ Giáo dục và Đào tạo,Thông tư,Còn hiệu lực,http://dut.udn.vn/Files/admin/files/VanbanPhapquy/2024m4_100000000.003372908PBQPPL_CVD_042024TTBGDDTsigned-3294693.pdf,DOWNLOADED
15,"ID LĨNH VỰC TÊN VĂN BẢN SỐ HIỆU NGÀY BAN HÀNH NGÀY HIỆU LỰC CƠ QUAN BAN HÀNH LOẠI TÌNH TRẠNG TẢI VỀ 0317 Tổ chức, hành chính Thông tư quy định tiêu chuẩn, điều kiện xét thăng hạng chức danh nghề nghiệp viên chức giảng dạy trong các cơ sở giáo dục đại học công lập và trường cao đẳng sư phạm 05/2024/TT-BGDĐT 29/03/2024 01/06/2024 Bộ Giáo dục và Đào tạo Thông tư Còn hiệu lực 0278 Cơ sở vật chất, xây dựng Quy chế quản lý, sử dụng tài sản công tại Trường Đại học Bách khoa, Đại học Đà Nẵng 1092/QĐ-ĐHBK 25/03/2024 25/03/2024 Trường Đại học Bách khoa Quyết định, Quy định Còn hiệu lực 0405 Tổ chức, hành chính Quyết định ban hành Phụ lục thay thế Phụ lục đã được ban hành kèm theo Quyết định số 3092/QĐ-ĐHBK ngày 08 tháng 8 năm 2022 Quy định chế độ làm việc của giảng viên Trường Đại học Bách khoa, Đại học Đà Nẵng 800/QĐ-ĐHBK 01/03/2024 01/03/2024 Trường Đại học Bách khoa Quyết định, Quy định Còn hiệu lực 0288 Thi đua, khen thưởng Thông tư Quy định biện pháp thi hành Luật Thi đua, khen thưởng và Nghị định số 98/2023/NĐ-CP ngày 31 tháng 12 năm 2023 của Chính phủ quy định chi tiết thi hành một số điều của Luật Thi đua, khen thưởng 01/2024/TT-NBV 24/02/2024 15/04/2024 Bộ Nội vụ Thông tư Còn hiệu lực 0277 Công nghệ thông tin, CĐS Ban hành Chiến lược ứng dụng công nghệ thông tin và chuyển đổi số của Đại học Đà Nẵng đến năm 2035 738/QĐ-ĐHĐN 22/02/2024 22/02/2024 Đại học Đà Nẵng Quyết định, Quy định Còn hiệu lực 0271 Đào tạo Quy định về ứng dụng công nghệ thông tin trong đào tạo trực tuyến đối với giáo dục đại học 30/2023/TT-BGDĐT 13/02/2024 13/02/2024 Bộ Giáo dục và Đào tạo Thông tư Còn hiệu lực 0318 Tổ chức, hành chính Thông tư ban hành Chuẩn cơ sở giáo dục đại học 01/2024/TT-BGDĐT 05/02/2024 22/03/2024 Bộ Giáo dục và Đào tạo Thông tư Còn hiệu lực 0382 Khác Phê duyệt Chiến lược dữ liệu quốc gia đến năm 2030 142/QĐ-TTg 02/02/2024 02/02/2024 Thủ tướng Chính phủ Quyết định, Quy định Còn hiệu lực 0404 Tài chính, kế toán Ban hành Quy chế kiểm toán nội bộ Trường Đại học Bách khoa, Đại học Đà Nẵng 423/QĐ-ĐHBK 29/01/2024 29/01/2024 Trường Đại học Bách khoa Quyết định, Quy định Còn hiệu lực 0269 Đào tạo Quy định việc biên soạn, lựa chọn, thẩm định, duyệt và sử dụng tài liệu giảng dạy, giáo trình giáo dục đại học của Trường Đại học Bách khoa, Đại học Đà Nẵng 338/QĐ-ĐHBK 23/01/2024 23/01/2024 Trường Đại học Bách khoa Quyết định, Quy định Còn hiệu lực",ID,LĨNH VỰC,TÊN VĂN BẢN,SỐ HIỆU,NGÀY BAN HÀNH,NGÀY HIỆU LỰC,CƠ QUAN BAN HÀNH,LOẠI,"http://dut.udn.vn/Files/admin/files/VanbanPhapquy/338 QD quy dinh bien soan, lua chon, tham dinh, duyet su dung tai lieu giang day giao duc DH Truong DHBK_2.pdf",DOWNLOADED
15,ID,LĨNH VỰC,TÊN VĂN BẢN,SỐ HIỆU,NGÀY BAN HÀNH,NGÀY HIỆU LỰC,CƠ QUAN BAN HÀNH,LOẠI,TÌNH TRẠNG,,NO_PDF
15,0317,"Tổ chức, hành chính","Thông tư quy định tiêu chuẩn, điều kiện xét thăng hạng chức danh nghề nghiệp viên chức giảng dạy trong các cơ sở giáo dục đại học công lập và trường cao đẳng sư phạm",05/2024/TT-BGDĐT,29/03/2024,01/06/2024,Bộ Giáo dục và Đào tạo,Thông tư,Còn hiệu lực,http://dut.udn.vn/Files/admin/files/VanbanPhapquy/2024m4_100000000.533424PBQPPL_CVD_1309-05-2024-tt-bgddt_1713255768.pdf,DOWNLOADED
15,0278,"Cơ sở vật chất, xây dựng","Quy chế quản lý, sử dụng tài sản công tại Trường Đại học Bách khoa, Đại học Đà Nẵng",1092/QĐ-ĐHBK,25/03/2024,25/03/2024,Trường Đại học Bách khoa,"Quyết định, Quy định",Còn hiệu lực,"http://dut.udn.vn/Files/admin/files/VanbanPhapquy/1092 QD ban hanh Quy che quan ly, su dung tai san cong tai Truong DHBK.PDF",DOWNLOADED
15,0405,"Tổ chức, hành chính","Quyết định ban hành Phụ lục thay thế Phụ lục đã được ban hành kèm theo Quyết định số 3092/QĐ-ĐHBK ngày 08 tháng 8 năm 2022 Quy định chế độ làm việc của giảng viên Trường Đại học Bách khoa, Đại học Đà Nẵng",800/QĐ-ĐHBK,01/03/2024,01/03/2024,Trường Đại học Bách khoa,"Quyết định, Quy định",Còn hiệu lực,http://dut.udn.vn/Files/admin/files/VanbanPhapquy/4. Dao tao.  800. QD ban hanh Phu luc thay the PL da dc ban hanh kem theo QD 3092 Quy dinh che do lam viec cua GV Truong DHBK.PDF,DOWNLOADED
15,0288,"Thi đua, khen thưởng","Thông tư Quy định biện pháp thi hành Luật Thi đua, khen thưởng và Nghị định số 98/2023/NĐ-CP ngày 31 tháng 12 năm 2023 của Chính phủ quy định chi tiết thi hành một số điều của Luật Thi đua, khen thưởng",01/2024/TT-NBV,24/02/2024,15/04/2024,Bộ Nội vụ,Thông tư,Còn hiệu lực,"http://dut.udn.vn/Files/admin/files/VanbanPhapquy/6. TT so 1_2024_TT-BNV.Quy định biện pháp thi hành Luật Thi đua, khen thưởng và Nghị định số 982023NĐ-CP.pdf",DOWNLOADED
15,0277,"Công nghệ thông tin, CĐS",Ban hành Chiến lược ứng dụng công nghệ thông tin và chuyển đổi số của Đại học Đà Nẵng đến năm 2035,738/QĐ-ĐHĐN,22/02/2024,22/02/2024,Đại học Đà Nẵng,"Quyết định, Quy định",Còn hiệu lực,http://dut.udn.vn/Files/admin/files/VanbanPhapquy/320-738 QD ban hanh Chien luoc ung dung CNTT va chuyen doi so cua DHDN den nam 2035.PDF,DOWNLOADED
15,0271,Đào tạo,Quy định về ứng dụng công nghệ thông tin trong đào tạo trực tuyến đối với giáo dục đại học,30/2023/TT-BGDĐT,13/02/2024,13/02/2024,Bộ Giáo dục và Đào tạo,Thông tư,Còn hiệu lực,http://dut.udn.vn/Files/admin/files/VanbanPhapquy/2024m1_100000000.533424PBQPPL_CVD_302023TT-BGDDT.pdf,DOWNLOADED
15,0318,"Tổ chức, hành chính",Thông tư ban hành Chuẩn cơ sở giáo dục đại học,01/2024/TT-BGDĐT,05/02/2024,22/03/2024,Bộ Giáo dục và Đào tạo,Thông tư,Còn hiệu lực,http://dut.udn.vn/Files/admin/files/VanbanPhapquy/2024m2_100000000.533424PBQPPL_CVD_01-2024-tt-bgddt_1707990276.pdf,DOWNLOADED
15,0382,Khác,Phê duyệt Chiến lược dữ liệu quốc gia đến năm 2030,142/QĐ-TTg,02/02/2024,02/02/2024,Thủ tướng Chính phủ,"Quyết định, Quy định",Còn hiệu lực,http://dut.udn.vn/Files/admin/files/VanbanPhapquy/142-2024-ttg.signed.pdf,DOWNLOADED
15,0404,"Tài chính, kế toán","Ban hành Quy chế kiểm toán nội bộ Trường Đại học Bách khoa, Đại học Đà Nẵng",423/QĐ-ĐHBK,29/01/2024,29/01/2024,Trường Đại học Bách khoa,"Quyết định, Quy định",Còn hiệu lực,http://dut.udn.vn/Files/admin/files/VanbanPhapquy/2. 423 QD ban hanh Quy che kiem toan noi bo cua Truong DHBK.PDF,DOWNLOADED
15,0269,Đào tạo,"Quy định việc biên soạn, lựa chọn, thẩm định, duyệt và sử dụng tài liệu giảng dạy, giáo trình giáo dục đại học của Trường Đại học Bách khoa, Đại học Đà Nẵng",338/QĐ-ĐHBK,23/01/2024,23/01/2024,Trường Đại học Bách khoa,"Quyết định, Quy định",Còn hiệu lực,"http://dut.udn.vn/Files/admin/files/VanbanPhapquy/338 QD quy dinh bien soan, lua chon, tham dinh, duyet su dung tai lieu giang day giao duc DH Truong DHBK_2.pdf",DOWNLOADED
16,"ID LĨNH VỰC TÊN VĂN BẢN SỐ HIỆU NGÀY BAN HÀNH NGÀY HIỆU LỰC CƠ QUAN BAN HÀNH LOẠI TÌNH TRẠNG TẢI VỀ 0308 Thanh tra, kiểm tra Thông tư quy định về báo cáo công tác thanh tra, tiếp công dân, giải quyết khiếu nại, tố cáo và phòng chống tham nhũng, tiêu cực 01/2024/TT-TTCP 20/01/2024 05/03/2024 Thanh tra chính phủ Thông tư Còn hiệu lực 0270 Tài chính, kế toán Nghị định sửa đổi, bổ sung một số điều cuả Nghị định số 81/2021/NĐ-CP ngày 27/8/2021 của Chính phủ quy định về cơ chế thu, quản lý học phí đối với cơ sở giáo dục thuộc hệ thống giáo dục quốc dân và chính sách miễn giảm học phí, hỗ trợ chi phí học tập; giá dịch vụ trong lĩnh vực giáo dục đào tạo 97/2023/NĐ-CP 31/12/2023 31/12/2023 Chính phủ Nghị định Còn hiệu lực 0287 Thi đua, khen thưởng Nghị định quy định chi tiết một số điều của Luật Thi đua, khen thưởng 98/2023/NĐ-CP 31/12/2023 01/01/2024 Chính phủ Nghị định Còn hiệu lực 0267 Thi đua, khen thưởng Quy định chi tiết thi hành một số điều của Luật Thi đua, khen thưởng đối với ngành Giáo dục 29/2023/TT-BGDĐT 29/12/2023 15/02/2024 Bộ Giáo dục và Đào tạo Thông tư Còn hiệu lực 0268 Đào tạo Quy định về ứng dụng công nghệ thông tin trong đào tạo trực tuyến đối với giáo dục đại học 30/2023/TT-BGDĐT 29/12/2023 29/12/2023 Bộ Giáo dục và Đào tạo Thông tư Còn hiệu lực 0330 Thi đua, khen thưởng Thông tư số 39/2023/TT-BGDĐT ngày 29/12/2023 Quy định chi tiết thi hành một số điều của Luật thi đua, khen thưởng 39/2023/TT-BGDĐT 29/12/2023 29/12/2023 Bộ Giáo dục và Đào tạo Thông tư Còn hiệu lực 0266 Đào tạo Quy chế đào tạo từ xa trình độ đại học 28/2023/TT-BGDĐT 28/12/2023 12/02/2024 Bộ Giáo dục và Đào tạo Thông tư Còn hiệu lực 0265 Tổ chức, hành chính Quy định bổ nhiệm, bổ nhiệm lại, công nhận lại chức danh giáo sư, phó giáo sư tại Trường Đại học Bách khoa, Đại học Đà Nẵng 4799/QĐ-ĐHBK 15/12/2023 15/12/2023 Trường Đại học Bách khoa Quyết định, Quy định Còn hiệu lực 0319 Tổ chức, hành chính Nghị định 85/2023/NĐ-CP sửa đổi, bổ sung một số điều của Nghị định số 115/2020/NĐ-CP ngày 25 tháng 9 năm 2020 về tuyển dụng, sử dụng và quản lý viên chức 85/2023/NĐ-CP 07/12/2023 07/12/2023 Chính phủ Nghị định Còn hiệu lực 0263 Tổ chức, hành chính Quy chế nâng bậc lương trước thời hạn do lập thành tích xuất sắc trong thực hiện nhiệm vụ đối với viên chức, người lao động của Đại học Đà Nẵng 5005/QĐ-ĐHĐN 27/11/2023 27/11/2023 Đại học Đà Nẵng Quyết định, Quy định Còn hiệu lực",ID,LĨNH VỰC,TÊN VĂN BẢN,SỐ HIỆU,NGÀY BAN HÀNH,NGÀY HIỆU LỰC,CƠ QUAN BAN HÀNH,LOẠI,http://dut.udn.vn/Files/admin/files/VanbanPhapquy/5005-1631 QD BH Quy che nang bac luong truoc thoi han do lap thanh tich xuat sac trong thuc hien nhiem vu doi VC-NLD cua DHDN .PDF,DOWNLOADED
16,ID,LĨNH VỰC,TÊN VĂN BẢN,SỐ HIỆU,NGÀY BAN HÀNH,NGÀY HIỆU LỰC,CƠ QUAN BAN HÀNH,LOẠI,TÌNH TRẠNG,,NO_PDF
16,0308,"Thanh tra, kiểm tra","Thông tư quy định về báo cáo công tác thanh tra, tiếp công dân, giải quyết khiếu nại, tố cáo và phòng chống tham nhũng, tiêu cực",01/2024/TT-TTCP,20/01/2024,05/03/2024,Thanh tra chính phủ,Thông tư,Còn hiệu lực,"http://dut.udn.vn/Files/admin/files/VanbanPhapquy/18. TT. 01_2024_TT-TTCP_ quy dinh bao cao cong tac thanh tra, kiem tra, tiep cong dan, gai quyet khieu nai to cao.pdf",DOWNLOADED
16,0270,"Tài chính, kế toán","Nghị định sửa đổi, bổ sung một số điều cuả Nghị định số 81/2021/NĐ-CP ngày 27/8/2021 của Chính phủ quy định về cơ chế thu, quản lý học phí đối với cơ sở giáo dục thuộc hệ thống giáo dục quốc dân và chính sách miễn giảm học phí, hỗ trợ chi phí học tập; giá dịch vụ trong lĩnh vực giáo dục đào tạo",97/2023/NĐ-CP,31/12/2023,31/12/2023,Chính phủ,Nghị định,Còn hiệu lực,http://dut.udn.vn/Files/admin/files/VanbanPhapquy/2024m1_100000000.533424PBQPPL_CVD_ND_97.2023.NDCP.pdf,DOWNLOADED
16,0287,"Thi đua, khen thưởng","Nghị định quy định chi tiết một số điều của Luật Thi đua, khen thưởng",98/2023/NĐ-CP,31/12/2023,01/01/2024,Chính phủ,Nghị định,Còn hiệu lực,http://dut.udn.vn/Files/admin/files/VanbanPhapquy/4. ND so  98. 2023. Nhi dinh chi tiet mot so dieu Luat TĐKT.pdf,DOWNLOADED
16,0267,"Thi đua, khen thưởng","Quy định chi tiết thi hành một số điều của Luật Thi đua, khen thưởng đối với ngành Giáo dục",29/2023/TT-BGDĐT,29/12/2023,15/02/2024,Bộ Giáo dục và Đào tạo,Thông tư,Còn hiệu lực,http://dut.udn.vn/Files/admin/files/VanbanPhapquy/68 - 29.2023 Thong tu Quy dinh chi tiet thi hanh mot so dieu cua Luat TDKT doi voi nganh giao duc (1).PDF,DOWNLOADED
16,0268,Đào tạo,Quy định về ứng dụng công nghệ thông tin trong đào tạo trực tuyến đối với giáo dục đại học,30/2023/TT-BGDĐT,29/12/2023,29/12/2023,Bộ Giáo dục và Đào tạo,Thông tư,Còn hiệu lực,http://dut.udn.vn/Files/admin/files/VanbanPhapquy/62 - 30.2023 TT quy dinh ve ung dung CNTT trong dao tao truyen tuyen doi voi giao duc dai hoc.PDF,DOWNLOADED
16,0330,"Thi đua, khen thưởng","Thông tư số 39/2023/TT-BGDĐT ngày 29/12/2023 Quy định chi tiết thi hành một số điều của Luật thi đua, khen thưởng",39/2023/TT-BGDĐT,29/12/2023,29/12/2023,Bộ Giáo dục và Đào tạo,Thông tư,Còn hiệu lực,http://dut.udn.vn/Files/admin/files/VanbanPhapquy/Thong tu so 29_2023_TT-BGDĐT Quy dinh chi tiet thi hanh mot so dieu cua Luat TĐKT.pdf,DOWNLOADED
16,0266,Đào tạo,Quy chế đào tạo từ xa trình độ đại học,28/2023/TT-BGDĐT,28/12/2023,12/02/2024,Bộ Giáo dục và Đào tạo,Thông tư,Còn hiệu lực,http://dut.udn.vn/Files/admin/files/VanbanPhapquy/32-28 TT ban hanh Quy che dao tao tu xa trinh do dai hoc.PDF,DOWNLOADED
16,0265,"Tổ chức, hành chính","Quy định bổ nhiệm, bổ nhiệm lại, công nhận lại chức danh giáo sư, phó giáo sư tại Trường Đại học Bách khoa, Đại học Đà Nẵng",4799/QĐ-ĐHBK,15/12/2023,15/12/2023,Trường Đại học Bách khoa,"Quyết định, Quy định",Còn hiệu lực,http://dut.udn.vn/Files/admin/files/VanbanPhapquy/4799 QD BH Quy dinh bo nhiem-bo nhiem lai - cong nhan lai chuc danh giao su- Pho giao su tai Truong DHBK-DHDN.PDF,DOWNLOADED
16,0319,"Tổ chức, hành chính","Nghị định 85/2023/NĐ-CP sửa đổi, bổ sung một số điều của Nghị định số 115/2020/NĐ-CP ngày 25 tháng 9 năm 2020 về tuyển dụng, sử dụng và quản lý viên chức",85/2023/NĐ-CP,07/12/2023,07/12/2023,Chính phủ,Nghị định,Còn hiệu lực,http://dut.udn.vn/Files/admin/files/VanbanPhapquy/2023m12_100000000.533424PBQPPL_CVD_85_2023_ND-CP_590467.pdf,DOWNLOADED
16,0263,"Tổ chức, hành chính","Quy chế nâng bậc lương trước thời hạn do lập thành tích xuất sắc trong thực hiện nhiệm vụ đối với viên chức, người lao động của Đại học Đà Nẵng",5005/QĐ-ĐHĐN,27/11/2023,27/11/2023,Đại học Đà Nẵng,"Quyết định, Quy định",Còn hiệu lực,http://dut.udn.vn/Files/admin/files/VanbanPhapquy/5005-1631 QD BH Quy che nang bac luong truoc thoi han do lap thanh tich xuat sac trong thuc hien nhiem vu doi VC-NLD cua DHDN .PDF,DOWNLOADED
17,"ID LĨNH VỰC TÊN VĂN BẢN SỐ HIỆU NGÀY BAN HÀNH NGÀY HIỆU LỰC CƠ QUAN BAN HÀNH LOẠI TÌNH TRẠNG TẢI VỀ 0320 Khoa học Công nghệ Hướng dẫn khung đảm bảo chất lượng trong nghiên cứu khoa học 4960/HD-ĐHĐN 23/11/2023 23/11/2023 Bộ Giáo dục và Đào tạo Công văn Còn hiệu lực 0272 Đào tạo Quyết định 4912/QĐ-ĐHĐN Quy định về việc biên soạn, lựa chọn, thẩm định, phê duyệt và sử dụng tài liệu giảng dạy, giáo trình giáo dục đại học trong các đơn vị đào tạo thuộc, trực thuộc Đại học Đà Nẵng 4912/QĐ-ĐHĐN 20/11/2023 20/11/2023 Đại học Đà Nẵng Quyết định, Quy định Còn hiệu lực 0262 Tổ chức, hành chính Quy định chấm công bằng quét dấu vân tay tại Trường Đại học Bách khoa, Đại học Đà Nẵng 4347/QĐ-ĐHBK 17/11/2023 17/11/2023 Trường Đại học Bách khoa Quyết định, Quy định Còn hiệu lực 0261 Tổ chức, hành chính Sửa đổi, bổ sung một số điều của Quy định tuyển chọn giảng viên cơ hữu, giảng viên nguồn đi học theo Quyết định số 89/QĐ-TTg ngày 18/01/2019 của Thủ tướng Chính phủ phê duyệt Đề án Nâng cao năng lực đội ngũ giảng viên, cán bộ quản lý các CSGDĐH đáp ứng yêu cầu đổi mới căn bản, toàn diện giáo dục và đào tạo giai đoạn 2019-2030 ban hành theo QĐ số 4274/QĐ-ĐHĐN ngày 15/12/2021 của Giám đốc Đại học Đà Nẵng 4794/QĐ-ĐHĐN 10/11/2023 10/11/2023 Đại học Đà Nẵng Quyết định, Quy định Còn hiệu lực 0273 Tổ chức, hành chính Công văn về việc ban hành Bộ tiêu chí đánh giá, chấm điểm thi đua các trường đại học thành viên năm học 2023-2024 4796/ĐHĐN-TCCB 10/11/2023 10/11/2023 Đại học Đà Nẵng Công văn Còn hiệu lực 0260 Tài chính, kế toán Quy định về việc thanh toán giờ giảng của Trường Đại học Bách khoa, Đại học Đà Nẵng 4171/QĐ-ĐHBK 06/11/2023 06/11/2023 Trường Đại học Bách khoa Quyết định, Quy định Còn hiệu lực 0259 Tuyển sinh Sửa đổi, bổ sung một số điều của Quy chế tuyển sinh trình độ tiến sĩ và thay thế Phụ lục IV ban hành kèm theo Quyết định số 3297/QĐ-ĐHĐN ngày 29/9/2021 của Giám đốc Đại học Đà Nẵng 4495/QĐ-ĐHĐN 19/10/2023 19/10/2023 Đại học Đà Nẵng Quyết định, Quy định Còn hiệu lực 0256 Thanh tra, kiểm tra Ban hành Quy chế tổ chức và hoạt động Đoàn thanh tra của Bộ Giáo dục và Đào tạo 2858/QĐ-BGDĐT 29/09/2023 29/09/2023 Chính phủ Quyết định, Quy định Còn hiệu lực 0274 Tổ chức, hành chính Thông tư hướng dẫn về vị trí việc làm công chức nghiệp vụ chuyên ngành Giáo dục 15/2023/TT-BGDĐT 28/09/2023 28/09/2023 Bộ Giáo dục và Đào tạo Thông tư Còn hiệu lực 0353 Pháp chế Công văn số 5132/BGDDT-PC Hướng dẫn nhiệm vụ năm học 2023-2024 về Công tác pháp chế 5132/BGDDT-PC 21/09/2023 21/09/2023 Bộ Giáo dục và Đào tạo Công văn Còn hiệu lực",ID,LĨNH VỰC,TÊN VĂN BẢN,SỐ HIỆU,NGÀY BAN HÀNH,NGÀY HIỆU LỰC,CƠ QUAN BAN HÀNH,LOẠI,http://dut.udn.vn/Files/admin/files/VanbanPhapquy/18. Cong van so 5132_BGDĐT-PC_Huong dan nhiem vu nam hoc 2023-2024 ve cong tac phap che.pdf,FAILED
17,ID,LĨNH VỰC,TÊN VĂN BẢN,SỐ HIỆU,NGÀY BAN HÀNH,NGÀY HIỆU LỰC,CƠ QUAN BAN HÀNH,LOẠI,TÌNH TRẠNG,,NO_PDF
17,0320,Khoa học Công nghệ,Hướng dẫn khung đảm bảo chất lượng trong nghiên cứu khoa học,4960/HD-ĐHĐN,23/11/2023,23/11/2023,Bộ Giáo dục và Đào tạo,Công văn,Còn hiệu lực,http://dut.udn.vn/Files/admin/files/VanbanPhapquy/2023m11_638363460938650900DHDN_CVDi_2023-4960_HD-DHDN_Huong_dan_khung_Dam_bao_chat_luong_NCKH.pdf,DOWNLOADED
17,0272,Đào tạo,"Quyết định 4912/QĐ-ĐHĐN Quy định về việc biên soạn, lựa chọn, thẩm định, phê duyệt và sử dụng tài liệu giảng dạy, giáo trình giáo dục đại học trong các đơn vị đào tạo thuộc, trực thuộc Đại học Đà Nẵng",4912/QĐ-ĐHĐN,20/11/2023,20/11/2023,Đại học Đà Nẵng,"Quyết định, Quy định",Còn hiệu lực,http://dut.udn.vn/Files/admin/files/VanbanPhapquy/2023m11_638367810428134634DHDN_CVDi_4912-qd-ban-hanh-quy-dinh-bs-td-pd-va-sd-tlgd-giao-trinh-gddh-tai-dv-thuoc-truc-thuoc-dhdn_1700810604.pdf,DOWNLOADED
17,0262,"Tổ chức, hành chính","Quy định chấm công bằng quét dấu vân tay tại Trường Đại học Bách khoa, Đại học Đà Nẵng",4347/QĐ-ĐHBK,17/11/2023,17/11/2023,Trường Đại học Bách khoa,"Quyết định, Quy định",Còn hiệu lực,http://dut.udn.vn/Files/admin/files/VanbanPhapquy/4374 QD Ban hanh Quy dinh cham cong bang quet dau van tay tai Truong DHBK-DHDN.PDF,DOWNLOADED
17,0261,"Tổ chức, hành chính","Sửa đổi, bổ sung một số điều của Quy định tuyển chọn giảng viên cơ hữu, giảng viên nguồn đi học theo Quyết định số 89/QĐ-TTg ngày 18/01/2019 của Thủ tướng Chính phủ phê duyệt Đề án Nâng cao năng lực đội ngũ giảng viên, cán bộ quản lý các CSGDĐH đáp ứng yêu cầu đổi mới căn bản, toàn diện giáo dục và đào tạo giai đoạn 2019-2030 ban hành theo QĐ số 4274/QĐ-ĐHĐN ngày 15/12/2021 của Giám đốc Đại học Đà Nẵng",4794/QĐ-ĐHĐN,10/11/2023,10/11/2023,Đại học Đà Nẵng,"Quyết định, Quy định",Còn hiệu lực,http://dut.udn.vn/Files/admin/files/VanbanPhapquy/4794-1557 QD sua doi -bo sung mot so dieu Quy dinh tuyen chon GV co huu-GV nguon... so 4274 QD-DHDN ngay 15-12-2021 cua Giam doc DHDN.PDF,DOWNLOADED
17,0273,"Tổ chức, hành chính","Công văn về việc ban hành Bộ tiêu chí đánh giá, chấm điểm thi đua các trường đại học thành viên năm học 2023-2024",4796/ĐHĐN-TCCB,10/11/2023,10/11/2023,Đại học Đà Nẵng,Công văn,Còn hiệu lực,http://dut.udn.vn/Files/admin/files/VanbanPhapquy/2023m11_638355677777488213DHDN_CVDi_1_1699927951.pdf,DOWNLOADED
17,0260,"Tài chính, kế toán","Quy định về việc thanh toán giờ giảng của Trường Đại học Bách khoa, Đại học Đà Nẵng",4171/QĐ-ĐHBK,06/11/2023,06/11/2023,Trường Đại học Bách khoa,"Quyết định, Quy định",Còn hiệu lực,http://dut.udn.vn/Files/admin/files/VanbanPhapquy/4171_qd_quy_dinh_thanh_toan_gio_giang_cua_truong.pdf,DOWNLOADED
17,0259,Tuyển sinh,"Sửa đổi, bổ sung một số điều của Quy chế tuyển sinh trình độ tiến sĩ và thay thế Phụ lục IV ban hành kèm theo Quyết định số 3297/QĐ-ĐHĐN ngày 29/9/2021 của Giám đốc Đại học Đà Nẵng",4495/QĐ-ĐHĐN,19/10/2023,19/10/2023,Đại học Đà Nẵng,"Quyết định, Quy định",Còn hiệu lực,http://dut.udn.vn/Files/admin/files/VanbanPhapquy/4495-1430 QD Sua doi mot so dieu cua Quy che tuyen sinh trinh do tien si va thay the Phu luc IV...cua Giam doc DHDN.PDF,DOWNLOADED
17,0256,"Thanh tra, kiểm tra",Ban hành Quy chế tổ chức và hoạt động Đoàn thanh tra của Bộ Giáo dục và Đào tạo,2858/QĐ-BGDĐT,29/09/2023,29/09/2023,Chính phủ,"Quyết định, Quy định",Còn hiệu lực,http://dut.udn.vn/Files/admin/files/VanbanPhapquy/2023m10_100000000.9220027PBQPPL_CVD_Quy_che_to_chuc_va_hoat_dong_Doan_thanh_tra_cua_Bo_Giao_duc_va_Dao_tao.pdf,DOWNLOADED
17,0274,"Tổ chức, hành chính",Thông tư hướng dẫn về vị trí việc làm công chức nghiệp vụ chuyên ngành Giáo dục,15/2023/TT-BGDĐT,28/09/2023,28/09/2023,Bộ Giáo dục và Đào tạo,Thông tư,Còn hiệu lực,,NO_PDF
17,0353,Pháp chế,Công văn số 5132/BGDDT-PC Hướng dẫn nhiệm vụ năm học 2023-2024 về Công tác pháp chế,5132/BGDDT-PC,21/09/2023,21/09/2023,Bộ Giáo dục và Đào tạo,Công văn,Còn hiệu lực,http://dut.udn.vn/Files/admin/files/VanbanPhapquy/18. Cong van so 5132_BGDĐT-PC_Huong dan nhiem vu nam hoc 2023-2024 ve cong tac phap che.pdf,FAILED
18,"ID LĨNH VỰC TÊN VĂN BẢN SỐ HIỆU NGÀY BAN HÀNH NGÀY HIỆU LỰC CƠ QUAN BAN HÀNH LOẠI TÌNH TRẠNG TẢI VỀ 0254 Tổ chức, hành chính Ban hành Quy định quản lý và sử dụng chứng thư số, chữ ký số của Đại học Đà Nẵng 3496/QĐ-ĐHĐN 21/08/2023 21/08/2023 Đại học Đà Nẵng Quyết định, Quy định Còn hiệu lực 0257 Tổ chức, hành chính Quyết định về việc công bố thủ tục hành chính nội bộ giữa các cơ quan hành chính nhà nước thuộc phạm vi chức năng quản lý của Bộ Giáo dục và Đào tạo 2344/QĐ-BGDĐT 14/08/2023 14/08/2023 Bộ Giáo dục và Đào tạo Quyết định, Quy định Còn hiệu lực 0374 Pháp chế Quy định chi tiết một số điều của Luật Thực hiện dân chủ ở cơ sở 59/2023/NĐ-CP 14/08/2023 14/08/2023 Chính phủ Nghị định Còn hiệu lực 0258 Tổ chức, hành chính Bãi bỏ một số Thông tư do Bộ Nội vụ ban hành quy định về tuyển dụng công chức, viên chức, nâng ngạch công chức, thăng hạng viên chức và thực hiện chế độ hợp đồng một số loại công việc trong cơ quan hành chính nhà nước, đơn vị sự nghiệp công lập 12/2023/TT-BNV 08/08/2023 01/10/2023 Bộ Nội vụ Thông tư Còn hiệu lực 0228 Khoa học Công nghệ Ban hành Phụ lục thay thế Phụ lục tính quy đổi giờ nghiên cứu khoa học đã được ban hành kèm theo Quyết định 4766/QĐ-ĐHĐN ngày 28/12/2020 của Giám đốc ĐHĐN 3237/QĐ-ĐHĐN 31/07/2023 31/07/2023 Đại học Đà Nẵng Quyết định, Quy định Còn hiệu lực 0229 Tổ chức, hành chính Công văn hướng dẫn một số nội dung liên quan đến việc quản lý viên chức đi đào tạo trong nước khi hết thời gian được cử đi đào tạo 3175/ĐHĐN-TCCB 27/07/2023 27/07/2023 Đại học Đà Nẵng Công văn Còn hiệu lực 0230 Tổ chức, hành chính Quyết định về việc giao Hiệu trưởng các trường đại học thành viên quyết định bổ nhiệm chức danh nghề nghiệp viên chức 3106/QĐ-ĐHĐN 24/07/2023 24/07/2023 Đại học Đà Nẵng Quyết định, Quy định Còn hiệu lực 0231 Đảm bảo chất lượng, KĐCL Quyết định ban hành Chính sách đảm bảo chất lượng giáo dục của Đại học Đà Nẵng (cập nhật năm 2023) 3109/QĐ-ĐHĐN 24/07/2023 24/07/2023 Đại học Đà Nẵng Quyết định, Quy định Còn hiệu lực 0232 Học liệu, truyền thông Quy định tiêu chuẩn thư viện cơ sở giáo dục đại học 14/2023/TT-BGDĐT 17/07/2023 01/09/2023 Bộ Giáo dục và Đào tạo Thông tư Còn hiệu lực 0286 Tổ chức, hành chính Nghị định sửa đổi, bổ sung một số điều của nghị định số 90/2020/NĐ-CP ngày 13 tháng 8 năm 2020 về đánh giá, xếp loại chất lượng cán bộ, công chức, viên chức 48/2023/NĐ-CP 17/07/2023 15/09/2023 Chính phủ Nghị định Còn hiệu lực",ID,LĨNH VỰC,TÊN VĂN BẢN,SỐ HIỆU,NGÀY BAN HÀNH,NGÀY HIỆU LỰC,CƠ QUAN BAN HÀNH,LOẠI,"http://dut.udn.vn/Files/admin/files/VanbanPhapquy/3. ND so . 48_2023_ND-CP. Nghị định sửa đổi, bổ sung một số điều của nghị định số 902020NĐ-CP.pdf",DOWNLOADED
18,ID,LĨNH VỰC,TÊN VĂN BẢN,SỐ HIỆU,NGÀY BAN HÀNH,NGÀY HIỆU LỰC,CƠ QUAN BAN HÀNH,LOẠI,TÌNH TRẠNG,,NO_PDF
18,0254,"Tổ chức, hành chính","Ban hành Quy định quản lý và sử dụng chứng thư số, chữ ký số của Đại học Đà Nẵng",3496/QĐ-ĐHĐN,21/08/2023,21/08/2023,Đại học Đà Nẵng,"Quyết định, Quy định",Còn hiệu lực,http://dut.udn.vn/Files/admin/files/VanbanPhapquy/3496-1182 QD ban hanh Quy dinh Quan ly va su dung chung thu so-chu ky so cua DHDN.PDF,DOWNLOADED
18,0257,"Tổ chức, hành chính",Quyết định về việc công bố thủ tục hành chính nội bộ giữa các cơ quan hành chính nhà nước thuộc phạm vi chức năng quản lý của Bộ Giáo dục và Đào tạo,2344/QĐ-BGDĐT,14/08/2023,14/08/2023,Bộ Giáo dục và Đào tạo,"Quyết định, Quy định",Còn hiệu lực,http://dut.udn.vn/Files/admin/files/VanbanPhapquy/2023m8_100000000.533424PBQPPL_CVD_quyet-dinh-cong-bo-tthc-noi-bo.pdf,FAILED
18,0374,Pháp chế,Quy định chi tiết một số điều của Luật Thực hiện dân chủ ở cơ sở,59/2023/NĐ-CP,14/08/2023,14/08/2023,Chính phủ,Nghị định,Còn hiệu lực,http://dut.udn.vn/Files/admin/files/VanbanPhapquy/2. Nghi dinh 59_2023_NĐ-CP Quy dinh mot so dieu cua Luat thuc hien dan chu ơ co so.pdf,DOWNLOADED
18,0258,"Tổ chức, hành chính","Bãi bỏ một số Thông tư do Bộ Nội vụ ban hành quy định về tuyển dụng công chức, viên chức, nâng ngạch công chức, thăng hạng viên chức và thực hiện chế độ hợp đồng một số loại công việc trong cơ quan hành chính nhà nước, đơn vị sự nghiệp công lập",12/2023/TT-BNV,08/08/2023,01/10/2023,Bộ Nội vụ,Thông tư,Còn hiệu lực,http://dut.udn.vn/Files/admin/files/VanbanPhapquy/2023m10_100000000.533424PBQPPL_CVD_TT122023.pdf,DOWNLOADED
18,0228,Khoa học Công nghệ,Ban hành Phụ lục thay thế Phụ lục tính quy đổi giờ nghiên cứu khoa học đã được ban hành kèm theo Quyết định 4766/QĐ-ĐHĐN ngày 28/12/2020 của Giám đốc ĐHĐN,3237/QĐ-ĐHĐN,31/07/2023,31/07/2023,Đại học Đà Nẵng,"Quyết định, Quy định",Còn hiệu lực,http://dut.udn.vn/Files/admin/files/VanbanPhapquy/3237-1124 QD BH phu luc thay the PL tinh quy doi gio NCKH da ban hanh kem theo QD so 4766 QD-DHDN ngay 28-12-2020 cua GD DHDN.PDF,DOWNLOADED
18,0229,"Tổ chức, hành chính",Công văn hướng dẫn một số nội dung liên quan đến việc quản lý viên chức đi đào tạo trong nước khi hết thời gian được cử đi đào tạo,3175/ĐHĐN-TCCB,27/07/2023,27/07/2023,Đại học Đà Nẵng,Công văn,Còn hiệu lực,http://dut.udn.vn/Files/admin/files/VanbanPhapquy/2023m7_638263887525294822DHDN_CVDi_cv-3175-huong-dan-dao-tao-trong-nuoc-het-han-0001_1690595984.pdf,DOWNLOADED
18,0230,"Tổ chức, hành chính",Quyết định về việc giao Hiệu trưởng các trường đại học thành viên quyết định bổ nhiệm chức danh nghề nghiệp viên chức,3106/QĐ-ĐHĐN,24/07/2023,24/07/2023,Đại học Đà Nẵng,"Quyết định, Quy định",Còn hiệu lực,http://dut.udn.vn/Files/admin/files/VanbanPhapquy/2023m7_638260667007956753DHDN_CVDi_qd-3206-giao-hieu-truong-bo-nhiem-cdnn-vien-chuc-0001_1690162334.pdf,DOWNLOADED
18,0231,"Đảm bảo chất lượng, KĐCL",Quyết định ban hành Chính sách đảm bảo chất lượng giáo dục của Đại học Đà Nẵng (cập nhật năm 2023),3109/QĐ-ĐHĐN,24/07/2023,24/07/2023,Đại học Đà Nẵng,"Quyết định, Quy định",Còn hiệu lực,http://dut.udn.vn/Files/admin/files/VanbanPhapquy/2023m7_638259660351905181DHDN_CVDi_2023-3109-qd-dhdn-2407-ban-hanh-chinh-sach-dbclgd-dhdn-cap-nhat-nam-2023_1690192010.pdf,DOWNLOADED
18,0232,"Học liệu, truyền thông",Quy định tiêu chuẩn thư viện cơ sở giáo dục đại học,14/2023/TT-BGDĐT,17/07/2023,01/09/2023,Bộ Giáo dục và Đào tạo,Thông tư,Còn hiệu lực,http://dut.udn.vn/Files/admin/files/VanbanPhapquy/2023m7_100000000.533424PBQPPL_CVD_2422-14-2023-tt-bgddt_1690163510.pdf,DOWNLOADED
18,0286,"Tổ chức, hành chính","Nghị định sửa đổi, bổ sung một số điều của nghị định số 90/2020/NĐ-CP ngày 13 tháng 8 năm 2020 về đánh giá, xếp loại chất lượng cán bộ, công chức, viên chức",48/2023/NĐ-CP,17/07/2023,15/09/2023,Chính phủ,Nghị định,Còn hiệu lực,"http://dut.udn.vn/Files/admin/files/VanbanPhapquy/3. ND so . 48_2023_ND-CP. Nghị định sửa đổi, bổ sung một số điều của nghị định số 902020NĐ-CP.pdf",DOWNLOADED
19,"ID LĨNH VỰC TÊN VĂN BẢN SỐ HIỆU NGÀY BAN HÀNH NGÀY HIỆU LỰC CƠ QUAN BAN HÀNH LOẠI TÌNH TRẠNG TẢI VỀ 0227 Đào tạo Quy định về việc biên soạn, lựa chọn giáo trình giáo dục đại học dùng chung trong Đại học Đà Nẵng 2852/QĐ-ĐHĐN 05/07/2023 05/07/2023 Đại học Đà Nẵng Quyết định, Quy định Còn hiệu lực 0290 Thanh tra, kiểm tra Luật thanh tra 2022 11/2022/QH15 01/07/2023 01/07/2023 Quốc hội Luật, Pháp lệnh Còn hiệu lực 0295 Thanh tra, kiểm tra Nghị định quy định chi tiết một số điều Luật thanh tra 2022 43/2023/NĐ-CP 30/06/2023 15/08/2023 Chính phủ Nghị định Còn hiệu lực 0233 Hợp tác quốc tế Quy định về công tác quản lý hợp tác quốc tế tại Đại học Đà Nẵng 2268/QĐ-ĐHĐN 01/06/2023 01/06/2023 Đại học Đà Nẵng Quyết định, Quy định Còn hiệu lực 0354 Pháp chế Công văn số 1855/BTP-PBGDPL về việc hưởng ứng Ngày Pháp luật nước Cộng hòa xã hội chủ nghĩa Việt Nam 1855/BTP-PBGDPL 11/05/2023 11/05/2023 Bộ Tư pháp Công văn Còn hiệu lực 0234 Tổ chức, hành chính Chiến lược phát triển Đại học Đà Nẵng đến năm 2030 và tầm nhìn đến năm 2045 23/NQ-HĐĐH 28/04/2023 28/04/2023 Đại học Đà Nẵng Nghị quyết Còn hiệu lực 0226 Tuyển sinh Quy định mức thu và hình thức thu các loại phí cho hoạt động tuyển sinh năm 2023 1340/QĐ-ĐHBK 11/04/2023 11/04/2023 Trường Đại học Bách khoa Quyết định, Quy định Còn hiệu lực 0342 Thi đua, khen thưởng Kế hoạch 595/KH-BGDĐT ngày 10/4/2023 Triển khai Đề án “Tuyên truyền gương điển hình tiên tiến giai đoạn 2023-2025” của ngành giáo dục. 595/KH-BGDĐT 10/04/2023 10/04/2023 Bộ Giáo dục và Đào tạo Kế hoạch Còn hiệu lực 0375 Pháp chế Kế hoạch triển khai thi hành Luật Thực hiện dân chủ ở cơ sở 346/QĐ-TTg 06/04/2023 06/04/2023 Thủ tướng Chính phủ Quyết định, Quy định Còn hiệu lực 0341 Thi đua, khen thưởng Công văn số 1368/BGDĐT-TCCB ngày 31/3/2023 của Bộ Giáo dục và Đào tạo về việc hướng dẫn bình chọn “Nhà giáo tiêu biểu của năm 2023” 1368/BGDĐT-TCCB 31/03/2023 31/03/2023 Bộ Giáo dục và Đào tạo Công văn Còn hiệu lực",ID,LĨNH VỰC,TÊN VĂN BẢN,SỐ HIỆU,NGÀY BAN HÀNH,NGÀY HIỆU LỰC,CƠ QUAN BAN HÀNH,LOẠI,http://dut.udn.vn/Files/admin/files/VanbanPhapquy/15. Cong van 1368_BGDĐT-TCCB Huong dan binh chon Nha giao tieu bieu cua nam 2023.pdf,DOWNLOADED
19,ID,LĨNH VỰC,TÊN VĂN BẢN,SỐ HIỆU,NGÀY BAN HÀNH,NGÀY HIỆU LỰC,CƠ QUAN BAN HÀNH,LOẠI,TÌNH TRẠNG,,NO_PDF
19,0227,Đào tạo,"Quy định về việc biên soạn, lựa chọn giáo trình giáo dục đại học dùng chung trong Đại học Đà Nẵng",2852/QĐ-ĐHĐN,05/07/2023,05/07/2023,Đại học Đà Nẵng,"Quyết định, Quy định",Còn hiệu lực,http://dut.udn.vn/Files/admin/files/VanbanPhapquy/2852-979 QD BH Quy dinh bien soan-lua chon giao trinh GD dai hoc dung chung trong DHDN.PDF,DOWNLOADED
19,0290,"Thanh tra, kiểm tra",Luật thanh tra 2022,11/2022/QH15,01/07/2023,01/07/2023,Quốc hội,"Luật, Pháp lệnh",Còn hiệu lực,http://dut.udn.vn/Files/admin/files/VanbanPhapquy/1.Luat so 11.  Luat thanh tra nam 2022.pdf,DOWNLOADED
19,0295,"Thanh tra, kiểm tra",Nghị định quy định chi tiết một số điều Luật thanh tra 2022,43/2023/NĐ-CP,30/06/2023,15/08/2023,Chính phủ,Nghị định,Còn hiệu lực,http://dut.udn.vn/Files/admin/files/VanbanPhapquy/5. ND. so 42.2023 Quy dinh chi tiet mot so dieu Luat thanh tra nam 2022.pdf,DOWNLOADED
19,0233,Hợp tác quốc tế,Quy định về công tác quản lý hợp tác quốc tế tại Đại học Đà Nẵng,2268/QĐ-ĐHĐN,01/06/2023,01/06/2023,Đại học Đà Nẵng,"Quyết định, Quy định",Còn hiệu lực,http://dut.udn.vn/Files/admin/files/VanbanPhapquy/2023m6_638225058162487809DHDN_CVDi_2268_QD_ve_cong_tac_quan_ly_HD_HTQT_tai_DHDN.pdf,DOWNLOADED
19,0354,Pháp chế,Công văn số 1855/BTP-PBGDPL về việc hưởng ứng Ngày Pháp luật nước Cộng hòa xã hội chủ nghĩa Việt Nam,1855/BTP-PBGDPL,11/05/2023,11/05/2023,Bộ Tư pháp,Công văn,Còn hiệu lực,http://dut.udn.vn/Files/admin/files/VanbanPhapquy/19.Cong van so 1855_BTP-PBGDPL_Huong dan huong ung ngay PLNCHXHCNVN nam 2023.pdf,FAILED
19,0234,"Tổ chức, hành chính",Chiến lược phát triển Đại học Đà Nẵng đến năm 2030 và tầm nhìn đến năm 2045,23/NQ-HĐĐH,28/04/2023,28/04/2023,Đại học Đà Nẵng,Nghị quyết,Còn hiệu lực,http://dut.udn.vn/Files/admin/files/VanbanPhapquy/2023m5_638188742285599210DHDN_CVDi_NQ_23.NQ-HDDH.pdf,DOWNLOADED
19,0226,Tuyển sinh,Quy định mức thu và hình thức thu các loại phí cho hoạt động tuyển sinh năm 2023,1340/QĐ-ĐHBK,11/04/2023,11/04/2023,Trường Đại học Bách khoa,"Quyết định, Quy định",Còn hiệu lực,http://dut.udn.vn/Files/admin/files/VanbanPhapquy/QD1340-DHBK-muc thu phi tuyen sinh 2023.pdf,DOWNLOADED
19,0342,"Thi đua, khen thưởng",Kế hoạch 595/KH-BGDĐT ngày 10/4/2023 Triển khai Đề án “Tuyên truyền gương điển hình tiên tiến giai đoạn 2023-2025” của ngành giáo dục.,595/KH-BGDĐT,10/04/2023,10/04/2023,Bộ Giáo dục và Đào tạo,Kế hoạch,Còn hiệu lực,http://dut.udn.vn/Files/admin/files/VanbanPhapquy/16. Ke hoach_1158-KH_BGDDT Ke hoach trien khai Du an Tuyen truyen guong dien hinh tien tien gd nganh GD.pdf,DOWNLOADED
19,0375,Pháp chế,Kế hoạch triển khai thi hành Luật Thực hiện dân chủ ở cơ sở,346/QĐ-TTg,06/04/2023,06/04/2023,Thủ tướng Chính phủ,"Quyết định, Quy định",Còn hiệu lực,http://dut.udn.vn/Files/admin/files/VanbanPhapquy/3. Quyet dinh 346_QĐ-TTg Ke hoach trien khai thi hanh Luat thuc hien dan chu ơ co so.pdf,DOWNLOADED
19,0341,"Thi đua, khen thưởng",Công văn số 1368/BGDĐT-TCCB ngày 31/3/2023 của Bộ Giáo dục và Đào tạo về việc hướng dẫn bình chọn “Nhà giáo tiêu biểu của năm 2023”,1368/BGDĐT-TCCB,31/03/2023,31/03/2023,Bộ Giáo dục và Đào tạo,Công văn,Còn hiệu lực,http://dut.udn.vn/Files/admin/files/VanbanPhapquy/15. Cong van 1368_BGDĐT-TCCB Huong dan binh chon Nha giao tieu bieu cua nam 2023.pdf,DOWNLOADED
20,"ID LĨNH VỰC TÊN VĂN BẢN SỐ HIỆU NGÀY BAN HÀNH NGÀY HIỆU LỰC CƠ QUAN BAN HÀNH LOẠI TÌNH TRẠNG TẢI VỀ 0225 Tuyển sinh Ban hành Quy chế tuyển sinh đại học hình thức chính quy của Đại học Đà Nẵng 1248/QĐ-ĐHĐN 28/03/2023 28/03/2023 Đại học Đà Nẵng Quyết định, Quy định Còn hiệu lực 0224 Đào tạo Quy định đào tạo theo phương thức trực tuyến và phương thức trực tiếp kết hợp trực tuyến của Đại học Đà Nẵng 866/QĐ-ĐHĐN 09/03/2023 09/03/2023 Đại học Đà Nẵng Quyết định, Quy định Còn hiệu lực 0223 Đào tạo Quy định về việc tổ chức và triển khai thực hiện Thực tập tốt nghiệp và Đồ án tốt nghiệp theo hình thức Capstone Project của Trường Đại học Bách khoa, ĐHĐN 840/QĐ-ĐHBK 28/02/2023 28/02/2023 Trường Đại học Bách khoa Quyết định, Quy định Còn hiệu lực 0351 Pháp chế Quyết định số 599/QĐ-BGDĐT Kế hoạch phổ biến, giáo dục pháp luật của ngành giáo dục năm 2023 599/QĐ-BGDĐT 28/02/2023 28/02/2023 Bộ Giáo dục và Đào tạo Quyết định, Quy định Còn hiệu lực 0236 Cơ sở vật chất, xây dựng Quyết định Quy định danh mục, thời gian sử dụng và tỷ lệ hào mòn tài sản cố định vô hình tại các đơn vị thuộc, trực thuộc Bộ Giáo dục và Đào tạo 4627/QĐ-BGDĐT 29/12/2022 29/12/2022 Bộ Giáo dục và Đào tạo Quyết định, Quy định Còn hiệu lực 0237 Pháp chế Quy chế xây dựng và ban hành văn bản quy phạm nội bộ tại Đại học Đà Nẵng 5166/QĐ-ĐHĐN 28/12/2022 28/12/2022 Đại học Đà Nẵng Quyết định, Quy định Còn hiệu lực 0238 Thanh tra, kiểm tra Quy định về công tác kiểm tra của Đại học Đà Nẵng 4754/QĐ-ĐHĐN 07/12/2022 07/12/2022 Đại học Đà Nẵng Quyết định, Quy định Còn hiệu lực 0211 Thanh tra, kiểm tra Ban hành Quy định về công tác kiểm tra của Đại học Đà Nẵng 4751/QĐ-ĐHĐN 07/12/2022 07/12/2022 Đại học Đà Nẵng Quyết định, Quy định Còn hiệu lực 0239 Tổ chức, hành chính Bộ tiêu chí đánh giá chấm điểm các trường đại học thành viên năm học 2022-2023 4513/ĐHĐN-TCCB 23/11/2022 23/11/2022 Đại học Đà Nẵng Công văn Còn hiệu lực 0210 Đào tạo Ban hành Quy định về yêu cầu năng lực ngoại ngữ đối với sinh viên Trường Đại học Bách khoa, ĐHĐN 4511/QĐ-ĐHBK 22/11/2022 22/11/2022 Trường Đại học Bách khoa Quyết định, Quy định Còn hiệu lực",ID,LĨNH VỰC,TÊN VĂN BẢN,SỐ HIỆU,NGÀY BAN HÀNH,NGÀY HIỆU LỰC,CƠ QUAN BAN HÀNH,LOẠI,http://dut.udn.vn/Files/admin/files/VanbanPhapquy/4511 QD BH Quy dinh ve yeu cau nang luc ngoai ngu doi voi sinh vien Truong DHBK-DHDN.PDF,DOWNLOADED
20,ID,LĨNH VỰC,TÊN VĂN BẢN,SỐ HIỆU,NGÀY BAN HÀNH,NGÀY HIỆU LỰC,CƠ QUAN BAN HÀNH,LOẠI,TÌNH TRẠNG,,NO_PDF
20,0225,Tuyển sinh,Ban hành Quy chế tuyển sinh đại học hình thức chính quy của Đại học Đà Nẵng,1248/QĐ-ĐHĐN,28/03/2023,28/03/2023,Đại học Đà Nẵng,"Quyết định, Quy định",Còn hiệu lực,http://dut.udn.vn/Files/admin/files/VanbanPhapquy/1248-431 QD Ban hanh Quy che tuyen sinh daihoc hinh thuc chinh quy cua DHDN.PDF,DOWNLOADED
20,0224,Đào tạo,Quy định đào tạo theo phương thức trực tuyến và phương thức trực tiếp kết hợp trực tuyến của Đại học Đà Nẵng,866/QĐ-ĐHĐN,09/03/2023,09/03/2023,Đại học Đà Nẵng,"Quyết định, Quy định",Còn hiệu lực,http://dut.udn.vn/Files/admin/files/VanbanPhapquy/866-311 QD BH Quy dinh DT theo phuong thuc truc tuyen va phuong thuc truc tiep ket hop truc tuyen cua DHDN.PDF,DOWNLOADED
20,0223,Đào tạo,"Quy định về việc tổ chức và triển khai thực hiện Thực tập tốt nghiệp và Đồ án tốt nghiệp theo hình thức Capstone Project của Trường Đại học Bách khoa, ĐHĐN",840/QĐ-ĐHBK,28/02/2023,28/02/2023,Trường Đại học Bách khoa,"Quyết định, Quy định",Còn hiệu lực,http://dut.udn.vn/Files/admin/files/VanbanPhapquy/840 QD BH Quy dinh ve to chuc va trien khai thuc hien thuc tap TN va Do an TN ..Capstone Prject cua Truong DHBK-DHDN.PDF,DOWNLOADED
20,0351,Pháp chế,"Quyết định số 599/QĐ-BGDĐT Kế hoạch phổ biến, giáo dục pháp luật của ngành giáo dục năm 2023",599/QĐ-BGDĐT,28/02/2023,28/02/2023,Bộ Giáo dục và Đào tạo,"Quyết định, Quy định",Còn hiệu lực,http://dut.udn.vn/Files/admin/files/VanbanPhapquy/16. Quyet dinh so 599_QD-BGDDT_ Ke hoach cong tac PBGDPL cua nganh GD nam 2023.pdf,DOWNLOADED
20,0236,"Cơ sở vật chất, xây dựng","Quyết định Quy định danh mục, thời gian sử dụng và tỷ lệ hào mòn tài sản cố định vô hình tại các đơn vị thuộc, trực thuộc Bộ Giáo dục và Đào tạo",4627/QĐ-BGDĐT,29/12/2022,29/12/2022,Bộ Giáo dục và Đào tạo,"Quyết định, Quy định",Còn hiệu lực,http://dut.udn.vn/Files/admin/files/VanbanPhapquy/2023m3_100000000.8967057PBQPPL_CVD_4627_QD-BGDDT_549750.pdf,DOWNLOADED
20,0237,Pháp chế,Quy chế xây dựng và ban hành văn bản quy phạm nội bộ tại Đại học Đà Nẵng,5166/QĐ-ĐHĐN,28/12/2022,28/12/2022,Đại học Đà Nẵng,"Quyết định, Quy định",Còn hiệu lực,http://dut.udn.vn/Files/admin/files/VanbanPhapquy/2023m2_638108362549080859DHDN_CVDi_qd_5166.pdf,DOWNLOADED
20,0238,"Thanh tra, kiểm tra",Quy định về công tác kiểm tra của Đại học Đà Nẵng,4754/QĐ-ĐHĐN,07/12/2022,07/12/2022,Đại học Đà Nẵng,"Quyết định, Quy định",Còn hiệu lực,http://dut.udn.vn/Files/admin/files/VanbanPhapquy/2023m3_638139739334629302DHDN_CVDi_4754-qd-dhdn_1670814649.pdf,DOWNLOADED
20,0211,"Thanh tra, kiểm tra",Ban hành Quy định về công tác kiểm tra của Đại học Đà Nẵng,4751/QĐ-ĐHĐN,07/12/2022,07/12/2022,Đại học Đà Nẵng,"Quyết định, Quy định",Còn hiệu lực,http://dut.udn.vn/Files/admin/files/VanbanPhapquy/4751-1461 QD Ban hanh Quy dinh ve cong tac kiem tra cua DHDN.PDF,DOWNLOADED
20,0239,"Tổ chức, hành chính",Bộ tiêu chí đánh giá chấm điểm các trường đại học thành viên năm học 2022-2023,4513/ĐHĐN-TCCB,23/11/2022,23/11/2022,Đại học Đà Nẵng,Công văn,Còn hiệu lực,http://dut.udn.vn/Files/admin/files/VanbanPhapquy/2023m3_638137192854342943DHDN_CVDi_Bo_tieu_chi.pdf,DOWNLOADED
20,0210,Đào tạo,"Ban hành Quy định về yêu cầu năng lực ngoại ngữ đối với sinh viên Trường Đại học Bách khoa, ĐHĐN",4511/QĐ-ĐHBK,22/11/2022,22/11/2022,Trường Đại học Bách khoa,"Quyết định, Quy định",Còn hiệu lực,http://dut.udn.vn/Files/admin/files/VanbanPhapquy/4511 QD BH Quy dinh ve yeu cau nang luc ngoai ngu doi voi sinh vien Truong DHBK-DHDN.PDF,DOWNLOADED
21,"ID LĨNH VỰC TÊN VĂN BẢN SỐ HIỆU NGÀY BAN HÀNH NGÀY HIỆU LỰC CƠ QUAN BAN HÀNH LOẠI TÌNH TRẠNG TẢI VỀ 0241 Tuyển sinh Quy chế tuyển sinh đại học vừa làm vừa học 4481/QĐ-ĐHĐN 18/11/2022 18/11/2022 Đại học Đà Nẵng Quyết định, Quy định Còn hiệu lực 0282 Pháp chế Luật thực hiện dân chủ ở cơ sở 10/2022/QH15 10/11/2022 01/07/2023 Quốc hội Luật, Pháp lệnh Còn hiệu lực 0240 Đào tạo Quy định trình tự, thủ tục, hồ sơ mở ngành và chuyên ngành đào tạo các trình độ của GDĐH tại ĐHĐN 4305/QĐ-ĐHĐN 08/11/2022 08/11/2022 Đại học Đà Nẵng Quyết định, Quy định Còn hiệu lực 0207 Thi đua, khen thưởng Quy định tiêu chuẩn bổ sung trong việc xét, công nhận danh hiệu Chiến sĩ thi đua cơ sở cho viên chức, người lao động của các đơn vị thuộc, trực thuộc ĐHĐN 4036/QĐ-ĐHĐN 18/10/2022 18/10/2022 Đại học Đà Nẵng Quyết định, Quy định Còn hiệu lực 0212 Đào tạo Ban hành Quy định đào tạo trình độ thạc sĩ của Trường Đại học Bách khoa, ĐHĐN 3875/QĐ-ĐHBK 12/10/2022 12/10/2022 Trường Đại học Bách khoa Quyết định, Quy định Còn hiệu lực 0339 Thi đua, khen thưởng Công văn số 4735/BGDĐT-GDĐH ngày 23/9/2022 của Bộ Giáo dục và Đào tạo về việc hướng dẫn thực hiện nhiệm vụ năm học 2022-2023 đối với giáo dục đại học 4735/BGDĐT-GDĐH 23/09/2022 23/09/2022 Bộ Giáo dục và Đào tạo Công văn Còn hiệu lực 0206 Đào tạo Ban hành Quy định xét công nhận kết quả học tập và chuyển đổi tín chỉ của Trường Đại học Bách khoa, ĐHĐN 3240/QĐ-ĐHBK 19/08/2022 19/08/2022 Trường Đại học Bách khoa Quyết định, Quy định Còn hiệu lực 0204 Tổ chức, hành chính Quy định chế độ làm việc của giảng viên Trường Đại học Bách khoa, ĐHĐN 3092/QĐ-ĐHBK 08/08/2022 08/08/2022 Trường Đại học Bách khoa Quyết định, Quy định Còn hiệu lực 0205 Tổ chức, hành chính Nghị định 50/2022/NĐ-CP ngày 02/8/2022 của Chính phủ quy định về nghỉ hưu ở tuổi cao hơn đối với viên chức trong đơn vị sự nghiệp công lập 50/2022/NĐ-CP 02/08/2022 15/08/2022 Chính phủ Nghị định Còn hiệu lực 0203 Đảm bảo chất lượng, KĐCL Thông tư 11/2022/TT-BGDĐT quy định về liên kết tổ chức thi cấp chứng chỉ năng lực ngoại ngữ của nước ngoài 11/2022/TT-BGDĐT 26/07/2022 10/09/2022 Bộ Giáo dục và Đào tạo Thông tư Còn hiệu lực",ID,LĨNH VỰC,TÊN VĂN BẢN,SỐ HIỆU,NGÀY BAN HÀNH,NGÀY HIỆU LỰC,CƠ QUAN BAN HÀNH,LOẠI,http://dut.udn.vn/Files/admin/files/VanbanPhapquy/thong-tu-11-2022-tt-bgddt.pdf,DOWNLOADED
21,ID,LĨNH VỰC,TÊN VĂN BẢN,SỐ HIỆU,NGÀY BAN HÀNH,NGÀY HIỆU LỰC,CƠ QUAN BAN HÀNH,LOẠI,TÌNH TRẠNG,,NO_PDF
21,0241,Tuyển sinh,Quy chế tuyển sinh đại học vừa làm vừa học,4481/QĐ-ĐHĐN,18/11/2022,18/11/2022,Đại học Đà Nẵng,"Quyết định, Quy định",Còn hiệu lực,http://dut.udn.vn/Files/admin/files/VanbanPhapquy/2023m3_638138875340552039DHDN_CVDi_4481-quy-che-tuyen-sinh-vua-lam-vua-hoc-dhdn_1669867327_(1).pdf,DOWNLOADED
21,0282,Pháp chế,Luật thực hiện dân chủ ở cơ sở,10/2022/QH15,10/11/2022,01/07/2023,Quốc hội,"Luật, Pháp lệnh",Còn hiệu lực,http://dut.udn.vn/Files/admin/files/VanbanPhapquy/4. Luat so 43_2019_QH14. luat giao duc 2019.pdf,DOWNLOADED
21,0240,Đào tạo,"Quy định trình tự, thủ tục, hồ sơ mở ngành và chuyên ngành đào tạo các trình độ của GDĐH tại ĐHĐN",4305/QĐ-ĐHĐN,08/11/2022,08/11/2022,Đại học Đà Nẵng,"Quyết định, Quy định",Còn hiệu lực,http://dut.udn.vn/Files/admin/files/VanbanPhapquy/2023m3_638138858698656547DHDN_CVDi_4305_-_QD_Ban_hanh_Quy_dinh_trinh_tu_thu_tuc_ho_so_mo_nganh_va_CN_dao_tao_cac_trinh_do_cua_GDDH_tai_DHDN.pdf,DOWNLOADED
21,0207,"Thi đua, khen thưởng","Quy định tiêu chuẩn bổ sung trong việc xét, công nhận danh hiệu Chiến sĩ thi đua cơ sở cho viên chức, người lao động của các đơn vị thuộc, trực thuộc ĐHĐN",4036/QĐ-ĐHĐN,18/10/2022,18/10/2022,Đại học Đà Nẵng,"Quyết định, Quy định",Còn hiệu lực,http://dut.udn.vn/Files/admin/files/VanbanPhapquy/4036-1200 QD BH quy dinh tieu chuan bo sung trong viec xet CN danh hieu CSTDCS cho VC NLD cua cac don vi thuoc truc thuoc DHDN.PDF,DOWNLOADED
21,0212,Đào tạo,"Ban hành Quy định đào tạo trình độ thạc sĩ của Trường Đại học Bách khoa, ĐHĐN",3875/QĐ-ĐHBK,12/10/2022,12/10/2022,Trường Đại học Bách khoa,"Quyết định, Quy định",Còn hiệu lực,http://dut.udn.vn/Files/admin/files/VanbanPhapquy/3875 QD Ban hanh Quy dinh dao tao trinh do thac si cua Truong DHBK-DHDN.PDF,DOWNLOADED
21,0339,"Thi đua, khen thưởng",Công văn số 4735/BGDĐT-GDĐH ngày 23/9/2022 của Bộ Giáo dục và Đào tạo về việc hướng dẫn thực hiện nhiệm vụ năm học 2022-2023 đối với giáo dục đại học,4735/BGDĐT-GDĐH,23/09/2022,23/09/2022,Bộ Giáo dục và Đào tạo,Công văn,Còn hiệu lực,http://dut.udn.vn/Files/admin/files/VanbanPhapquy/13. Cong van 4735_BGDDT-GDDH huong dan thuc hien nhiem vu nam hoc 2022-2023.pdf,DOWNLOADED
21,0206,Đào tạo,"Ban hành Quy định xét công nhận kết quả học tập và chuyển đổi tín chỉ của Trường Đại học Bách khoa, ĐHĐN",3240/QĐ-ĐHBK,19/08/2022,19/08/2022,Trường Đại học Bách khoa,"Quyết định, Quy định",Còn hiệu lực,http://dut.udn.vn/Files/admin/files/VanbanPhapquy/3240 QD ban hanh Quy dinh xet cong nhan KQ hoc tap va chuyen doi tin chi cua Truong DHBK-DHDN.PDF,DOWNLOADED
21,0204,"Tổ chức, hành chính","Quy định chế độ làm việc của giảng viên Trường Đại học Bách khoa, ĐHĐN",3092/QĐ-ĐHBK,08/08/2022,08/08/2022,Trường Đại học Bách khoa,"Quyết định, Quy định",Còn hiệu lực,http://dut.udn.vn/Files/admin/files/VanbanPhapquy/3092 QD Ban hanh Quy dinh che do lam viec cua giang vien Truong DHBK-DHDN.PDF,DOWNLOADED
21,0205,"Tổ chức, hành chính",Nghị định 50/2022/NĐ-CP ngày 02/8/2022 của Chính phủ quy định về nghỉ hưu ở tuổi cao hơn đối với viên chức trong đơn vị sự nghiệp công lập,50/2022/NĐ-CP,02/08/2022,15/08/2022,Chính phủ,Nghị định,Còn hiệu lực,http://dut.udn.vn/Files/admin/files/VanbanPhapquy/nghi-dinh-50-2022-nd-cp-quy-dinh-nghi-huu-o-tuoi-cao-hon-doi-voi-vien-chuc.pdf,DOWNLOADED
21,0203,"Đảm bảo chất lượng, KĐCL",Thông tư 11/2022/TT-BGDĐT quy định về liên kết tổ chức thi cấp chứng chỉ năng lực ngoại ngữ của nước ngoài,11/2022/TT-BGDĐT,26/07/2022,10/09/2022,Bộ Giáo dục và Đào tạo,Thông tư,Còn hiệu lực,http://dut.udn.vn/Files/admin/files/VanbanPhapquy/thong-tu-11-2022-tt-bgddt.pdf,DOWNLOADED
22,"ID LĨNH VỰC TÊN VĂN BẢN SỐ HIỆU NGÀY BAN HÀNH NGÀY HIỆU LỰC CƠ QUAN BAN HÀNH LOẠI TÌNH TRẠNG TẢI VỀ 0242 Đào tạo Quy định về việc tổ chức giảng dạy, học tập môn học Giáo dục thể chất trong Đại học Đà Nẵng 2367/QĐ-ĐHĐN 04/07/2022 04/07/2022 Đại học Đà Nẵng Quyết định, Quy định Còn hiệu lực 0202 Khoa học Công nghệ Ban hành Quy chế tổ chức và hoạt động nhóm nghiên cứu tiềm năng, nhóm nghiên cứu mạnh của Trường Đại học Bách khoa, ĐHĐN 2479/QĐ-ĐHBK 24/06/2022 24/06/2022 Trường Đại học Bách khoa Quyết định, Quy định Còn hiệu lực 0201 Tổ chức, hành chính Ban hành Đề án vị trí việc làm năm 2022 của Trường Đại học Bách khoa, ĐHĐN 2266/QĐ-ĐHBK 20/06/2022 20/06/2022 Trường Đại học Bách khoa Quyết định, Quy định Còn hiệu lực 0285 Thi đua, khen thưởng Luật thi đua khen thưởng năm 2022 06/2022/QH15 15/06/2022 01/01/2024 Quốc hội Luật, Pháp lệnh Còn hiệu lực 0199 Đào tạo Thông tư Quy định danh mục thống kê ngành đào tạo của giáo dục đại học 09/2022/TT-BGDĐT 06/06/2022 22/07/2022 Bộ Giáo dục và Đào tạo Thông tư Còn hiệu lực 0190 Công tác sinh viên Quy định công tác tư vấn nghề nghiệp, việc làm và hỗ trợ khởi nghiệp trong các cơ sở giáo dục 07/2022/TT-BGDĐT 23/05/2022 08/07/2022 Bộ Giáo dục và Đào tạo Thông tư Còn hiệu lực 0192 Tuyển sinh Ban hành Quy định tuyển sinh trình độ thạc sĩ theo phương thức xét tuyển của Trường Đại học Bách khoa, ĐHĐN 1609/QĐ-ĐHBK 13/05/2022 13/05/2022 Trường Đại học Bách khoa Quyết định, Quy định Còn hiệu lực 0071 Văn thư, lưu trữ Quy chế công tác văn thư, lưu trữ của Trường Đại học Bách khoa, ĐHĐN 1616/QĐ-ĐHBK 13/05/2022 13/05/2022 Trường Đại học Bách khoa Quyết định, Quy định Còn hiệu lực 0249 Cơ sở vật chất, xây dựng Hướng dẫn trang bị kiến thức, kỹ năng về phòng cháy, chữa cháy và cứu nạn, cứu hộ cho học sinh, sinh viên trong các cơ sở giáo dục 06/2022/TT-BGDĐT 11/05/2022 26/06/2022 Bộ Giáo dục và Đào tạo Thông tư Còn hiệu lực 0337 Thi đua, khen thưởng Công văn số 1965/BGDĐT-TĐKT ngày 11/5/2022 của Bộ trưởng Bộ GDĐT về việc hướng dẫn tổ chức hoạt động, xếp loại tập thể và bình xét thi đua, khen thưởng các đơn vị trực thuộc Bộ GDĐT 1965/BGDĐT-TĐKT 11/05/2022 11/05/2022 Bộ Giáo dục và Đào tạo Công văn Còn hiệu lực",ID,LĨNH VỰC,TÊN VĂN BẢN,SỐ HIỆU,NGÀY BAN HÀNH,NGÀY HIỆU LỰC,CƠ QUAN BAN HÀNH,LOẠI,"http://dut.udn.vn/Files/admin/files/VanbanPhapquy/10. Công văn 1965_BGDĐT-TĐKT hướng dẫn tổ chức hoạt động, xếp loại tập thể và bình xét thi đua khen thưởng các đơn vị trực thuộc BGDĐT.pdf",DOWNLOADED
22,ID,LĨNH VỰC,TÊN VĂN BẢN,SỐ HIỆU,NGÀY BAN HÀNH,NGÀY HIỆU LỰC,CƠ QUAN BAN HÀNH,LOẠI,TÌNH TRẠNG,,NO_PDF
22,0242,Đào tạo,"Quy định về việc tổ chức giảng dạy, học tập môn học Giáo dục thể chất trong Đại học Đà Nẵng",2367/QĐ-ĐHĐN,04/07/2022,04/07/2022,Đại học Đà Nẵng,"Quyết định, Quy định",Còn hiệu lực,http://dut.udn.vn/Files/admin/files/VanbanPhapquy/2022m8_100000000.1554987DHDN_CVDi_2367_-_Quy_dinh_to_chuc_day_va_hoc_mon_GDTC.pdf,DOWNLOADED
22,0202,Khoa học Công nghệ,"Ban hành Quy chế tổ chức và hoạt động nhóm nghiên cứu tiềm năng, nhóm nghiên cứu mạnh của Trường Đại học Bách khoa, ĐHĐN",2479/QĐ-ĐHBK,24/06/2022,24/06/2022,Trường Đại học Bách khoa,"Quyết định, Quy định",Còn hiệu lực,http://dut.udn.vn/Files/admin/files/VanbanPhapquy/2479 QD ban hanh Quy che to chuc va hoat dong nhom nghien cuu tiem nang -nhom NC manh cua Truong DHBK-DHDN.PDF,DOWNLOADED
22,0201,"Tổ chức, hành chính","Ban hành Đề án vị trí việc làm năm 2022 của Trường Đại học Bách khoa, ĐHĐN",2266/QĐ-ĐHBK,20/06/2022,20/06/2022,Trường Đại học Bách khoa,"Quyết định, Quy định",Còn hiệu lực,http://dut.udn.vn/Files/admin/files/VanbanPhapquy/2266 QD Ban hanh De an vi tri viec lam nam 2022 cua Truong DHBK-DHDN.PDF,DOWNLOADED
22,0285,"Thi đua, khen thưởng",Luật thi đua khen thưởng năm 2022,06/2022/QH15,15/06/2022,01/01/2024,Quốc hội,"Luật, Pháp lệnh",Còn hiệu lực,http://dut.udn.vn/Files/admin/files/VanbanPhapquy/1. Luat so.  06.2022.QH 15. Luat thi dua khen thuong nam 2022.pdf,DOWNLOADED
22,0199,Đào tạo,Thông tư Quy định danh mục thống kê ngành đào tạo của giáo dục đại học,09/2022/TT-BGDĐT,06/06/2022,22/07/2022,Bộ Giáo dục và Đào tạo,Thông tư,Còn hiệu lực,http://dut.udn.vn/Files/admin/files/VanbanPhapquy/09-2022-tt-bgddt_1655180156.pdf,DOWNLOADED
22,0190,Công tác sinh viên,"Quy định công tác tư vấn nghề nghiệp, việc làm và hỗ trợ khởi nghiệp trong các cơ sở giáo dục",07/2022/TT-BGDĐT,23/05/2022,08/07/2022,Bộ Giáo dục và Đào tạo,Thông tư,Còn hiệu lực,http://dut.udn.vn/Files/admin/files/VanbanPhapquy/07-511 Thong tu Quy dinh cong tac tu van nghe nghiep-viec lam va ho tro khoi nghiep trong cac CSGD.PDF,DOWNLOADED
22,0192,Tuyển sinh,"Ban hành Quy định tuyển sinh trình độ thạc sĩ theo phương thức xét tuyển của Trường Đại học Bách khoa, ĐHĐN",1609/QĐ-ĐHBK,13/05/2022,13/05/2022,Trường Đại học Bách khoa,"Quyết định, Quy định",Còn hiệu lực,http://dut.udn.vn/Files/admin/files/VanbanPhapquy/1609 QD Ban hanh Quy dinh tuyen sinh trinh do thac si theo phuong thuc xet tuyen cua Truong DHBK-DHDN.PDF,DOWNLOADED
22,0071,"Văn thư, lưu trữ","Quy chế công tác văn thư, lưu trữ của Trường Đại học Bách khoa, ĐHĐN",1616/QĐ-ĐHBK,13/05/2022,13/05/2022,Trường Đại học Bách khoa,"Quyết định, Quy định",Còn hiệu lực,http://dut.udn.vn/Files/admin/files/VanbanPhapquy/1616 QD ban hanh Quy che cong tac van thu-luu tru cua Truong DHBK-DHDN.PDF,DOWNLOADED
22,0249,"Cơ sở vật chất, xây dựng","Hướng dẫn trang bị kiến thức, kỹ năng về phòng cháy, chữa cháy và cứu nạn, cứu hộ cho học sinh, sinh viên trong các cơ sở giáo dục",06/2022/TT-BGDĐT,11/05/2022,26/06/2022,Bộ Giáo dục và Đào tạo,Thông tư,Còn hiệu lực,http://dut.udn.vn/Files/admin/files/VanbanPhapquy/06-2022-bgddt.pdf,DOWNLOADED
22,0337,"Thi đua, khen thưởng","Công văn số 1965/BGDĐT-TĐKT ngày 11/5/2022 của Bộ trưởng Bộ GDĐT về việc hướng dẫn tổ chức hoạt động, xếp loại tập thể và bình xét thi đua, khen thưởng các đơn vị trực thuộc Bộ GDĐT",1965/BGDĐT-TĐKT,11/05/2022,11/05/2022,Bộ Giáo dục và Đào tạo,Công văn,Còn hiệu lực,"http://dut.udn.vn/Files/admin/files/VanbanPhapquy/10. Công văn 1965_BGDĐT-TĐKT hướng dẫn tổ chức hoạt động, xếp loại tập thể và bình xét thi đua khen thưởng các đơn vị trực thuộc BGDĐT.pdf",DOWNLOADED
23,"ID LĨNH VỰC TÊN VĂN BẢN SỐ HIỆU NGÀY BAN HÀNH NGÀY HIỆU LỰC CƠ QUAN BAN HÀNH LOẠI TÌNH TRẠNG TẢI VỀ 0069 Công tác sinh viên Phê duyệt Đề án Công tác chủ nhiệm lớp cố vấn học tập và tư vấn hỗ trợ cho sinh viên thuộc Trường ĐHBK-ĐHĐN 1216/QĐ-ĐHBK 22/04/2022 22/04/2022 Trường Đại học Bách khoa Quyết định, Quy định Còn hiệu lực 0070 Công tác sinh viên Sửa đổi một số điều của Quy định xét thi đua, khen thưởng với sinh viên đại học hệ chính quy của Trường Đại học Bách khoa, Đại học Đà Nẵng 1088/QĐ-ĐHBK 13/04/2022 13/04/2022 Trường Đại học Bách khoa Quyết định, Quy định Còn hiệu lực 0124 Công tác sinh viên Quyết định 05/2022/QĐ-TTg Quyết định sửa đổi, bổ sung một số điều của Quyết định số 157/2007/QĐ-TTg ngày 27 tháng 9 năm 2007 của Thủ tướng Chính phủ về tín dụng đối với học sinh, sinh viên 05/2022/QĐ-TTg 23/03/2022 23/03/2022 Thủ tướng Chính phủ Quyết định, Quy định Còn hiệu lực 0310 Thanh tra, kiểm tra Công văn về việc tăng cường công tác thanh tra, kiểm tra nội bộ trong cơ sở GDĐH 624/BGDĐT-TTr 28/02/2022 28/02/2022 Bộ Giáo dục và Đào tạo Công văn Còn hiệu lực 0068 Khoa học Công nghệ Quy định về tổ chức xét duyệt và công nhận sáng kiến tại Trường ĐHBK, ĐHĐN 493/QĐ-ĐHBK 22/02/2022 22/02/2022 Trường Đại học Bách khoa Quyết định, Quy định Còn hiệu lực 0072 Văn thư, lưu trữ Nội quy về công tác bảo vệ bí mật Nhà nước tại Trường Đại học Bách khoa, ĐHĐN 479/QĐ-ĐHBK 21/02/2022 21/02/2022 Trường Đại học Bách khoa Quyết định, Quy định Còn hiệu lực 0168 Tổ chức, hành chính Quyết định NQ08/NQ-HĐĐH Quy chế hoạt động của Hội đồng Đại học Đà Nẵng NQ08/NQ-HĐĐH 28/01/2022 28/01/2022 Đại học Đà Nẵng Nghị quyết Còn hiệu lực 0169 Tổ chức, hành chính Quyết định 551/QĐ-ĐHĐN Quy định tuyển dụng, sử dụng và quản lý viên chức của Đại học Đà Nẵng 551/QĐ-ĐHĐN 28/01/2022 28/01/2022 Đại học Đà Nẵng Quyết định, Quy định Còn hiệu lực 0073 Tài chính, kế toán Giao quyền tự chủ, tự chịu trách nhiệm về tài chính đối với đơn vị sự nghiệp 399/QĐ-BGDĐT 27/01/2022 27/01/2022 Bộ Giáo dục và Đào tạo Quyết định, Quy định Còn hiệu lực 0142 Tuyển sinh Thông tư 03/2022/TT-BGDĐT Thông tư quy định về việc xác định chỉ tiêu tuyển sinh đại học, thạc sĩ, tiến sĩ và chỉ tiêu tuyển sinh cao đẳng ngành Giáo dục Mầm non 03/2022/TT-BGDĐT 18/01/2022 04/03/2022 Bộ Giáo dục và Đào tạo Thông tư Còn hiệu lực",ID,LĨNH VỰC,TÊN VĂN BẢN,SỐ HIỆU,NGÀY BAN HÀNH,NGÀY HIỆU LỰC,CƠ QUAN BAN HÀNH,LOẠI,http://dut.udn.vn/Files/admin/files/VanbanPhapquy/2022m4_100000000.533424PBQPPL_CVD_TT_03.2022.TT-BGDDT.pdf,DOWNLOADED
23,ID,LĨNH VỰC,TÊN VĂN BẢN,SỐ HIỆU,NGÀY BAN HÀNH,NGÀY HIỆU LỰC,CƠ QUAN BAN HÀNH,LOẠI,TÌNH TRẠNG,,NO_PDF
23,0069,Công tác sinh viên,Phê duyệt Đề án Công tác chủ nhiệm lớp cố vấn học tập và tư vấn hỗ trợ cho sinh viên thuộc Trường ĐHBK-ĐHĐN,1216/QĐ-ĐHBK,22/04/2022,22/04/2022,Trường Đại học Bách khoa,"Quyết định, Quy định",Còn hiệu lực,http://dut.udn.vn/Files/admin/files/VanbanPhapquy/50. P. CTSV 1216 QD phe duyet De an Cong tac chu nhiem lop-co van hoc tap va tu van ho tro.PDF,DOWNLOADED
23,0070,Công tác sinh viên,"Sửa đổi một số điều của Quy định xét thi đua, khen thưởng với sinh viên đại học hệ chính quy của Trường Đại học Bách khoa, Đại học Đà Nẵng",1088/QĐ-ĐHBK,13/04/2022,13/04/2022,Trường Đại học Bách khoa,"Quyết định, Quy định",Còn hiệu lực,http://dut.udn.vn/Files/admin/files/VanbanPhapquy/51. P.CTSV 1088 QD sua doi mot so dieu cua Quy dinh TDKT doi voi sinh vien dai hoc he CQ.PDF,DOWNLOADED
23,0124,Công tác sinh viên,"Quyết định 05/2022/QĐ-TTg Quyết định sửa đổi, bổ sung một số điều của Quyết định số 157/2007/QĐ-TTg ngày 27 tháng 9 năm 2007 của Thủ tướng Chính phủ về tín dụng đối với học sinh, sinh viên",05/2022/QĐ-TTg,23/03/2022,23/03/2022,Thủ tướng Chính phủ,"Quyết định, Quy định",Còn hiệu lực,http://dut.udn.vn/Files/admin/files/VanbanPhapquy/2022m3_100000000.2524617PBQPPL_CVD_QD_05-2022.pdf,DOWNLOADED
23,0310,"Thanh tra, kiểm tra","Công văn về việc tăng cường công tác thanh tra, kiểm tra nội bộ trong cơ sở GDĐH",624/BGDĐT-TTr,28/02/2022,28/02/2022,Bộ Giáo dục và Đào tạo,Công văn,Còn hiệu lực,http://dut.udn.vn/Files/admin/files/VanbanPhapquy/20.CV. 624-167 Tang cuong cong tac thanh tra-kiem tra noi bo co so GDDH (1).PDF,DOWNLOADED
23,0068,Khoa học Công nghệ,"Quy định về tổ chức xét duyệt và công nhận sáng kiến tại Trường ĐHBK, ĐHĐN",493/QĐ-ĐHBK,22/02/2022,22/02/2022,Trường Đại học Bách khoa,"Quyết định, Quy định",Còn hiệu lực,http://dut.udn.vn/Files/admin/files/VanbanPhapquy/49. P. KHCN 493 QD Ban hanh Quy dinh ve to chuc xet duyet va cong nhan sang kien tai truong DHBK-DHDN (1).PDF,DOWNLOADED
23,0072,"Văn thư, lưu trữ","Nội quy về công tác bảo vệ bí mật Nhà nước tại Trường Đại học Bách khoa, ĐHĐN",479/QĐ-ĐHBK,21/02/2022,21/02/2022,Trường Đại học Bách khoa,"Quyết định, Quy định",Còn hiệu lực,http://dut.udn.vn/Files/admin/files/VanbanPhapquy/479 QD ban hanh Noi quy ve cong tac bao ve bi mat Nha nuoc tai Truong DHBK-DHDN.PDF,DOWNLOADED
23,0168,"Tổ chức, hành chính",Quyết định NQ08/NQ-HĐĐH Quy chế hoạt động của Hội đồng Đại học Đà Nẵng,NQ08/NQ-HĐĐH,28/01/2022,28/01/2022,Đại học Đà Nẵng,Nghị quyết,Còn hiệu lực,http://dut.udn.vn/Files/admin/files/VanbanPhapquy/2022m3_100000000.533424DHDN_CVDi_2022-08-nq-hddh-quy-che-hoat-dong-cua-hoi-dong-dhdn_1644459464.pdf,DOWNLOADED
23,0169,"Tổ chức, hành chính","Quyết định 551/QĐ-ĐHĐN Quy định tuyển dụng, sử dụng và quản lý viên chức của Đại học Đà Nẵng",551/QĐ-ĐHĐN,28/01/2022,28/01/2022,Đại học Đà Nẵng,"Quyết định, Quy định",Còn hiệu lực,http://dut.udn.vn/Files/admin/files/VanbanPhapquy/2022m4_100000000.533424DHDN_CVDi_551-qd_-dhdn_compressed.pdf,DOWNLOADED
23,0073,"Tài chính, kế toán","Giao quyền tự chủ, tự chịu trách nhiệm về tài chính đối với đơn vị sự nghiệp",399/QĐ-BGDĐT,27/01/2022,27/01/2022,Bộ Giáo dục và Đào tạo,"Quyết định, Quy định",Còn hiệu lực,http://dut.udn.vn/Files/admin/files/VanbanPhapquy/399-114 QD giao quyen tu chu- tu chiu trach nhiem ve tai chinh doi voi don vi su nghiep.PDF,DOWNLOADED
23,0142,Tuyển sinh,"Thông tư 03/2022/TT-BGDĐT Thông tư quy định về việc xác định chỉ tiêu tuyển sinh đại học, thạc sĩ, tiến sĩ và chỉ tiêu tuyển sinh cao đẳng ngành Giáo dục Mầm non",03/2022/TT-BGDĐT,18/01/2022,04/03/2022,Bộ Giáo dục và Đào tạo,Thông tư,Còn hiệu lực,http://dut.udn.vn/Files/admin/files/VanbanPhapquy/2022m4_100000000.533424PBQPPL_CVD_TT_03.2022.TT-BGDDT.pdf,DOWNLOADED
24,"ID LĨNH VỰC TÊN VĂN BẢN SỐ HIỆU NGÀY BAN HÀNH NGÀY HIỆU LỰC CƠ QUAN BAN HÀNH LOẠI TÌNH TRẠNG TẢI VỀ 0193 Tổ chức, hành chính Công văn 150/ĐHĐN-TCCB Tiêu chí đánh giá các đơn vị chức năng của ĐHĐN năm học 2021-2022 150/ĐHĐN-TCCB 14/01/2022 14/01/2022 Đại học Đà Nẵng Công văn Còn hiệu lực 0289 Thi đua, khen thưởng Quyết định ban hành quy chế ban hành bình chọn Nhà giáo tiêu biểu của năm 4996/QĐ-BGDDT 31/12/2021 31/12/2021 Bộ Giáo dục và Đào tạo Quyết định, Quy định Còn hiệu lực 0143 Đào tạo Thông tư 46/2021/TT-BGDĐT Thông tư bãi bỏ một số văn bản quy phạm pháp luật do Bộ trưởng Bộ GDĐT ban hành về giáo dục đại học và trung cấp chuyên nghiệp 46/2021/TT-BGDĐT 31/12/2021 15/02/2022 Bộ Giáo dục và Đào tạo Thông tư Còn hiệu lực 0064 Hợp tác quốc tế Quy định về công tác quản lý hoạt động hợp tác quốc tế của Trường Đại học Bách khoa, Đại học Đà Nẵng 3646/QĐ-ĐHBK 31/12/2021 31/12/2021 Trường Đại học Bách khoa Quyết định, Quy định Còn hiệu lực 0067 Đào tạo Quy định đào tạo trình độ tiến sĩ tại Trường ĐHBK, ĐHĐN 3604/QĐ-ĐHBK 30/12/2021 30/12/2021 Trường Đại học Bách khoa Quyết định, Quy định Còn hiệu lực 0066 Tài chính, kế toán Quy chế chi tiêu nội bộ của trường ĐHBK, ĐHĐN 3536/QĐ-ĐHBK 27/12/2021 27/12/2021 Trường Đại học Bách khoa Quyết định, Quy định Còn hiệu lực 0074 Công tác sinh viên Quy định về việc tham gia kết nối và phục vụ cộng đồng của sinh viên đại học hệ chính quy Trường ĐHBK, ĐHĐN 3337/QĐ-ĐHBK 14/12/2021 14/12/2021 Trường Đại học Bách khoa Quyết định, Quy định Còn hiệu lực 0159 Đảm bảo chất lượng, KĐCL 5778/BGDĐT-QLCL Công văn của Bộ GDĐT về việc ứng dụng công nghệ thông tin trong thực hiện KĐCLGD 5778/BGDĐT-QLCL 13/12/2021 13/12/2021 Bộ Giáo dục và Đào tạo Công văn Còn hiệu lực 0075 Khoa học Công nghệ Sửa đổi, bổ sung một số điều Quy định hoạt động nghiên cứu khoa học của sinh viên ĐHĐN ban hành theo Quyết định số 3226/QĐ-ĐHĐN 4217/QĐ-ĐHĐN 10/12/2021 10/12/2021 Đại học Đà Nẵng Quyết định, Quy định Còn hiệu lực 0076 Tổ chức, hành chính Ban hành Quy định chế độ làm việc của giảng viên ĐHĐN 4194/QĐ-ĐHĐN 08/12/2021 08/12/2021 Đại học Đà Nẵng Quyết định, Quy định Còn hiệu lực",ID,LĨNH VỰC,TÊN VĂN BẢN,SỐ HIỆU,NGÀY BAN HÀNH,NGÀY HIỆU LỰC,CƠ QUAN BAN HÀNH,LOẠI,http://dut.udn.vn/Files/admin/files/VanbanPhapquy/4194-1374 QD ban hanh Quy dinh che do lam viec cua giang vien DHDN.PDF,DOWNLOADED
24,ID,LĨNH VỰC,TÊN VĂN BẢN,SỐ HIỆU,NGÀY BAN HÀNH,NGÀY HIỆU LỰC,CƠ QUAN BAN HÀNH,LOẠI,TÌNH TRẠNG,,NO_PDF
24,0193,"Tổ chức, hành chính",Công văn 150/ĐHĐN-TCCB Tiêu chí đánh giá các đơn vị chức năng của ĐHĐN năm học 2021-2022,150/ĐHĐN-TCCB,14/01/2022,14/01/2022,Đại học Đà Nẵng,Công văn,Còn hiệu lực,http://dut.udn.vn/Files/admin/files/VanbanPhapquy/2022_1_2022m1_100000000.533424DHDN_CVDi_cv-150-banhanh-tieuchi-danhgia-cacdonvi-chucnang_1642385927.pdf,DOWNLOADED
24,0289,"Thi đua, khen thưởng",Quyết định ban hành quy chế ban hành bình chọn Nhà giáo tiêu biểu của năm,4996/QĐ-BGDDT,31/12/2021,31/12/2021,Bộ Giáo dục và Đào tạo,"Quyết định, Quy định",Còn hiệu lực,http://dut.udn.vn/Files/admin/files/VanbanPhapquy/7. QD 4996. BoGDDT_Quy che binh chon Nha giao tieu bieu cua nam.pdf,DOWNLOADED
24,0143,Đào tạo,Thông tư 46/2021/TT-BGDĐT Thông tư bãi bỏ một số văn bản quy phạm pháp luật do Bộ trưởng Bộ GDĐT ban hành về giáo dục đại học và trung cấp chuyên nghiệp,46/2021/TT-BGDĐT,31/12/2021,15/02/2022,Bộ Giáo dục và Đào tạo,Thông tư,Còn hiệu lực,http://dut.udn.vn/Files/admin/files/VanbanPhapquy/2022m1_100000000.533424PBQPPL_CVD_60-46-2021-tt-bgddt_1641544386.pdf,DOWNLOADED
24,0064,Hợp tác quốc tế,"Quy định về công tác quản lý hoạt động hợp tác quốc tế của Trường Đại học Bách khoa, Đại học Đà Nẵng",3646/QĐ-ĐHBK,31/12/2021,31/12/2021,Trường Đại học Bách khoa,"Quyết định, Quy định",Còn hiệu lực,http://dut.udn.vn/Files/admin/files/VanbanPhapquy/45. P. KH&CN_3646 QD Ban hanh Quy dinh ve cong tac quan ly hoat dong hop tac quoc te cua Truong DHBK-DHDN.PDF,DOWNLOADED
24,0067,Đào tạo,"Quy định đào tạo trình độ tiến sĩ tại Trường ĐHBK, ĐHĐN",3604/QĐ-ĐHBK,30/12/2021,30/12/2021,Trường Đại học Bách khoa,"Quyết định, Quy định",Còn hiệu lực,http://dut.udn.vn/Files/admin/files/VanbanPhapquy/48. P. Dao tao. 3604 QD Ban hanh Quy dinh dao tao trinh do tien si tai Truong DHBK-DHDN (2).PDF,DOWNLOADED
24,0066,"Tài chính, kế toán","Quy chế chi tiêu nội bộ của trường ĐHBK, ĐHĐN",3536/QĐ-ĐHBK,27/12/2021,27/12/2021,Trường Đại học Bách khoa,"Quyết định, Quy định",Còn hiệu lực,http://dut.udn.vn/Files/admin/files/VanbanPhapquy/47. P.KHTC_3526 QD ban hanh Quy che chi tieu noi bo cua Truong  Dai hoc Bach khoa.PDF,DOWNLOADED
24,0074,Công tác sinh viên,"Quy định về việc tham gia kết nối và phục vụ cộng đồng của sinh viên đại học hệ chính quy Trường ĐHBK, ĐHĐN",3337/QĐ-ĐHBK,14/12/2021,14/12/2021,Trường Đại học Bách khoa,"Quyết định, Quy định",Còn hiệu lực,http://dut.udn.vn/Files/admin/files/VanbanPhapquy/3337 QD BH Quy dinh tham gia ket noi va phuc vu cong dong cua SV dai hoc he CQ Truong DHBK-DHDN.PDF,DOWNLOADED
24,0159,"Đảm bảo chất lượng, KĐCL",5778/BGDĐT-QLCL Công văn của Bộ GDĐT về việc ứng dụng công nghệ thông tin trong thực hiện KĐCLGD,5778/BGDĐT-QLCL,13/12/2021,13/12/2021,Bộ Giáo dục và Đào tạo,Công văn,Còn hiệu lực,http://dut.udn.vn/Files/admin/files/VanbanPhapquy/2022m1_100000000.876267PBQPPL_CVD_577828_BGDDT-QLCL_Ung-dung-CTTT-1012-ban-chinh.pdf,DOWNLOADED
24,0075,Khoa học Công nghệ,"Sửa đổi, bổ sung một số điều Quy định hoạt động nghiên cứu khoa học của sinh viên ĐHĐN ban hành theo Quyết định số 3226/QĐ-ĐHĐN",4217/QĐ-ĐHĐN,10/12/2021,10/12/2021,Đại học Đà Nẵng,"Quyết định, Quy định",Còn hiệu lực,,NO_PDF
24,0076,"Tổ chức, hành chính",Ban hành Quy định chế độ làm việc của giảng viên ĐHĐN,4194/QĐ-ĐHĐN,08/12/2021,08/12/2021,Đại học Đà Nẵng,"Quyết định, Quy định",Còn hiệu lực,http://dut.udn.vn/Files/admin/files/VanbanPhapquy/4194-1374 QD ban hanh Quy dinh che do lam viec cua giang vien DHDN.PDF,DOWNLOADED
25,"ID LĨNH VỰC TÊN VĂN BẢN SỐ HIỆU NGÀY BAN HÀNH NGÀY HIỆU LỰC CƠ QUAN BAN HÀNH LOẠI TÌNH TRẠNG TẢI VỀ 0200 Thi đua, khen thưởng Bộ tiêu chí đánh giá, chấm điểm thi đua các trường đại học thành viên năm học 2021-2022 4079/ĐHĐN-TCCB 30/11/2021 30/11/2021 Đại học Đà Nẵng Công văn Còn hiệu lực 0336 Thi đua, khen thưởng Kế hoạch số 1176/KH-BGDĐT ngày 27/10/2021 của Bộ GDĐT phát động phong trào thi đua đặc biệt “Toàn ngành Giáo dục đoàn kết, chung sức, đồng lòng thi đua phòng, chống và chiến thắng đại dịch COVID-19, thực hiện thắng lợi nhiệm vụ năm học” 1176/KH-BGDĐT 27/10/2021 27/10/2021 Bộ Giáo dục và Đào tạo Kế hoạch Còn hiệu lực 0065 Cơ sở vật chất, xây dựng Quy chế quản lý, sử dụng tài sản công Trường ĐHBK, ĐHĐN 2673/QĐ-ĐHBK 20/10/2021 20/10/2021 Trường Đại học Bách khoa Quyết định, Quy định Còn hiệu lực 0107 Tổ chức, hành chính Nghị định 89/2021/NĐ-CP Nghị định sửa đổi Nghị định 101/2017/NĐ-CP về đào tạo, bồi dưỡng cán bộ, công chức, viên chức 89/2021/NĐ-CP 18/10/2021 10/12/2021 Chính phủ Nghị định Còn hiệu lực 0077 Học liệu, truyền thông Ban hành Quy chế hoạt động truyền thông của Trường ĐHBK, ĐHĐN 2352/QĐ-ĐHBK 12/10/2021 12/10/2021 Trường Đại học Bách khoa Quyết định, Quy định Còn hiệu lực 0078 Học liệu, truyền thông Ban hành Quy định quản lý, khai thác và sử dụng thông tin học liệu phục vụ tại Trung tâm Học liệu và Truyền thông, Trường ĐHBK, ĐHĐN 2533/QĐ-ĐHBK 12/10/2021 12/10/2021 Trường Đại học Bách khoa Quyết định, Quy định Còn hiệu lực 0056 Tổ chức, hành chính Nghị quyết sửa đổi, bổ sung một số điều của Quy chế tổ chức và hoạt động của Trường ĐHBK, ĐHĐN 22/NQ-HĐT 08/10/2021 08/10/2021 Trường Đại học Bách khoa Nghị quyết Còn hiệu lực 0057 Tổ chức, hành chính Quy chế thực hiện dân chủ trong hoạt động của Trường ĐHBK, ĐHĐN 23/NQ-HĐT 08/10/2021 08/10/2021 Trường Đại học Bách khoa Nghị quyết Còn hiệu lực 0058 Tổ chức, hành chính Ban hành bộ tiêu chí đánh giá, xếp loại viên chức của Trường Đại học Bách khoa 2522/ĐHBK-TCHC 08/10/2021 08/10/2021 Trường Đại học Bách khoa Quyết định, Quy định Còn hiệu lực 0059 Tổ chức, hành chính Quyết định sửa đổi, bổ sung một số điều của Quy chế bổ nhiệm, bổ nhiệm lại, kéo dài thời gian giữ chức vụ, thôi giữ chức vụ, miễn nhiệm viên chức giữ chức vụ lãnh đạo, quản lý của Trường ĐHBK, ĐHĐN 2525/QĐ-ĐHBK 08/10/2021 08/10/2021 Trường Đại học Bách khoa Quyết định, Quy định Còn hiệu lực",ID,LĨNH VỰC,TÊN VĂN BẢN,SỐ HIỆU,NGÀY BAN HÀNH,NGÀY HIỆU LỰC,CƠ QUAN BAN HÀNH,LOẠI,http://dut.udn.vn/Files/admin/files/VanbanPhapquy/40. P.TCHC. 2525 QD sua doi-bo sung mot so dieu quy dinh bo nhiem-bo nhiem lai-keo dai -thoi giu CV.PDF,DOWNLOADED
25,ID,LĨNH VỰC,TÊN VĂN BẢN,SỐ HIỆU,NGÀY BAN HÀNH,NGÀY HIỆU LỰC,CƠ QUAN BAN HÀNH,LOẠI,TÌNH TRẠNG,,NO_PDF
25,0200,"Thi đua, khen thưởng","Bộ tiêu chí đánh giá, chấm điểm thi đua các trường đại học thành viên năm học 2021-2022",4079/ĐHĐN-TCCB,30/11/2021,30/11/2021,Đại học Đà Nẵng,Công văn,Còn hiệu lực,http://dut.udn.vn/Files/admin/files/VanbanPhapquy/Công văn  4079_ĐHĐN-TCCB han hanh bo tieu chi.PDF,DOWNLOADED
25,0336,"Thi đua, khen thưởng","Kế hoạch số 1176/KH-BGDĐT ngày 27/10/2021 của Bộ GDĐT phát động phong trào thi đua đặc biệt “Toàn ngành Giáo dục đoàn kết, chung sức, đồng lòng thi đua phòng, chống và chiến thắng đại dịch COVID-19, thực hiện thắng lợi nhiệm vụ năm học”",1176/KH-BGDĐT,27/10/2021,27/10/2021,Bộ Giáo dục và Đào tạo,Kế hoạch,Còn hiệu lực,http://dut.udn.vn/Files/admin/files/VanbanPhapquy/9. Kế hoạch 1176_KH-BGDĐT triển khai Phong trào thi đua đặc biệt.pdf,DOWNLOADED
25,0065,"Cơ sở vật chất, xây dựng","Quy chế quản lý, sử dụng tài sản công Trường ĐHBK, ĐHĐN",2673/QĐ-ĐHBK,20/10/2021,20/10/2021,Trường Đại học Bách khoa,"Quyết định, Quy định",Còn hiệu lực,http://dut.udn.vn/Files/admin/files/VanbanPhapquy/46. P. CSVC.  QD BH Quy dinh quan ly su dung tai san cong cua Truong DHBK-DHDN.PDF,DOWNLOADED
25,0107,"Tổ chức, hành chính","Nghị định 89/2021/NĐ-CP Nghị định sửa đổi Nghị định 101/2017/NĐ-CP về đào tạo, bồi dưỡng cán bộ, công chức, viên chức",89/2021/NĐ-CP,18/10/2021,10/12/2021,Chính phủ,Nghị định,Còn hiệu lực,http://dut.udn.vn/Files/admin/files/VanbanPhapquy/2022m1_100000000.5102529PBQPPL_CVD_447475.pdf,DOWNLOADED
25,0077,"Học liệu, truyền thông","Ban hành Quy chế hoạt động truyền thông của Trường ĐHBK, ĐHĐN",2352/QĐ-ĐHBK,12/10/2021,12/10/2021,Trường Đại học Bách khoa,"Quyết định, Quy định",Còn hiệu lực,http://dut.udn.vn/Files/admin/files/VanbanPhapquy/2352 QD ban hanh Quy che hoat dong truyen thong cua Truong DHBK-DHDN.PDF,DOWNLOADED
25,0078,"Học liệu, truyền thông","Ban hành Quy định quản lý, khai thác và sử dụng thông tin học liệu phục vụ tại Trung tâm Học liệu và Truyền thông, Trường ĐHBK, ĐHĐN",2533/QĐ-ĐHBK,12/10/2021,12/10/2021,Trường Đại học Bách khoa,"Quyết định, Quy định",Còn hiệu lực,http://dut.udn.vn/Files/admin/files/VanbanPhapquy/2533 QD BH Quy dinh quan ly khai thac va su dung TTHL phuc vu tai TTHL&TT Truong DHBK-DHDN.PDF,DOWNLOADED
25,0056,"Tổ chức, hành chính","Nghị quyết sửa đổi, bổ sung một số điều của Quy chế tổ chức và hoạt động của Trường ĐHBK, ĐHĐN",22/NQ-HĐT,08/10/2021,08/10/2021,Trường Đại học Bách khoa,Nghị quyết,Còn hiệu lực,http://dut.udn.vn/Files/admin/files/VanbanPhapquy/37. P.TCHC. 22 Nghi quyet sua doi bo sung mot so dieu cua Quy che To chuc va Hoat dong cua Truong DHBK-DHDN.PDF,DOWNLOADED
25,0057,"Tổ chức, hành chính","Quy chế thực hiện dân chủ trong hoạt động của Trường ĐHBK, ĐHĐN",23/NQ-HĐT,08/10/2021,08/10/2021,Trường Đại học Bách khoa,Nghị quyết,Còn hiệu lực,http://dut.udn.vn/Files/admin/files/VanbanPhapquy/38. P.TCHC. 23 Nghi quyet BH Quy che thuc hien dan dan chu trong hoat dong cua Truong DHBK-DHDN.PDF,DOWNLOADED
25,0058,"Tổ chức, hành chính","Ban hành bộ tiêu chí đánh giá, xếp loại viên chức của Trường Đại học Bách khoa",2522/ĐHBK-TCHC,08/10/2021,08/10/2021,Trường Đại học Bách khoa,"Quyết định, Quy định",Còn hiệu lực,http://dut.udn.vn/Files/admin/files/VanbanPhapquy/39. P.TCHC_Quyet dinh_2522_QĐ-ĐHBK_ Ban hanh Bo tieu chi danh gia xep loai vien chuc cua Truong DHBK).PDF,DOWNLOADED
25,0059,"Tổ chức, hành chính","Quyết định sửa đổi, bổ sung một số điều của Quy chế bổ nhiệm, bổ nhiệm lại, kéo dài thời gian giữ chức vụ, thôi giữ chức vụ, miễn nhiệm viên chức giữ chức vụ lãnh đạo, quản lý của Trường ĐHBK, ĐHĐN",2525/QĐ-ĐHBK,08/10/2021,08/10/2021,Trường Đại học Bách khoa,"Quyết định, Quy định",Còn hiệu lực,http://dut.udn.vn/Files/admin/files/VanbanPhapquy/40. P.TCHC. 2525 QD sua doi-bo sung mot so dieu quy dinh bo nhiem-bo nhiem lai-keo dai -thoi giu CV.PDF,DOWNLOADED
26,"ID LĨNH VỰC TÊN VĂN BẢN SỐ HIỆU NGÀY BAN HÀNH NGÀY HIỆU LỰC CƠ QUAN BAN HÀNH LOẠI TÌNH TRẠNG TẢI VỀ 0333 Thi đua, khen thưởng Công văn số 4499/BGDĐT-GDĐH ngày 06/10/2021 của Bộ trưởng Bộ GDĐT về hướng dẫn thực hiện nhiệm vụ giáo dục đại học năm học 2021-2022 4499/BGDĐT-GDĐH 06/10/2021 06/10/2021 Bộ Giáo dục và Đào tạo Công văn Còn hiệu lực 0079 Văn thư, lưu trữ Ban hành Quy trình ban hành văn bản hành chính tại Trường ĐHBK, ĐHĐN 2465/QĐ-ĐHBK 01/10/2021 01/10/2021 Trường Đại học Bách khoa Quyết định, Quy định Còn hiệu lực 0303 Thanh tra, kiểm tra Thông tư quy định quy trình tiếp công dân 04/2021/TT-TTCP 01/10/2021 15/11/2021 Thanh tra chính phủ Thông tư Còn hiệu lực 0304 Thanh tra, kiểm tra Thông tư quy định quy trình xử lý đơn khiếu nại, đơn tố cáo, đơn kiến nghị, phản ánh 05/2021/TT-TTCP 01/10/2021 15/11/2021 Thanh tra chính phủ Thông tư Còn hiệu lực 0305 Thanh tra, kiểm tra Thông tư quy định về tổ chức, hoạt động của Đoàn thanh tra và trình tự, thủ tục tiến hành một cuộc thanh tra 06/2021/TT-TTCP 01/10/2021 15/11/2021 Thanh tra chính phủ Thông tư Còn hiệu lực 0306 Thanh tra, kiểm tra Thông tư quy định về thẩm quyền, nội dung thanh tra, trách nhiệm thực hiện pháp luật về thanh tra, tiếp công dân, khiếu nại, tố cáo và phòng, chống tham nhũng 07/2021/TT-TTCP 01/10/2021 15/11/2021 Thanh tra chính phủ Thông tư Còn hiệu lực 0302 Thanh tra, kiểm tra Thông tư quy định chi tiết danh mục và thời hạn định kỳ chuyển đổi vị trí công tác tại Thanh tra Chính phủ và vị trí công tác trong lĩnh vực thanh tra, tiếp công dân, giải quyết khiếu nại, tố cáo, phòng, chống tham nhũng tại chính quyền địa phương 03/2021/TT-TTCP 30/09/2021 20/11/2021 Thanh tra chính phủ Thông tư Còn hiệu lực 0170 Tuyển sinh Quyết định 3297/QĐ-ĐHĐN Quy chế tuyển sinh trình độ tiến sĩ 3297/QĐ-ĐHĐN 29/09/2021 29/09/2021 Đại học Đà Nẵng Quyết định, Quy định Còn hiệu lực 0108 Tổ chức, hành chính Nghị định 86/2021/NĐ-CP Nghị định quy định về việc công dân Việt Nam ra nước ngoài học tập, giảng dạy, nghiên cứu khoa học và trao đổi học thuật 86/2021/NĐ-CP 25/09/2021 01/12/2021 Chính phủ Nghị định Còn hiệu lực 0171 Tuyển sinh Quyết định 3183/QĐ-ĐHĐN Quy định tổ chức tuyển sinh đào tạo trình độ thạc sỹ theo hình thức trực tuyến 3183/QĐ-ĐHĐN 17/09/2021 17/09/2021 Đại học Đà Nẵng Quyết định, Quy định Còn hiệu lực",ID,LĨNH VỰC,TÊN VĂN BẢN,SỐ HIỆU,NGÀY BAN HÀNH,NGÀY HIỆU LỰC,CƠ QUAN BAN HÀNH,LOẠI,http://dut.udn.vn/Files/admin/files/VanbanPhapquy/2021m9_100000000.533424DHDN_CVDi_3183_-_QD_ban_hanh_Quy_dinh_to_chuc_tuyen_sinh_dao_tao_ThS_theo_hinh_thuc_truc_tuyen.pdf,DOWNLOADED
26,ID,LĨNH VỰC,TÊN VĂN BẢN,SỐ HIỆU,NGÀY BAN HÀNH,NGÀY HIỆU LỰC,CƠ QUAN BAN HÀNH,LOẠI,TÌNH TRẠNG,,NO_PDF
26,0333,"Thi đua, khen thưởng",Công văn số 4499/BGDĐT-GDĐH ngày 06/10/2021 của Bộ trưởng Bộ GDĐT về hướng dẫn thực hiện nhiệm vụ giáo dục đại học năm học 2021-2022,4499/BGDĐT-GDĐH,06/10/2021,06/10/2021,Bộ Giáo dục và Đào tạo,Công văn,Còn hiệu lực,http://dut.udn.vn/Files/admin/files/VanbanPhapquy/6. Công văn số 4499_BGDĐT-GDĐH hướng dẫn thực hiện nhiệm vụ giáo dục đại học năm học 2021-2022.pdf,DOWNLOADED
26,0079,"Văn thư, lưu trữ","Ban hành Quy trình ban hành văn bản hành chính tại Trường ĐHBK, ĐHĐN",2465/QĐ-ĐHBK,01/10/2021,01/10/2021,Trường Đại học Bách khoa,"Quyết định, Quy định",Còn hiệu lực,http://dut.udn.vn/Files/admin/files/VanbanPhapquy/2465 QD Ban hanh Quy trinh ban hanh van ban hanh chinh tai Truong DHBK-DHDN.PDF,DOWNLOADED
26,0303,"Thanh tra, kiểm tra",Thông tư quy định quy trình tiếp công dân,04/2021/TT-TTCP,01/10/2021,15/11/2021,Thanh tra chính phủ,Thông tư,Còn hiệu lực,http://dut.udn.vn/Files/admin/files/VanbanPhapquy/13. TT.04.2021.TT.TTCP. Thong tu Quy dinh quy trinh tiep cong dan.pdf,DOWNLOADED
26,0304,"Thanh tra, kiểm tra","Thông tư quy định quy trình xử lý đơn khiếu nại, đơn tố cáo, đơn kiến nghị, phản ánh",05/2021/TT-TTCP,01/10/2021,15/11/2021,Thanh tra chính phủ,Thông tư,Còn hiệu lực,"http://dut.udn.vn/Files/admin/files/VanbanPhapquy/14. TT.05.2021.TT. TTCP Thong tư quy dinh quy tinh xu ly don KN, TC . KN ..pdf",DOWNLOADED
26,0305,"Thanh tra, kiểm tra","Thông tư quy định về tổ chức, hoạt động của Đoàn thanh tra và trình tự, thủ tục tiến hành một cuộc thanh tra",06/2021/TT-TTCP,01/10/2021,15/11/2021,Thanh tra chính phủ,Thông tư,Còn hiệu lực,http://dut.udn.vn/Files/admin/files/VanbanPhapquy/15. TT.06.2021.TT.TTCP. Thong tu quy dinh to chuc Doan thanh tra.pdf,DOWNLOADED
26,0306,"Thanh tra, kiểm tra","Thông tư quy định về thẩm quyền, nội dung thanh tra, trách nhiệm thực hiện pháp luật về thanh tra, tiếp công dân, khiếu nại, tố cáo và phòng, chống tham nhũng",07/2021/TT-TTCP,01/10/2021,15/11/2021,Thanh tra chính phủ,Thông tư,Còn hiệu lực,"http://dut.udn.vn/Files/admin/files/VanbanPhapquy/16. TT.07.2021.TT.TTCP. Quy dinh tham quyen, noi dung thanh tra.pdf",DOWNLOADED
26,0302,"Thanh tra, kiểm tra","Thông tư quy định chi tiết danh mục và thời hạn định kỳ chuyển đổi vị trí công tác tại Thanh tra Chính phủ và vị trí công tác trong lĩnh vực thanh tra, tiếp công dân, giải quyết khiếu nại, tố cáo, phòng, chống tham nhũng tại chính quyền địa phương",03/2021/TT-TTCP,30/09/2021,20/11/2021,Thanh tra chính phủ,Thông tư,Còn hiệu lực,http://dut.udn.vn/Files/admin/files/VanbanPhapquy/12. TT so 03_2021_TT-TTCP_ Thong tu quy dinh thoi gian chuyen doi cong tac tại TTCP và một so linh vuc thanh tra.pdf,DOWNLOADED
26,0170,Tuyển sinh,Quyết định 3297/QĐ-ĐHĐN Quy chế tuyển sinh trình độ tiến sĩ,3297/QĐ-ĐHĐN,29/09/2021,29/09/2021,Đại học Đà Nẵng,"Quyết định, Quy định",Còn hiệu lực,http://dut.udn.vn/Files/admin/files/VanbanPhapquy/2021m10_100000000.533424DHDN_CVDi_3297-quyet-dinh-ban-hanh-quy-che-tuyen-sinh-trinh-do-tien-si_1632993917.pdf,DOWNLOADED
26,0108,"Tổ chức, hành chính","Nghị định 86/2021/NĐ-CP Nghị định quy định về việc công dân Việt Nam ra nước ngoài học tập, giảng dạy, nghiên cứu khoa học và trao đổi học thuật",86/2021/NĐ-CP,25/09/2021,01/12/2021,Chính phủ,Nghị định,Còn hiệu lực,http://dut.udn.vn/Files/admin/files/VanbanPhapquy/2022m1_100000000.6855964PBQPPL_CVD_489274.pdf,DOWNLOADED
26,0171,Tuyển sinh,Quyết định 3183/QĐ-ĐHĐN Quy định tổ chức tuyển sinh đào tạo trình độ thạc sỹ theo hình thức trực tuyến,3183/QĐ-ĐHĐN,17/09/2021,17/09/2021,Đại học Đà Nẵng,"Quyết định, Quy định",Còn hiệu lực,http://dut.udn.vn/Files/admin/files/VanbanPhapquy/2021m9_100000000.533424DHDN_CVDi_3183_-_QD_ban_hanh_Quy_dinh_to_chuc_tuyen_sinh_dao_tao_ThS_theo_hinh_thuc_truc_tuyen.pdf,DOWNLOADED
27,"ID LĨNH VỰC TÊN VĂN BẢN SỐ HIỆU NGÀY BAN HÀNH NGÀY HIỆU LỰC CƠ QUAN BAN HÀNH LOẠI TÌNH TRẠNG TẢI VỀ 0063 Đào tạo Quy định đào tạo trình độ đại học 2244/QĐ-ĐHBK 15/09/2021 15/09/2021 Trường Đại học Bách khoa Quyết định, Quy định Còn hiệu lực 0062 Công tác sinh viên Ban hành Quy định xét thi đua, khen thưởng, đối với sinh viên đại học hệ chính quy của Trường ĐHBK, ĐHĐN 2231/QĐ-ĐHBK 10/09/2021 10/09/2021 Trường Đại học Bách khoa Quyết định, Quy định Còn hiệu lực 0144 Đào tạo Thông tư 24/2021/TT-BGDĐT Thông tư 24/2021/TT-BGDĐT sửa đổi Quy chế thi đánh giá năng lực ngoại ngữ theo Khung năng lực ngoại ngữ 6 bậc dùng cho Việt Nam kèm theo Thông tư 23/2017/TT-BGDĐT do Bộ trưởng Bộ Giáo dục và Đào tạo ban hành 24/2021/TT-BGDĐT 08/09/2021 24/10/2021 Bộ Giáo dục và Đào tạo Thông tư Còn hiệu lực 0145 Tuyển sinh Thông tư 23/2021/TT-BGDĐT Quy chế tuyển sinh và đào tạo trình độ thạc sỹ 23/2021/TT-BGDĐT 30/08/2021 15/10/2021 Bộ Giáo dục và Đào tạo Thông tư Còn hiệu lực 0109 Tài chính, kế toán Nghị định 81/2021/NĐ-CP Nghị định quy định về cơ chế thu, quản lý học phí đối với cơ sở giáo dục thuộc hệ thống giáo dục quốc dân và chính sách miễn, giảm học phí, hỗ trợ chi phí học tập; giá dịch vụ trong lĩnh vực giáo dục, đào tạo 81/2021/NĐ-CP 27/08/2021 15/10/2021 Chính phủ Nghị định Còn hiệu lực 0332 Thi đua, khen thưởng Chỉ thị số 800/CT-BGDĐT ngày 24/8/2021 của Bộ trưởng Bộ GDĐT về thực hiện nhiệm vụ năm học 2021-2022 ứng phó với dịch COVID-19, tiếp tục thực hiện đổi mới, kiên trì mục tiêu chất lượng giáo dục và đào tạo 800/CT-BGDĐT 24/08/2021 24/08/2021 Bộ Giáo dục và Đào tạo Chỉ thị Còn hiệu lực 0156 Đào tạo Quyết định 2858/QĐ-ĐHĐN Quyết định ban hành mẫu bản sao bằng giáo dục đại học của Đại học Đà Nẵng 2858/QĐ-ĐHĐN 06/08/2021 06/08/2021 Đại học Đà Nẵng Quyết định, Quy định Còn hiệu lực 0110 Tổ chức, hành chính Nghị định 77/2021/NĐ-CP Quy định chế độ phụ cấp thâm niên nhà giáo 77/2021/NĐ-CP 01/08/2021 01/08/2021 Chính phủ Nghị định Còn hiệu lực 0219 Thi đua, khen thưởng Hướng dẫn xét, công nhận sáng kiến; phạm vi ảnh hưởng của sáng kiến, đề tài nghiên cứu khoa học làm sơ sở xét danh hiệu thi đua, khen thưởng hằng năm 2851/BGDĐT-TĐKT 12/07/2021 12/07/2021 Bộ Giáo dục và Đào tạo Công văn Còn hiệu lực 0055 Tổ chức, hành chính Chiến lược phát triển của Trường Đại học Bách khoa, Đại học Đà Nẵng đến năm 2025 tầm nhìn đến năm 2035 1838/QĐ-ĐHBK 09/07/2021 09/07/2021 Trường Đại học Bách khoa Quyết định, Quy định Còn hiệu lực",ID,LĨNH VỰC,TÊN VĂN BẢN,SỐ HIỆU,NGÀY BAN HÀNH,NGÀY HIỆU LỰC,CƠ QUAN BAN HÀNH,LOẠI,http://dut.udn.vn/Files/admin/files/VanbanPhapquy/36. P.TCHC_ Quyet dinh_1838_QĐ-ĐHBK_ Chien luoc phat trien cua Truong DHBK-DHDN den nam 2025.PDF,DOWNLOADED
27,ID,LĨNH VỰC,TÊN VĂN BẢN,SỐ HIỆU,NGÀY BAN HÀNH,NGÀY HIỆU LỰC,CƠ QUAN BAN HÀNH,LOẠI,TÌNH TRẠNG,,NO_PDF
27,0063,Đào tạo,Quy định đào tạo trình độ đại học,2244/QĐ-ĐHBK,15/09/2021,15/09/2021,Trường Đại học Bách khoa,"Quyết định, Quy định",Còn hiệu lực,http://dut.udn.vn/Files/admin/files/VanbanPhapquy/44. P. dao tao__Quy dinh dao tao trinh do dai hoc cua Truong dai hoc Bach khoa.pdf,DOWNLOADED
27,0062,Công tác sinh viên,"Ban hành Quy định xét thi đua, khen thưởng, đối với sinh viên đại học hệ chính quy của Trường ĐHBK, ĐHĐN",2231/QĐ-ĐHBK,10/09/2021,10/09/2021,Trường Đại học Bách khoa,"Quyết định, Quy định",Còn hiệu lực,http://dut.udn.vn/Files/admin/files/VanbanPhapquy/43. P.CTSV. 2231_Quyet dinh ban hanh thi dua khen thuong.pdf,DOWNLOADED
27,0144,Đào tạo,Thông tư 24/2021/TT-BGDĐT Thông tư 24/2021/TT-BGDĐT sửa đổi Quy chế thi đánh giá năng lực ngoại ngữ theo Khung năng lực ngoại ngữ 6 bậc dùng cho Việt Nam kèm theo Thông tư 23/2017/TT-BGDĐT do Bộ trưởng Bộ Giáo dục và Đào tạo ban hành,24/2021/TT-BGDĐT,08/09/2021,24/10/2021,Bộ Giáo dục và Đào tạo,Thông tư,Còn hiệu lực,http://dut.udn.vn/Files/admin/files/VanbanPhapquy/2022m1_100000000.803168PBQPPL_CVD_461565.pdf,DOWNLOADED
27,0145,Tuyển sinh,Thông tư 23/2021/TT-BGDĐT Quy chế tuyển sinh và đào tạo trình độ thạc sỹ,23/2021/TT-BGDĐT,30/08/2021,15/10/2021,Bộ Giáo dục và Đào tạo,Thông tư,Còn hiệu lực,http://dut.udn.vn/Files/admin/files/VanbanPhapquy/2021m9_100000000.9204959PBQPPL_CVD_TT23.pdf,DOWNLOADED
27,0109,"Tài chính, kế toán","Nghị định 81/2021/NĐ-CP Nghị định quy định về cơ chế thu, quản lý học phí đối với cơ sở giáo dục thuộc hệ thống giáo dục quốc dân và chính sách miễn, giảm học phí, hỗ trợ chi phí học tập; giá dịch vụ trong lĩnh vực giáo dục, đào tạo",81/2021/NĐ-CP,27/08/2021,15/10/2021,Chính phủ,Nghị định,Còn hiệu lực,http://dut.udn.vn/Files/admin/files/VanbanPhapquy/2021m10_100000000.533424PBQPPL_CVD_ND81.2021.pdf,DOWNLOADED
27,0332,"Thi đua, khen thưởng","Chỉ thị số 800/CT-BGDĐT ngày 24/8/2021 của Bộ trưởng Bộ GDĐT về thực hiện nhiệm vụ năm học 2021-2022 ứng phó với dịch COVID-19, tiếp tục thực hiện đổi mới, kiên trì mục tiêu chất lượng giáo dục và đào tạo",800/CT-BGDĐT,24/08/2021,24/08/2021,Bộ Giáo dục và Đào tạo,Chỉ thị,Còn hiệu lực,http://dut.udn.vn/Files/admin/files/VanbanPhapquy/5. Chỉ thị 800_CT-BGDĐT về thực hiện nhiệm vụ năm học 2021-2022 ứng phó với dịch covid-19.pdf,DOWNLOADED
27,0156,Đào tạo,Quyết định 2858/QĐ-ĐHĐN Quyết định ban hành mẫu bản sao bằng giáo dục đại học của Đại học Đà Nẵng,2858/QĐ-ĐHĐN,06/08/2021,06/08/2021,Đại học Đà Nẵng,"Quyết định, Quy định",Còn hiệu lực,http://dut.udn.vn/Files/admin/files/VanbanPhapquy/2022m4_100000000.6947138DHDN_CVDi_2858-QD_ban_hanh_mau_ban_sao_DHDN.pdf,DOWNLOADED
27,0110,"Tổ chức, hành chính",Nghị định 77/2021/NĐ-CP Quy định chế độ phụ cấp thâm niên nhà giáo,77/2021/NĐ-CP,01/08/2021,01/08/2021,Chính phủ,Nghị định,Còn hiệu lực,http://dut.udn.vn/Files/admin/files/VanbanPhapquy/2021m8_100000000.533424PBQPPL_CVD_Nghi_dinh_77_ND_-_2021_phu_cap_tham_nien_nha_giao_(1).pdf,DOWNLOADED
27,0219,"Thi đua, khen thưởng","Hướng dẫn xét, công nhận sáng kiến; phạm vi ảnh hưởng của sáng kiến, đề tài nghiên cứu khoa học làm sơ sở xét danh hiệu thi đua, khen thưởng hằng năm",2851/BGDĐT-TĐKT,12/07/2021,12/07/2021,Bộ Giáo dục và Đào tạo,Công văn,Còn hiệu lực,"http://dut.udn.vn/Files/admin/files/VanbanPhapquy/2851_BGDĐT_Huong dan xet cong nhan sang kien, pham vi anh huong cua de tai sang kien.pdf",DOWNLOADED
27,0055,"Tổ chức, hành chính","Chiến lược phát triển của Trường Đại học Bách khoa, Đại học Đà Nẵng đến năm 2025 tầm nhìn đến năm 2035",1838/QĐ-ĐHBK,09/07/2021,09/07/2021,Trường Đại học Bách khoa,"Quyết định, Quy định",Còn hiệu lực,http://dut.udn.vn/Files/admin/files/VanbanPhapquy/36. P.TCHC_ Quyet dinh_1838_QĐ-ĐHBK_ Chien luoc phat trien cua Truong DHBK-DHDN den nam 2025.PDF,DOWNLOADED
28,"ID LĨNH VỰC TÊN VĂN BẢN SỐ HIỆU NGÀY BAN HÀNH NGÀY HIỆU LỰC CƠ QUAN BAN HÀNH LOẠI TÌNH TRẠNG TẢI VỀ 0173 Tổ chức, hành chính Quyết định 2390/QĐ-ĐHĐN Quy chế nâng bậc lương trước thời hạn do lập thành tích xuất sắc trong thực hiện nhiệm vụ đối với viên chức và người lao động của ĐHĐN 2390/QĐ-ĐHĐN 01/07/2021 01/07/2021 Đại học Đà Nẵng Quyết định, Quy định Còn hiệu lực 0154 Tuyển sinh Thông tư 18/2021/TT-BGDĐT về Quy chế tuyển sinh và đào tạo trình độ tiến sĩ do Bộ trưởng Bộ Giáo dục và Đào tạo ban hành 18/2021/TT-BGDĐT 28/06/2021 15/08/2021 Bộ Giáo dục và Đào tạo Thông tư Còn hiệu lực 0146 Đào tạo Thông tư 17/2021/TT-BGDĐT Thông tư 17/2021/TT-BGDĐT quy định về chuẩn chương trình đào tạo; xây dựng, thẩm định và chương trình đào tạo các trình độ của giáo dục đại học do Bộ Giáo dục và Đào tạo ban hành 17/2021/TT-BGDĐT 22/06/2021 07/08/2021 Bộ Giáo dục và Đào tạo Thông tư Còn hiệu lực 0111 Tài chính, kế toán Nghị định 60/2021/NĐ-CP Nghị định về cơ chế tự chủ tài chính của đơn vị sự nghiệp công lập 60/2021/NĐ-CP 21/06/2021 15/08/2021 Chính phủ Nghị định Còn hiệu lực 0061 Đào tạo Hướng dẫn Đánh giá đồ án, luận văn, luận án tốt nghiệp theo hình thức trực tuyến của Trường Đại học Bách khoa, Đại học Đà Nẵng 1606/HD-ĐHBK 15/06/2021 15/06/2021 Trường Đại học Bách khoa Hướng dẫn Còn hiệu lực 0004 Công tác sinh viên Phê duyệt danh sách các xã khu vực III, khu vực II, khu vực I thuộc vùng đồng bào dân tộc thiểu số và miền núi giai đoạn 2021-2025. 861/QĐ-TTg 04/06/2021 04/06/2021 Thủ tướng Chính phủ Quyết định, Quy định Còn hiệu lực 0174 Đào tạo Quyết định 2058/QĐ-ĐHĐN Quy định tổ chức đánh giá đồ án, khoá luận, luận văn, luận án tốt nghiệp cho sinh viên, học viên và nghiên cứu sinh của ĐHĐN theo hình thức trực tuyến 2058/QĐ-ĐHĐN 04/06/2021 04/06/2021 Đại học Đà Nẵng Quyết định, Quy định Còn hiệu lực 0033 Đào tạo Quy định mời thỉnh giảng và quản lý công tác thỉnh giảng tại Trường Đại học Bách khoa, Đại học Đà Nẵng 1562/QĐ-ĐHBK 02/06/2021 02/06/2021 Trường Đại học Bách khoa Quyết định, Quy định Còn hiệu lực 0052 Học liệu, truyền thông Quy chế tổ chức và hoạt động của Trung tâm Học liệu và Truyền thông, Trường Đại học Bách khoa, Đại học Đà Nẵng 1474/QĐ-ĐHBK 21/05/2021 21/05/2021 Trường Đại học Bách khoa Quyết định, Quy định Còn hiệu lực 0053 Học liệu, truyền thông Quy chế phát ngôn và cung cấp thông tin cho báo chí của Trường Đại học Bách khoa, Đại học Đà Nẵng 1475/QĐ-ĐHBK 21/05/2021 21/05/2021 Trường Đại học Bách khoa Quyết định, Quy định Còn hiệu lực",ID,LĨNH VỰC,TÊN VĂN BẢN,SỐ HIỆU,NGÀY BAN HÀNH,NGÀY HIỆU LỰC,CƠ QUAN BAN HÀNH,LOẠI,http://dut.udn.vn/Files/admin/files/VanbanPhapquy/26_TTHL-TT_1475%20QD%20Ban%20hanh%20Quy%20che%20phat%20ngon%20va%20cung%20cap%20thong%20tin%20cho%20bao%20chi%20cua%20Truong%20DHBK-DHDN.PDF,DOWNLOADED
28,ID,LĨNH VỰC,TÊN VĂN BẢN,SỐ HIỆU,NGÀY BAN HÀNH,NGÀY HIỆU LỰC,CƠ QUAN BAN HÀNH,LOẠI,TÌNH TRẠNG,,NO_PDF
28,0173,"Tổ chức, hành chính",Quyết định 2390/QĐ-ĐHĐN Quy chế nâng bậc lương trước thời hạn do lập thành tích xuất sắc trong thực hiện nhiệm vụ đối với viên chức và người lao động của ĐHĐN,2390/QĐ-ĐHĐN,01/07/2021,01/07/2021,Đại học Đà Nẵng,"Quyết định, Quy định",Còn hiệu lực,http://dut.udn.vn/Files/admin/files/VanbanPhapquy/2021m12_100000000.533424DHDN_CVDi_QD_2390_Quyche_nang_bac_luong_truoc_thoi_han_0001.pdf,DOWNLOADED
28,0154,Tuyển sinh,Thông tư 18/2021/TT-BGDĐT về Quy chế tuyển sinh và đào tạo trình độ tiến sĩ do Bộ trưởng Bộ Giáo dục và Đào tạo ban hành,18/2021/TT-BGDĐT,28/06/2021,15/08/2021,Bộ Giáo dục và Đào tạo,Thông tư,Còn hiệu lực,http://dut.udn.vn/Files/admin/files/VanbanPhapquy/2022m1_100000000.533424PBQPPL_CVD_480305.pdf,DOWNLOADED
28,0146,Đào tạo,"Thông tư 17/2021/TT-BGDĐT Thông tư 17/2021/TT-BGDĐT quy định về chuẩn chương trình đào tạo; xây dựng, thẩm định và chương trình đào tạo các trình độ của giáo dục đại học do Bộ Giáo dục và Đào tạo ban hành",17/2021/TT-BGDĐT,22/06/2021,07/08/2021,Bộ Giáo dục và Đào tạo,Thông tư,Còn hiệu lực,http://dut.udn.vn/Files/admin/files/VanbanPhapquy/2022m1_100000000.301948PBQPPL_CVD_450547.pdf,DOWNLOADED
28,0111,"Tài chính, kế toán",Nghị định 60/2021/NĐ-CP Nghị định về cơ chế tự chủ tài chính của đơn vị sự nghiệp công lập,60/2021/NĐ-CP,21/06/2021,15/08/2021,Chính phủ,Nghị định,Còn hiệu lực,http://dut.udn.vn/Files/admin/files/VanbanPhapquy/2022m1_100000000.3206109PBQPPL_CVD_478766.pdf,DOWNLOADED
28,0061,Đào tạo,"Hướng dẫn Đánh giá đồ án, luận văn, luận án tốt nghiệp theo hình thức trực tuyến của Trường Đại học Bách khoa, Đại học Đà Nẵng",1606/HD-ĐHBK,15/06/2021,15/06/2021,Trường Đại học Bách khoa,Hướng dẫn,Còn hiệu lực,http://dut.udn.vn/Files/admin/files/VanbanPhapquy/42. P. Dao tao. 1606 HD Danh gia do an luan van luan an tot nghiep theo hinh thuc truc tuyen.PDF,DOWNLOADED
28,0004,Công tác sinh viên,"Phê duyệt danh sách các xã khu vực III, khu vực II, khu vực I thuộc vùng đồng bào dân tộc thiểu số và miền núi giai đoạn 2021-2025.",861/QĐ-TTg,04/06/2021,04/06/2021,Thủ tướng Chính phủ,"Quyết định, Quy định",Còn hiệu lực,http://dut.udn.vn/Files/admin/files/VanbanPhapquy/4.Quyet%20dinh%20_861_QĐ-TTg_Phe%20duyet%20chinh%20sach%20cac%20xa%20khu%20vuc%20III%2C%20khu%20vuc%20I...pdf,DOWNLOADED
28,0174,Đào tạo,"Quyết định 2058/QĐ-ĐHĐN Quy định tổ chức đánh giá đồ án, khoá luận, luận văn, luận án tốt nghiệp cho sinh viên, học viên và nghiên cứu sinh của ĐHĐN theo hình thức trực tuyến",2058/QĐ-ĐHĐN,04/06/2021,04/06/2021,Đại học Đà Nẵng,"Quyết định, Quy định",Còn hiệu lực,http://dut.udn.vn/Files/admin/files/VanbanPhapquy/2021m7_100000000.9031947DHDN_CVDi_qd2058-04062021-quy-dinh-ve-bao-ve-tot-nghiep-truc-tuyen_1622796729.pdf,DOWNLOADED
28,0033,Đào tạo,"Quy định mời thỉnh giảng và quản lý công tác thỉnh giảng tại Trường Đại học Bách khoa, Đại học Đà Nẵng",1562/QĐ-ĐHBK,02/06/2021,02/06/2021,Trường Đại học Bách khoa,"Quyết định, Quy định",Còn hiệu lực,http://dut.udn.vn/Files/admin/files/VanbanPhapquy/04_Daotao_1562%20QD%20BH%20Quy%20dinh%20moi%20thinh%20giang%20va%20quan%20ly%20cong%20tac%20thinh%20giang%20tai%20Truong%20DHBK-DHDN.PDF,DOWNLOADED
28,0052,"Học liệu, truyền thông","Quy chế tổ chức và hoạt động của Trung tâm Học liệu và Truyền thông, Trường Đại học Bách khoa, Đại học Đà Nẵng",1474/QĐ-ĐHBK,21/05/2021,21/05/2021,Trường Đại học Bách khoa,"Quyết định, Quy định",Còn hiệu lực,http://dut.udn.vn/Files/admin/files/VanbanPhapquy/25_TTHL-TT_1474%20QD%20Ban%20hanh%20Quy%20che%20to%20chuc%20va%20hoat%20dong%20cua%20Trung%20tam%20Hoc%20lieu%20va%20Truyen%20thong%20Truong%20DHBK-DHDN.PDF,DOWNLOADED
28,0053,"Học liệu, truyền thông","Quy chế phát ngôn và cung cấp thông tin cho báo chí của Trường Đại học Bách khoa, Đại học Đà Nẵng",1475/QĐ-ĐHBK,21/05/2021,21/05/2021,Trường Đại học Bách khoa,"Quyết định, Quy định",Còn hiệu lực,http://dut.udn.vn/Files/admin/files/VanbanPhapquy/26_TTHL-TT_1475%20QD%20Ban%20hanh%20Quy%20che%20phat%20ngon%20va%20cung%20cap%20thong%20tin%20cho%20bao%20chi%20cua%20Truong%20DHBK-DHDN.PDF,DOWNLOADED
29,"ID LĨNH VỰC TÊN VĂN BẢN SỐ HIỆU NGÀY BAN HÀNH NGÀY HIỆU LỰC CƠ QUAN BAN HÀNH LOẠI TÌNH TRẠNG TẢI VỀ 0307 Thanh tra, kiểm tra Thông tư sửa đổi, bổ sung một số điều của Thông tư số 40/2013/TT-BGDĐT ngày 18/12/2012 của Bộ trưởng Bộ GDĐT về tiếp công dân, giải quyết khiếu nại, giải quyết tố cáo của Bộ GDĐT; đã được sửa đổi bổ sung tại Thông tư số 25/2019/TT-BGDĐT ngày 30/12/2019 14/2021/TT-BGDDT 20/05/2021 05/07/2021 Bộ Giáo dục và Đào tạo Thông tư Còn hiệu lực 0328 Thanh tra, kiểm tra Thông tư số 14/2021/TT-BGD&ĐT ngày 20/5/2021 Sửa đổi , bổ sung một số điều của Thông tư số 40/2013/TT-BGD&ĐT ngày 18/12/2013 của Bộ trưởng Bộ GD&ĐT quy định về tiếp công dân, giải quyết khiếu nại, giải quyết tố cáo của Bộ GD &ĐT; đã được sửa đổi, bổ sung tại Thông tư số 25/2019/TT-BGDĐT ngày 30/12/2019 của Bộ trưởng BGD&ĐT 14/2021/TT-BGD&ĐT 20/05/2021 20/05/2021 Bộ Giáo dục và Đào tạo Thông tư Còn hiệu lực 0018 Công tác sinh viên Ban hành Quy định về viêc xét, cấp học bổng cho sinh viên hệ đại học chính quy tại Trường Đại học Bách khoa, Đại học Đà Nẵng 1414/QĐ-ĐHBK 14/05/2021 14/05/2021 Trường Đại học Bách khoa Quyết định, Quy định Còn hiệu lực 0045 Khoa học Công nghệ Quy định quản lý hoạt động khoa học công nghệ tại Trường Đại học Bách khoa, Đại học Đà Nẵng 1404/QĐ-ĐHBK 12/05/2021 12/05/2021 Trường Đại học Bách khoa Quyết định, Quy định Còn hiệu lực 0042 Đào tạo Chính sách bảo đảm chất lượng giáo dục của Trường Đại học Bách khoa, Đại học Đà Nẵng 1394/QĐ-ĐHBK 11/05/2021 11/05/2021 Trường Đại học Bách khoa Quyết định, Quy định Còn hiệu lực 0043 Đào tạo Quy định đảm bảo chất lượng giáo dục của Trường Đại học Bách khoa, Đại học Đà Nẵng 1395/QĐ-ĐHBK 11/05/2021 11/05/2021 Trường Đại học Bách khoa Quyết định, Quy định Còn hiệu lực 0214 Đảm bảo chất lượng, KĐCL Chính sách bảo đảm chất lượng giáo dục Trường Đại học Bách khoa, Đại học Đà Nẵng 1394/QĐ-ĐHBK 11/05/2021 11/05/2021 Trường Đại học Bách khoa Quyết định, Quy định Còn hiệu lực 0215 Đảm bảo chất lượng, KĐCL Quy định bảo đảm chất lượng giáo dục Trường Đại học Bách khoa, Đại học Đà Nẵng 1395/QĐ-ĐHBK 11/05/2021 11/05/2021 Trường Đại học Bách khoa Quyết định, Quy định Còn hiệu lực 0208 Tổ chức, hành chính Luật phòng, chống ma túy 73/2021/QH14 30/04/2021 01/01/2022 Quốc hội Luật, Pháp lệnh Còn hiệu lực 0162 Tài chính, kế toán Quyết định 1676/QĐ-ĐHĐN Quy chế chi tiêu nội bộ của ĐHĐN 1676/QĐ-ĐHĐN 29/04/2021 29/04/2021 Đại học Đà Nẵng Quyết định, Quy định Còn hiệu lực",ID,LĨNH VỰC,TÊN VĂN BẢN,SỐ HIỆU,NGÀY BAN HÀNH,NGÀY HIỆU LỰC,CƠ QUAN BAN HÀNH,LOẠI,http://dut.udn.vn/Files/admin/files/VanbanPhapquy/2021m7_100000000.3990732DHDN_CVDi_quy_che_chi_tieu_noi_bo_dhdn.pdf,DOWNLOADED
29,ID,LĨNH VỰC,TÊN VĂN BẢN,SỐ HIỆU,NGÀY BAN HÀNH,NGÀY HIỆU LỰC,CƠ QUAN BAN HÀNH,LOẠI,TÌNH TRẠNG,,NO_PDF
29,0307,"Thanh tra, kiểm tra","Thông tư sửa đổi, bổ sung một số điều của Thông tư số 40/2013/TT-BGDĐT ngày 18/12/2012 của Bộ trưởng Bộ GDĐT về tiếp công dân, giải quyết khiếu nại, giải quyết tố cáo của Bộ GDĐT; đã được sửa đổi bổ sung tại Thông tư số 25/2019/TT-BGDĐT ngày 30/12/2019",14/2021/TT-BGDDT,20/05/2021,05/07/2021,Bộ Giáo dục và Đào tạo,Thông tư,Còn hiệu lực,http://dut.udn.vn/Files/admin/files/VanbanPhapquy/17. TT so 14. 2021.  Sua doi BS mot so dieu TT 40-2013 TT-BGDDT cua Bo Truong BGD&DT QD tiep cong dan-giai quyet khieu nai-to cao da duoc sua doi BS..cua Bo truong BGD&DT.PDF,FAILED
29,0328,"Thanh tra, kiểm tra","Thông tư số 14/2021/TT-BGD&ĐT ngày 20/5/2021 Sửa đổi , bổ sung một số điều của Thông tư số 40/2013/TT-BGD&ĐT ngày 18/12/2013 của Bộ trưởng Bộ GD&ĐT quy định về tiếp công dân, giải quyết khiếu nại, giải quyết tố cáo của Bộ GD &ĐT; đã được sửa đổi, bổ sung tại Thông tư số 25/2019/TT-BGDĐT ngày 30/12/2019 của Bộ trưởng BGD&ĐT",14/2021/TT-BGD&ĐT,20/05/2021,20/05/2021,Bộ Giáo dục và Đào tạo,Thông tư,Còn hiệu lực,http://dut.udn.vn/Files/admin/files/VanbanPhapquy/18. TT  Sua doi BS mot so dieu TT 40-2013 TT-BGDDT cua Bo Truong BGD&DT QD tiep cong dan-giai quyet khieu nai-to cao da duoc sua doi BS..cua Bo tr.pdf,DOWNLOADED
29,0018,Công tác sinh viên,"Ban hành Quy định về viêc xét, cấp học bổng cho sinh viên hệ đại học chính quy tại Trường Đại học Bách khoa, Đại học Đà Nẵng",1414/QĐ-ĐHBK,14/05/2021,14/05/2021,Trường Đại học Bách khoa,"Quyết định, Quy định",Còn hiệu lực,http://dut.udn.vn/Files/admin/files/VanbanPhapquy/18.Quyet%20dinh_1414_QĐ-ĐHBK_Quy%20đinh%20ve%20xet%2C%20cap%20HB%20cho%20SV%20he%20ĐH%20chính%20quy%20%20tai%20Truong%20ĐHBK-ĐHĐN.pdf,DOWNLOADED
29,0045,Khoa học Công nghệ,"Quy định quản lý hoạt động khoa học công nghệ tại Trường Đại học Bách khoa, Đại học Đà Nẵng",1404/QĐ-ĐHBK,12/05/2021,12/05/2021,Trường Đại học Bách khoa,"Quyết định, Quy định",Còn hiệu lực,http://dut.udn.vn/Files/admin/files/VanbanPhapquy/11_KHCN_1404%20QD%20BH%20Quy%20dinh%20Quan%20ly%20hoat%20dong%20KH%26CN%20tai%20Truong%20DHBK-DHDN%20(kem%20theo%20Quy%20dinh%20).PDF,DOWNLOADED
29,0042,Đào tạo,"Chính sách bảo đảm chất lượng giáo dục của Trường Đại học Bách khoa, Đại học Đà Nẵng",1394/QĐ-ĐHBK,11/05/2021,11/05/2021,Trường Đại học Bách khoa,"Quyết định, Quy định",Còn hiệu lực,http://dut.udn.vn/Files/admin/files/VanbanPhapquy/14_KT%26DBCLGD_1394%20QD%20ban%20hanh%20Chinh%20sach%20dam%20bao%20CLGD%20cua%20Truong%20DHBK-DHDN.PDF,DOWNLOADED
29,0043,Đào tạo,"Quy định đảm bảo chất lượng giáo dục của Trường Đại học Bách khoa, Đại học Đà Nẵng",1395/QĐ-ĐHBK,11/05/2021,11/05/2021,Trường Đại học Bách khoa,"Quyết định, Quy định",Còn hiệu lực,http://dut.udn.vn/Files/admin/files/VanbanPhapquy/15_KT%26DBCLGD_1395%20QD%20ban%20hanh%20Quy%20dinh%20bao%20dam%20CLGD%20cua%20Truong%20DHBK-DHDN.PDF,DOWNLOADED
29,0214,"Đảm bảo chất lượng, KĐCL","Chính sách bảo đảm chất lượng giáo dục Trường Đại học Bách khoa, Đại học Đà Nẵng",1394/QĐ-ĐHBK,11/05/2021,11/05/2021,Trường Đại học Bách khoa,"Quyết định, Quy định",Còn hiệu lực,http://dut.udn.vn/Files/admin/files/VanbanPhapquy/1394 QD ban hanh Chinh sach dam bao CLGD cua Truong DHBK-DHDN.PDF,DOWNLOADED
29,0215,"Đảm bảo chất lượng, KĐCL","Quy định bảo đảm chất lượng giáo dục Trường Đại học Bách khoa, Đại học Đà Nẵng",1395/QĐ-ĐHBK,11/05/2021,11/05/2021,Trường Đại học Bách khoa,"Quyết định, Quy định",Còn hiệu lực,http://dut.udn.vn/Files/admin/files/VanbanPhapquy/1395 QD ban hanh Quy dinh bao dam CLGD cua Truong DHBK-DHDN.PDF,DOWNLOADED
29,0208,"Tổ chức, hành chính","Luật phòng, chống ma túy",73/2021/QH14,30/04/2021,01/01/2022,Quốc hội,"Luật, Pháp lệnh",Còn hiệu lực,http://dut.udn.vn/Files/admin/files/VanbanPhapquy/7. Luat phong chong ma tuy 2021.pdf,DOWNLOADED
29,0162,"Tài chính, kế toán",Quyết định 1676/QĐ-ĐHĐN Quy chế chi tiêu nội bộ của ĐHĐN,1676/QĐ-ĐHĐN,29/04/2021,29/04/2021,Đại học Đà Nẵng,"Quyết định, Quy định",Còn hiệu lực,http://dut.udn.vn/Files/admin/files/VanbanPhapquy/2021m7_100000000.3990732DHDN_CVDi_quy_che_chi_tieu_noi_bo_dhdn.pdf,DOWNLOADED
30,"ID LĨNH VỰC TÊN VĂN BẢN SỐ HIỆU NGÀY BAN HÀNH NGÀY HIỆU LỰC CƠ QUAN BAN HÀNH LOẠI TÌNH TRẠNG TẢI VỀ 0047 Khoa học Công nghệ Quy chế tổ chức và hoạt động của Viện Khoa học và Công nghệ Bách khoa Đà Nẵng 1250/QĐ-ĐHBK 29/04/2021 29/04/2021 Trường Đại học Bách khoa Quyết định, Quy định Còn hiệu lực 0080 Tổ chức, hành chính Ban hành Quy chế bổ nhiệm, bổ nhiệm lại, kéo dài thời gian giữ chức vụ, thôi giữ chức vụ, miễn nhiệm viên chức giữ chức vụ lãnh đạo, quản lý của Trường ĐHBK, ĐHĐN 1199/QĐ-ĐHBK 28/04/2021 28/04/2021 Trường Đại học Bách khoa Quyết định, Quy định Còn hiệu lực 0020 Tổ chức, hành chính Quy chế bổ nhiệm, bổ nhiệm lại, kéo dài thời gian giữ chức vụ, thôi giữ chức vụ, miễn nhiệm viên chức giữ chức vụ lãnh đạo, quản lý của Trường Đại học Bách khoa, Đại học Đà Nẵng 1199/QĐ-ĐHBK 28/04/2021 28/04/2021 Trường Đại học Bách khoa Quyết định, Quy định Còn hiệu lực 0163 Tài chính, kế toán Quyết định 05/NQ-HĐĐH Quy chế tài chính của ĐHĐN 05/NQ-HĐĐH 22/04/2021 22/04/2021 Đại học Đà Nẵng Nghị quyết Còn hiệu lực 0017 Công tác sinh viên Quy chế Công tác sinh viên của Trường Đại học Bách khoa đối với chương trình đào tạo đại học hệ chính quy 1001/QĐ-ĐHBK 16/04/2021 16/04/2021 Trường Đại học Bách khoa Quyết định, Quy định Còn hiệu lực 0039 Đào tạo Quy định quản lý và cấp phát văn bằng chứng chỉ của Trường Đại học Bách khoa, Đại học Đà Nẵng 806/QĐ-ĐHBK 30/03/2021 30/03/2021 Trường Đại học Bách khoa Quyết định, Quy định Còn hiệu lực 0325 Thanh tra, kiểm tra Thông tư số 02/2021/TT-TTCP ngày 22/3/2021 Quy định chế độ báo cáo công tác thanh tra, tiếp công dân, giải quyết khiếu nại, tố cáo và phòng, chống tham nhũng 02/2021/TT-TTCP 22/03/2021 22/03/2021 Chính phủ Thông tư Còn hiệu lực 0147 Đào tạo Thông tư 08/2021/TT-BGDĐT Quy chế đào tạo trình độ đại học 08/2021/TT-BGDĐT 18/03/2021 03/05/2021 Bộ Giáo dục và Đào tạo Thông tư Còn hiệu lực 0175 Tổ chức, hành chính Quyết định 998/QĐ-ĐHĐN Quy định tiêu chuẩn bổ sung trong việc xét, công nhận danh hiệu Chiến sĩ thi đua cơ sở của các đơn vị thuộc, trực thuộc ĐHĐN 998/QĐ-ĐHĐN 12/03/2021 12/03/2021 Đại học Đà Nẵng Quyết định, Quy định Còn hiệu lực 0301 Thanh tra, kiểm tra Thông tư quy định quy tắc ứng xử của cán bộ, công chức, viên chức trong ngành Thanh tra và cán bộ, công chức làm công tác tiếp công dân 01/2021/TT-TTCP 11/03/2021 01/05/2021 Thanh tra chính phủ Thông tư Còn hiệu lực",ID,LĨNH VỰC,TÊN VĂN BẢN,SỐ HIỆU,NGÀY BAN HÀNH,NGÀY HIỆU LỰC,CƠ QUAN BAN HÀNH,LOẠI,"http://dut.udn.vn/Files/admin/files/VanbanPhapquy/11. TT so 01.2021_TT-TTCP_ Thong tu quy dinh ưng xử, tiep cong dan.pdf",DOWNLOADED
30,ID,LĨNH VỰC,TÊN VĂN BẢN,SỐ HIỆU,NGÀY BAN HÀNH,NGÀY HIỆU LỰC,CƠ QUAN BAN HÀNH,LOẠI,TÌNH TRẠNG,,NO_PDF
30,0047,Khoa học Công nghệ,Quy chế tổ chức và hoạt động của Viện Khoa học và Công nghệ Bách khoa Đà Nẵng,1250/QĐ-ĐHBK,29/04/2021,29/04/2021,Trường Đại học Bách khoa,"Quyết định, Quy định",Còn hiệu lực,http://dut.udn.vn/Files/admin/files/VanbanPhapquy/34_VienKHCN_1250%20QD%20ban%20hanh%20Quy%20che%20to%20chuc%20va%20hoat%20dong%20cua%20Vien%20KH%26CN%20Bach%20khoa%20Da%20Nang.PDF,DOWNLOADED
30,0080,"Tổ chức, hành chính","Ban hành Quy chế bổ nhiệm, bổ nhiệm lại, kéo dài thời gian giữ chức vụ, thôi giữ chức vụ, miễn nhiệm viên chức giữ chức vụ lãnh đạo, quản lý của Trường ĐHBK, ĐHĐN",1199/QĐ-ĐHBK,28/04/2021,28/04/2021,Trường Đại học Bách khoa,"Quyết định, Quy định",Còn hiệu lực,http://dut.udn.vn/Files/admin/files/VanbanPhapquy/1199 QD BH Quy che BN BN lai-keo dai thoi gian giu chuc vu-thoi giu chuc vu-mien nhiem VC giu CV lanh dao-QL Truong DHBK-DHDN.PDF,DOWNLOADED
30,0020,"Tổ chức, hành chính","Quy chế bổ nhiệm, bổ nhiệm lại, kéo dài thời gian giữ chức vụ, thôi giữ chức vụ, miễn nhiệm viên chức giữ chức vụ lãnh đạo, quản lý của Trường Đại học Bách khoa, Đại học Đà Nẵng",1199/QĐ-ĐHBK,28/04/2021,28/04/2021,Trường Đại học Bách khoa,"Quyết định, Quy định",Còn hiệu lực,http://dut.udn.vn/Files/admin/files/VanbanPhapquy/18_TCHC_1199%20QD%20BH%20Quy%20che%20BN-%20BN%20lai%20keo%20dai%20TG%20giu%20chuc%20vu-thoi%20giu%20CV-Mien%20nhiem%20VC%20giu%20chuc%20vu%20lanh%20dao-quan%20ly%20cua%20Truong%20DHBK-DHDN.PDF,DOWNLOADED
30,0163,"Tài chính, kế toán",Quyết định 05/NQ-HĐĐH Quy chế tài chính của ĐHĐN,05/NQ-HĐĐH,22/04/2021,22/04/2021,Đại học Đà Nẵng,Nghị quyết,Còn hiệu lực,http://dut.udn.vn/Files/admin/files/VanbanPhapquy/2021m7_100000000.6192486DHDN_CVDi_moi_2021_05_NQ-HDDH_Nghi_quyet_ban_hanh_Quy_che_tai_chinh_cua_DHDN_(1).pdf,DOWNLOADED
30,0017,Công tác sinh viên,Quy chế Công tác sinh viên của Trường Đại học Bách khoa đối với chương trình đào tạo đại học hệ chính quy,1001/QĐ-ĐHBK,16/04/2021,16/04/2021,Trường Đại học Bách khoa,"Quyết định, Quy định",Còn hiệu lực,http://dut.udn.vn/Files/admin/files/VanbanPhapquy/17.Quyet%20dinh_1001_QĐ-ĐHBK%20BH%20Quy%20che%20CTSV%20cua%20TruongĐHBK%20doi%20voi%20CTĐT%20DH%20he%20CQ).pdf,DOWNLOADED
30,0039,Đào tạo,"Quy định quản lý và cấp phát văn bằng chứng chỉ của Trường Đại học Bách khoa, Đại học Đà Nẵng",806/QĐ-ĐHBK,30/03/2021,30/03/2021,Trường Đại học Bách khoa,"Quyết định, Quy định",Còn hiệu lực,http://dut.udn.vn/Files/admin/files/VanbanPhapquy/08_Daotao_QD806.30032021%20ban%20hanh%20Quy%20dinh%20quan%20ly%20va%20cap%20phat%20van%20bang%2C%20chung%20chi%20cua%20Truong%20DHBK.pdf,DOWNLOADED
30,0325,"Thanh tra, kiểm tra","Thông tư số 02/2021/TT-TTCP ngày 22/3/2021 Quy định chế độ báo cáo công tác thanh tra, tiếp công dân, giải quyết khiếu nại, tố cáo và phòng, chống tham nhũng",02/2021/TT-TTCP,22/03/2021,22/03/2021,Chính phủ,Thông tư,Còn hiệu lực,"http://dut.udn.vn/Files/admin/files/VanbanPhapquy/15. TT. 02_2021_TT-TTCP_Quy dinh bao cao công tac thanh tra, tiep cong dan, khieu nai to cao.pdf",DOWNLOADED
30,0147,Đào tạo,Thông tư 08/2021/TT-BGDĐT Quy chế đào tạo trình độ đại học,08/2021/TT-BGDĐT,18/03/2021,03/05/2021,Bộ Giáo dục và Đào tạo,Thông tư,Còn hiệu lực,http://dut.udn.vn/Files/admin/files/VanbanPhapquy/2021m7_100000000.5884867PBQPPL_CVD_Thong_tu_08-2021-TT-BGDDT.pdf,DOWNLOADED
30,0175,"Tổ chức, hành chính","Quyết định 998/QĐ-ĐHĐN Quy định tiêu chuẩn bổ sung trong việc xét, công nhận danh hiệu Chiến sĩ thi đua cơ sở của các đơn vị thuộc, trực thuộc ĐHĐN",998/QĐ-ĐHĐN,12/03/2021,12/03/2021,Đại học Đà Nẵng,"Quyết định, Quy định",Còn hiệu lực,http://dut.udn.vn/Files/admin/files/VanbanPhapquy/2021m6_100000000.2172763DHDN_CVDi_qd998_1615863141.pdf,DOWNLOADED
30,0301,"Thanh tra, kiểm tra","Thông tư quy định quy tắc ứng xử của cán bộ, công chức, viên chức trong ngành Thanh tra và cán bộ, công chức làm công tác tiếp công dân",01/2021/TT-TTCP,11/03/2021,01/05/2021,Thanh tra chính phủ,Thông tư,Còn hiệu lực,"http://dut.udn.vn/Files/admin/files/VanbanPhapquy/11. TT so 01.2021_TT-TTCP_ Thong tu quy dinh ưng xử, tiep cong dan.pdf",DOWNLOADED
31,"ID LĨNH VỰC TÊN VĂN BẢN SỐ HIỆU NGÀY BAN HÀNH NGÀY HIỆU LỰC CƠ QUAN BAN HÀNH LOẠI TÌNH TRẠNG TẢI VỀ 0338 Thi đua, khen thưởng Công văn số 621/BGDĐT-TĐKT ngày 22/2/2021 của Bộ Giáo dục và Đào tạo về việc phát hiện, lựa chọn, giới thiệu điển hình tiên tiến 621/BGDĐT-TĐKT 22/02/2021 22/02/2021 Bộ Giáo dục và Đào tạo Công văn Còn hiệu lực 0054 Tổ chức, hành chính Nghị quyết ban hành Quy chế tổ chức và hoạt động của Trường Đại học Bách khoa, Đại học Đà Nẵng 05/NQ-HĐT 12/01/2021 12/01/2021 Trường Đại học Bách khoa Nghị quyết Còn hiệu lực 0019 Tổ chức, hành chính Quy chế tổ chức hoạt động của Trường Đại học Bách khoa, Đại học Đà Nẵng 05/NQ-HĐT 12/01/2021 12/01/2021 Trường Đại học Bách khoa Nghị quyết Còn hiệu lực 0016 Tổ chức, hành chính Nghị quyết của Hội đồng trường Trường Đại học Bách khoa, Đại học Đà Nẵng về việc Ban hành Quy chế tổ chức và hoạt động của trường Đại học Bách khoa, Đại học Đà Nẵng. 05/NQ-HĐT 12/01/2021 12/01/2021 Trường Đại học Bách khoa Nghị quyết Còn hiệu lực 0160 Đảm bảo chất lượng, KĐCL 2085/QLCL-KĐCLGD Công văn về việc hướng dẫn tự đánh giá và đánh giá ngoài chương trình đào tạo của Cục Quản lý chất lượng 2085/QLCL-KĐCLGD 31/12/2020 31/12/2020 Bộ Giáo dục và Đào tạo Công văn Còn hiệu lực 0155 Văn thư, lưu trữ Quyết định 4801/QĐ-ĐHĐN Quy chế công tác văn thư, lưu trữ của Đại học Đà Nẵng 4801/QĐ-ĐHĐN 30/12/2020 30/12/2020 Đại học Đà Nẵng Quyết định, Quy định Còn hiệu lực 0176 Khoa học Công nghệ Quyết định 4765/QĐ-ĐHĐN Quy định về tổ chức xét duyệt và công nhận sáng kiến 4765/QĐ-ĐHĐN 28/12/2020 28/12/2020 Đại học Đà Nẵng Quyết định, Quy định Còn hiệu lực 0177 Khoa học Công nghệ Quyết định 4766/QĐ-ĐHĐN Quy định quản lý hoạt động khoa học công nghệ tại ĐHĐN 4766/QĐ-ĐHĐN 28/12/2020 28/12/2020 Đại học Đà Nẵng Quyết định, Quy định Còn hiệu lực 0178 Thi đua, khen thưởng Quyết định 4768/QĐ-ĐHĐN Quy định công tác thi đua, khen thưởng tại Đại học Đà Nẵng 4768/QĐ-ĐHĐN 28/12/2020 28/12/2020 Đại học Đà Nẵng Quyết định, Quy định Còn hiệu lực 0157 Học liệu, truyền thông Quyết định 4653/QĐ-ĐHĐN Quy định phát ngôn và cung cấp thông tin cho báo chí của ĐHĐN 4653/QĐ-ĐHĐN 23/12/2020 23/12/2020 Đại học Đà Nẵng Quyết định, Quy định Còn hiệu lực",ID,LĨNH VỰC,TÊN VĂN BẢN,SỐ HIỆU,NGÀY BAN HÀNH,NGÀY HIỆU LỰC,CƠ QUAN BAN HÀNH,LOẠI,http://dut.udn.vn/Files/admin/files/VanbanPhapquy/2021m7_100000000.1616527DHDN_CVDi_4653-qd-dhdn_QC_phat_ngon.pdf,DOWNLOADED
31,ID,LĨNH VỰC,TÊN VĂN BẢN,SỐ HIỆU,NGÀY BAN HÀNH,NGÀY HIỆU LỰC,CƠ QUAN BAN HÀNH,LOẠI,TÌNH TRẠNG,,NO_PDF
31,0338,"Thi đua, khen thưởng","Công văn số 621/BGDĐT-TĐKT ngày 22/2/2021 của Bộ Giáo dục và Đào tạo về việc phát hiện, lựa chọn, giới thiệu điển hình tiên tiến",621/BGDĐT-TĐKT,22/02/2021,22/02/2021,Bộ Giáo dục và Đào tạo,Công văn,Còn hiệu lực,"http://dut.udn.vn/Files/admin/files/VanbanPhapquy/12. Cong van so 621_BGDDT-TĐKT ve viec phat hien, lua chon, gioi thieu dien hinh tien tien.pdf",DOWNLOADED
31,0054,"Tổ chức, hành chính","Nghị quyết ban hành Quy chế tổ chức và hoạt động của Trường Đại học Bách khoa, Đại học Đà Nẵng",05/NQ-HĐT,12/01/2021,12/01/2021,Trường Đại học Bách khoa,Nghị quyết,Còn hiệu lực,http://dut.udn.vn/Files/admin/files/VanbanPhapquy/35. P.TCHC. 05-NQ BH Quy che TC va hoat dong cau Truong DHBK- DHDN.PDF,DOWNLOADED
31,0019,"Tổ chức, hành chính","Quy chế tổ chức hoạt động của Trường Đại học Bách khoa, Đại học Đà Nẵng",05/NQ-HĐT,12/01/2021,12/01/2021,Trường Đại học Bách khoa,Nghị quyết,Còn hiệu lực,http://dut.udn.vn/Files/admin/files/VanbanPhapquy/17_NQ%20BH%20Quy%20che%20TC%20va%20hoat%20dong%20cua%20Truong%20DHBK-%20DHDN.PDF,DOWNLOADED
31,0016,"Tổ chức, hành chính","Nghị quyết của Hội đồng trường Trường Đại học Bách khoa, Đại học Đà Nẵng về việc Ban hành Quy chế tổ chức và hoạt động của trường Đại học Bách khoa, Đại học Đà Nẵng.",05/NQ-HĐT,12/01/2021,12/01/2021,Trường Đại học Bách khoa,Nghị quyết,Còn hiệu lực,http://dut.udn.vn/Files/admin/files/VanbanPhapquy/16.Nghi%20quyet_05_NQ-HĐT_%20BH%20Quy%20che%20TC%20va%20hoat%20dong%20cua%20Truong%20ĐHBK-ĐHĐN.PDF,DOWNLOADED
31,0160,"Đảm bảo chất lượng, KĐCL",2085/QLCL-KĐCLGD Công văn về việc hướng dẫn tự đánh giá và đánh giá ngoài chương trình đào tạo của Cục Quản lý chất lượng,2085/QLCL-KĐCLGD,31/12/2020,31/12/2020,Bộ Giáo dục và Đào tạo,Công văn,Còn hiệu lực,http://dut.udn.vn/Files/admin/files/VanbanPhapquy/2022m1_100000000.06827819PBQPPL_CVD_2085.pdf,DOWNLOADED
31,0155,"Văn thư, lưu trữ","Quyết định 4801/QĐ-ĐHĐN Quy chế công tác văn thư, lưu trữ của Đại học Đà Nẵng",4801/QĐ-ĐHĐN,30/12/2020,30/12/2020,Đại học Đà Nẵng,"Quyết định, Quy định",Còn hiệu lực,http://dut.udn.vn/Files/admin/files/VanbanPhapquy/2021m6_100000000.9438096DHDN_CVDi_4801-VTLT-dhdn_1609810333.pdf,DOWNLOADED
31,0176,Khoa học Công nghệ,Quyết định 4765/QĐ-ĐHĐN Quy định về tổ chức xét duyệt và công nhận sáng kiến,4765/QĐ-ĐHĐN,28/12/2020,28/12/2020,Đại học Đà Nẵng,"Quyết định, Quy định",Còn hiệu lực,http://dut.udn.vn/Files/admin/files/VanbanPhapquy/2021m7_100000000.619971DHDN_CVDi_4765-quy-dinh-xat-duyet-sang-kien_1611050772.pdf,DOWNLOADED
31,0177,Khoa học Công nghệ,Quyết định 4766/QĐ-ĐHĐN Quy định quản lý hoạt động khoa học công nghệ tại ĐHĐN,4766/QĐ-ĐHĐN,28/12/2020,28/12/2020,Đại học Đà Nẵng,"Quyết định, Quy định",Còn hiệu lực,http://dut.udn.vn/Files/admin/files/VanbanPhapquy/2021m7_100000000.6035469DHDN_CVDi_4766-quy-dinh-quan-ly-hoat-dong-khcn_1611116882.pdf,DOWNLOADED
31,0178,"Thi đua, khen thưởng","Quyết định 4768/QĐ-ĐHĐN Quy định công tác thi đua, khen thưởng tại Đại học Đà Nẵng",4768/QĐ-ĐHĐN,28/12/2020,28/12/2020,Đại học Đà Nẵng,"Quyết định, Quy định",Còn hiệu lực,http://dut.udn.vn/Files/admin/files/VanbanPhapquy/2021m6_100000000.04922128DHDN_CVDi_QD_4768-thiduakt.pdf,DOWNLOADED
31,0157,"Học liệu, truyền thông",Quyết định 4653/QĐ-ĐHĐN Quy định phát ngôn và cung cấp thông tin cho báo chí của ĐHĐN,4653/QĐ-ĐHĐN,23/12/2020,23/12/2020,Đại học Đà Nẵng,"Quyết định, Quy định",Còn hiệu lực,http://dut.udn.vn/Files/admin/files/VanbanPhapquy/2021m7_100000000.1616527DHDN_CVDi_4653-qd-dhdn_QC_phat_ngon.pdf,DOWNLOADED
32,"ID LĨNH VỰC TÊN VĂN BẢN SỐ HIỆU NGÀY BAN HÀNH NGÀY HIỆU LỰC CƠ QUAN BAN HÀNH LOẠI TÌNH TRẠNG TẢI VỀ 0112 Tổ chức, hành chính Nghị định 145/2020/NĐ-CP Nghị định hướng dẫn Bộ luật Lao động về điều kiện lao động và quan hệ lao động 145/2020/NĐ-CP 14/12/2020 01/02/2021 Chính phủ Nghị định Còn hiệu lực 0179 Tổ chức, hành chính Quyết định 4343/QĐ-ĐHĐN Quy chế công nhận, bổ nhiệm, bổ nhiệm lại, kéo dài thời gian giữ chức vụ, thôi giữ chức vụ, miễn nhiệm viên chức giữ chức vụ lãnh đạo, quản lý của Đại học Đà Nẵng 4343/QĐ-ĐHĐN 01/12/2020 01/12/2020 Đại học Đà Nẵng Quyết định, Quy định Còn hiệu lực 0113 Tổ chức, hành chính Nghị định 135/2020/NĐ-CP Nghị định quy định về tuổi nghỉ hưu 135/2020/NĐ-CP 18/11/2020 01/01/2021 Chính phủ Nghị định Còn hiệu lực 0180 Đảm bảo chất lượng, KĐCL Quyết định 3982/ĐHĐN-ĐBCLGD Chiến lược đảm bảo chất lượng giáo dục Đại học Đà Nẵng đến năm 2025 và tầm nhìn đến năm 2035 3982/ĐHĐN-ĐBCLGD 12/11/2020 12/11/2020 Đại học Đà Nẵng Quyết định, Quy định Còn hiệu lực 0284 Pháp chế Thông tư bãi bỏ một số văn bản quy phạm pháp luật do Bộ trưởng Bộ GD và ĐT liên tịch ban hành trong lĩnh vực giáo dục 42/2020/TT-BGDĐT 03/11/2020 19/12/2020 Bộ Giáo dục và Đào tạo Thông tư Còn hiệu lực 0335 Thi đua, khen thưởng Kế hoạch số 1374/KH-BGDĐT ngày 02/11/2020 của Bộ GDĐT về thực hiện Phong trào thi đua ""Đổi mới, sáng tạo trong quản lý, giảng dạy và học tập"" ngành giáo dục giai đoạn 2020-2025 1374/KH-BGDĐT 02/11/2020 02/11/2020 Bộ Giáo dục và Đào tạo Kế hoạch Còn hiệu lực 0340 Thi đua, khen thưởng Kế hoạch 1375/KH-BGDĐT ngày 02/11/2020 của Bộ Giáo dục và Đào tạo thực hiện Phong trào thi đua “Đổi mới, sáng tạo trong quản lý, giảng dạy và học tập” ngành Giáo dục giai đoạn 2020-2025 1375/KH-BGDĐT 02/11/2020 02/11/2020 Bộ Giáo dục và Đào tạo Kế hoạch Còn hiệu lực 0292 Thanh tra, kiểm tra Nghị định về kiểm soát tài sản, thu nhập của người có chức vụ, quyền hạn trong cơ quan, tổ chức, đơn vị 130/2020/NĐ-CP 30/10/2020 20/12/2020 Chính phủ Nghị định Còn hiệu lực 0293 Thanh tra, kiểm tra Nghị định biện pháp thi hành Luật Khiếu nại 124/2020/NĐ-CP 19/10/2020 10/12/2020 Chính phủ Nghị định Còn hiệu lực 0148 Đào tạo Thông tư 38/2020/TT-BGDĐT Thông tư quy định về liên kết đào tạo với nước ngoài trình độ đại học, thạc sĩ, tiến sĩ theo hình thức trực tuyến và hình thức trực tiếp kết hợp trực tuyến 38/2020/TT-BGDĐT 06/10/2020 20/11/2020 Bộ Giáo dục và Đào tạo Thông tư Còn hiệu lực",ID,LĨNH VỰC,TÊN VĂN BẢN,SỐ HIỆU,NGÀY BAN HÀNH,NGÀY HIỆU LỰC,CƠ QUAN BAN HÀNH,LOẠI,,NO_PDF
32,ID,LĨNH VỰC,TÊN VĂN BẢN,SỐ HIỆU,NGÀY BAN HÀNH,NGÀY HIỆU LỰC,CƠ QUAN BAN HÀNH,LOẠI,TÌNH TRẠNG,,NO_PDF
32,0112,"Tổ chức, hành chính",Nghị định 145/2020/NĐ-CP Nghị định hướng dẫn Bộ luật Lao động về điều kiện lao động và quan hệ lao động,145/2020/NĐ-CP,14/12/2020,01/02/2021,Chính phủ,Nghị định,Còn hiệu lực,http://dut.udn.vn/Files/admin/files/VanbanPhapquy/2022m1_100000000.7961783PBQPPL_CVD_459400.pdf,DOWNLOADED
32,0179,"Tổ chức, hành chính","Quyết định 4343/QĐ-ĐHĐN Quy chế công nhận, bổ nhiệm, bổ nhiệm lại, kéo dài thời gian giữ chức vụ, thôi giữ chức vụ, miễn nhiệm viên chức giữ chức vụ lãnh đạo, quản lý của Đại học Đà Nẵng",4343/QĐ-ĐHĐN,01/12/2020,01/12/2020,Đại học Đà Nẵng,"Quyết định, Quy định",Còn hiệu lực,http://dut.udn.vn/Files/admin/files/VanbanPhapquy/2021m6_100000000.533424DHDN_CVDi_qd-4343-quychebonhiem_1607421790.pdf,DOWNLOADED
32,0113,"Tổ chức, hành chính",Nghị định 135/2020/NĐ-CP Nghị định quy định về tuổi nghỉ hưu,135/2020/NĐ-CP,18/11/2020,01/01/2021,Chính phủ,Nghị định,Còn hiệu lực,http://dut.udn.vn/Files/admin/files/VanbanPhapquy/2022m1_100000000.05292618PBQPPL_CVD_445512.pdf,DOWNLOADED
32,0180,"Đảm bảo chất lượng, KĐCL",Quyết định 3982/ĐHĐN-ĐBCLGD Chiến lược đảm bảo chất lượng giáo dục Đại học Đà Nẵng đến năm 2025 và tầm nhìn đến năm 2035,3982/ĐHĐN-ĐBCLGD,12/11/2020,12/11/2020,Đại học Đà Nẵng,"Quyết định, Quy định",Còn hiệu lực,http://dut.udn.vn/Files/admin/files/VanbanPhapquy/2021m7_100000000.3162675DHDN_CVDi_2020_3982_QD-DHDN_QD_ban_hanh_chien_luoc_DBCLGD_DHDN_den_nam_2025-tam_nhin_2035.pdf,DOWNLOADED
32,0284,Pháp chế,Thông tư bãi bỏ một số văn bản quy phạm pháp luật do Bộ trưởng Bộ GD và ĐT liên tịch ban hành trong lĩnh vực giáo dục,42/2020/TT-BGDĐT,03/11/2020,19/12/2020,Bộ Giáo dục và Đào tạo,Thông tư,Còn hiệu lực,http://dut.udn.vn/Files/admin/files/VanbanPhapquy/7. TT so 42_2020_TT-BGDDT_bai bo mot so vbqppl do BT ban hanh.pdf,DOWNLOADED
32,0335,"Thi đua, khen thưởng","Kế hoạch số 1374/KH-BGDĐT ngày 02/11/2020 của Bộ GDĐT về thực hiện Phong trào thi đua ""Đổi mới, sáng tạo trong quản lý, giảng dạy và học tập"" ngành giáo dục giai đoạn 2020-2025",1374/KH-BGDĐT,02/11/2020,02/11/2020,Bộ Giáo dục và Đào tạo,Kế hoạch,Còn hiệu lực,http://dut.udn.vn/Files/admin/files/VanbanPhapquy/8. Kế hoạch 1374_KH-BGDĐT về thực hiện phong trào thi đua giai đoạn 2020-2025.pdf,DOWNLOADED
32,0340,"Thi đua, khen thưởng","Kế hoạch 1375/KH-BGDĐT ngày 02/11/2020 của Bộ Giáo dục và Đào tạo thực hiện Phong trào thi đua “Đổi mới, sáng tạo trong quản lý, giảng dạy và học tập” ngành Giáo dục giai đoạn 2020-2025",1375/KH-BGDĐT,02/11/2020,02/11/2020,Bộ Giáo dục và Đào tạo,Kế hoạch,Còn hiệu lực,"http://dut.udn.vn/Files/admin/files/VanbanPhapquy/14. Ke hoach 1374_KH-BGDDT thuc hien Phong trao thi dua doi moi sang tao trong quan ly, giang day va hoc tap.pdf",DOWNLOADED
32,0292,"Thanh tra, kiểm tra","Nghị định về kiểm soát tài sản, thu nhập của người có chức vụ, quyền hạn trong cơ quan, tổ chức, đơn vị",130/2020/NĐ-CP,30/10/2020,20/12/2020,Chính phủ,Nghị định,Còn hiệu lực,http://dut.udn.vn/Files/admin/files/VanbanPhapquy/3. ND so 130_2020_ND-CP_quy dinh ve kiem soat thu nhap nguoi co chuc vu.pdf,DOWNLOADED
32,0293,"Thanh tra, kiểm tra",Nghị định biện pháp thi hành Luật Khiếu nại,124/2020/NĐ-CP,19/10/2020,10/12/2020,Chính phủ,Nghị định,Còn hiệu lực,http://dut.udn.vn/Files/admin/files/VanbanPhapquy/4. ND so 124_2020_ND-CP_chi tiet mot so dieu luat khieu nai.pdf,DOWNLOADED
32,0148,Đào tạo,"Thông tư 38/2020/TT-BGDĐT Thông tư quy định về liên kết đào tạo với nước ngoài trình độ đại học, thạc sĩ, tiến sĩ theo hình thức trực tuyến và hình thức trực tiếp kết hợp trực tuyến",38/2020/TT-BGDĐT,06/10/2020,20/11/2020,Bộ Giáo dục và Đào tạo,Thông tư,Còn hiệu lực,,NO_PDF
33,"ID LĨNH VỰC TÊN VĂN BẢN SỐ HIỆU NGÀY BAN HÀNH NGÀY HIỆU LỰC CƠ QUAN BAN HÀNH LOẠI TÌNH TRẠNG TẢI VỀ 0166 Tổ chức, hành chính Nghị định 115/2020/NĐ-CP Nghị định về tuyển dụng, sử dụng và quản lý viên chức 115/2020/NĐ-CP 25/09/2020 29/09/2020 Chính phủ Nghị định Còn hiệu lực 0181 Khoa học Công nghệ Quyết định 3226/QĐ-ĐHĐN Quy định hoạt động nghiên cứu khoa học của sinh viên Đại học Đà Nẵng 3226/QĐ-ĐHĐN 21/09/2020 21/09/2020 Đại học Đà Nẵng Quyết định, Quy định Còn hiệu lực 0149 Đào tạo Thông tư 30/2020/TT-BGDĐT Thông tư Bãi bỏ một số văn bản quy phạm pháp luật do Bộ trưởng Bộ Giáo dục và Đào tạo ban hành về chương trình khung giáo dục đại học và trung cấp chuyên nghiệp 30/2020/TT-BGDĐT 15/09/2020 01/11/2020 Bộ Giáo dục và Đào tạo Thông tư Còn hiệu lực 0132 Tổ chức, hành chính Nghị định 106/2020/NĐ-CP Nghị định về vị trí việc làm và số lượng người làm việc trong đơn vị sự nghiệp công lập 106/2020/NĐ-CP 10/09/2020 15/11/2020 Chính phủ Nghị định Còn hiệu lực 0015 Công tác sinh viên Quy định về việc tham gia hoạt động cộng đồng của sinh viên Đại học Đà Nẵng 2900/QĐ-ĐHĐN 27/08/2020 27/08/2020 Đại học Đà Nẵng Quyết định, Quy định Còn hiệu lực 0182 Đảm bảo chất lượng, KĐCL Quyết định 2845/QĐ-ĐHĐN Quy chế đảm bảo chất lượng giáo dục ĐHĐN 2845/QĐ-ĐHĐN 25/08/2020 25/08/2020 Đại học Đà Nẵng Quyết định, Quy định Còn hiệu lực 0183 Đảm bảo chất lượng, KĐCL Quyết định 2846/QĐ-ĐHĐN Chính sách đảm bảo chất lượng giáo dục đại học Đà Nẵng 2846/QĐ-ĐHĐN 25/08/2020 25/08/2020 Đại học Đà Nẵng Quyết định, Quy định Còn hiệu lực 0198 Thi đua, khen thưởng Thông tư số 21/2020/TT-BGDĐT ngày 31/7/2020 của Bộ Giáo dục và Đào tạo (Bộ GDĐT) hướng dẫn công tác thi đua, khen thưởng ngành Giáo dục 21/2020/TT-BGDĐT 31/07/2020 01/10/2020 Bộ Giáo dục và Đào tạo Thông tư Hết hiệu lực 15/02/2024 0209 Công tác sinh viên Luật thanh niên 57/2020/QH14 23/07/2020 01/01/2021 Quốc hội Luật, Pháp lệnh Còn hiệu lực 0345 Pháp chế Nghị định 84/2020/NĐ-CP ngày 17/7/2020 của Chính phủ Quy định chi tiết một số điều của Luật Giáo dục 84/2020/NĐ-CP 17/07/2020 17/07/2020 Bộ Giáo dục và Đào tạo Nghị định Còn hiệu lực",ID,LĨNH VỰC,TÊN VĂN BẢN,SỐ HIỆU,NGÀY BAN HÀNH,NGÀY HIỆU LỰC,CƠ QUAN BAN HÀNH,LOẠI,http://dut.udn.vn/Files/admin/files/VanbanPhapquy/Nghị định 84_2020_NĐ-CP ngày 17-7-2020  quy định chi tiết một số điều của Luật Giáo dục.pdf,DOWNLOADED
33,ID,LĨNH VỰC,TÊN VĂN BẢN,SỐ HIỆU,NGÀY BAN HÀNH,NGÀY HIỆU LỰC,CƠ QUAN BAN HÀNH,LOẠI,TÌNH TRẠNG,,NO_PDF
33,0166,"Tổ chức, hành chính","Nghị định 115/2020/NĐ-CP Nghị định về tuyển dụng, sử dụng và quản lý viên chức",115/2020/NĐ-CP,25/09/2020,29/09/2020,Chính phủ,Nghị định,Còn hiệu lực,,NO_PDF
33,0181,Khoa học Công nghệ,Quyết định 3226/QĐ-ĐHĐN Quy định hoạt động nghiên cứu khoa học của sinh viên Đại học Đà Nẵng,3226/QĐ-ĐHĐN,21/09/2020,21/09/2020,Đại học Đà Nẵng,"Quyết định, Quy định",Còn hiệu lực,http://dut.udn.vn/Files/admin/files/VanbanPhapquy/2021m7_100000000.0521313DHDN_CVDi_QD_3226_QD_DHDN_Ban_hanh_quy_dinh_HD_NCKH_cua_SV_DHDN.pdf,DOWNLOADED
33,0149,Đào tạo,Thông tư 30/2020/TT-BGDĐT Thông tư Bãi bỏ một số văn bản quy phạm pháp luật do Bộ trưởng Bộ Giáo dục và Đào tạo ban hành về chương trình khung giáo dục đại học và trung cấp chuyên nghiệp,30/2020/TT-BGDĐT,15/09/2020,01/11/2020,Bộ Giáo dục và Đào tạo,Thông tư,Còn hiệu lực,http://dut.udn.vn/Files/admin/files/VanbanPhapquy/2021m9_100000000.2737635PBQPPL_CVD_30.2020.PDF,DOWNLOADED
33,0132,"Tổ chức, hành chính",Nghị định 106/2020/NĐ-CP Nghị định về vị trí việc làm và số lượng người làm việc trong đơn vị sự nghiệp công lập,106/2020/NĐ-CP,10/09/2020,15/11/2020,Chính phủ,Nghị định,Còn hiệu lực,http://dut.udn.vn/Files/admin/files/VanbanPhapquy/2022m1_100000000.4005504PBQPPL_CVD_334382.pdf,DOWNLOADED
33,0015,Công tác sinh viên,Quy định về việc tham gia hoạt động cộng đồng của sinh viên Đại học Đà Nẵng,2900/QĐ-ĐHĐN,27/08/2020,27/08/2020,Đại học Đà Nẵng,"Quyết định, Quy định",Còn hiệu lực,http://dut.udn.vn/Files/admin/files/VanbanPhapquy/15.Quyet%20dinh_2900_QĐ-DHDN_BH%20Quy%20dinh%20ve%20viec%20tham%20gia%20hoat%20dong%20cong%20dong%20cua%20sinh%20vienĐHĐN.PDF,DOWNLOADED
33,0182,"Đảm bảo chất lượng, KĐCL",Quyết định 2845/QĐ-ĐHĐN Quy chế đảm bảo chất lượng giáo dục ĐHĐN,2845/QĐ-ĐHĐN,25/08/2020,25/08/2020,Đại học Đà Nẵng,"Quyết định, Quy định",Còn hiệu lực,http://dut.udn.vn/Files/admin/files/VanbanPhapquy/2020_2845_QD-DHDN_Quyet dinh Vv ban hanh Quy che DBCLGD DHDN.pdf,FAILED
33,0183,"Đảm bảo chất lượng, KĐCL",Quyết định 2846/QĐ-ĐHĐN Chính sách đảm bảo chất lượng giáo dục đại học Đà Nẵng,2846/QĐ-ĐHĐN,25/08/2020,25/08/2020,Đại học Đà Nẵng,"Quyết định, Quy định",Còn hiệu lực,http://dut.udn.vn/Files/admin/files/VanbanPhapquy/2020_2846_QD-DHDN_Quyet dinh Vv ban hanh Chinh sach DBCLGD DHDN.pdf,FAILED
33,0198,"Thi đua, khen thưởng","Thông tư số 21/2020/TT-BGDĐT ngày 31/7/2020 của Bộ Giáo dục và Đào tạo (Bộ GDĐT) hướng dẫn công tác thi đua, khen thưởng ngành Giáo dục",21/2020/TT-BGDĐT,31/07/2020,01/10/2020,Bộ Giáo dục và Đào tạo,Thông tư,Hết hiệu lực 15/02/2024,http://dut.udn.vn/Files/admin/files/VanbanPhapquy/3. Thông tư 12_2019_TT-BNV quy định chi tiết thi hành một số điều của NĐ 91_2017_NĐ-CP.pdf,DOWNLOADED
33,0209,Công tác sinh viên,Luật thanh niên,57/2020/QH14,23/07/2020,01/01/2021,Quốc hội,"Luật, Pháp lệnh",Còn hiệu lực,http://dut.udn.vn/Files/admin/files/VanbanPhapquy/9. Luat thanh nien 2020.pdf,DOWNLOADED
33,0345,Pháp chế,Nghị định 84/2020/NĐ-CP ngày 17/7/2020 của Chính phủ Quy định chi tiết một số điều của Luật Giáo dục,84/2020/NĐ-CP,17/07/2020,17/07/2020,Bộ Giáo dục và Đào tạo,Nghị định,Còn hiệu lực,http://dut.udn.vn/Files/admin/files/VanbanPhapquy/Nghị định 84_2020_NĐ-CP ngày 17-7-2020  quy định chi tiết một số điều của Luật Giáo dục.pdf,DOWNLOADED
34,"ID LĨNH VỰC TÊN VĂN BẢN SỐ HIỆU NGÀY BAN HÀNH NGÀY HIỆU LỰC CƠ QUAN BAN HÀNH LOẠI TÌNH TRẠNG TẢI VỀ 0002 Công tác sinh viên Quy định chế độ, chính sách trong xây dựng, huy động lực lượng dự bị động viên 79/2020/NĐ-CP 08/07/2020 21/08/2020 Chính phủ Nghị định Còn hiệu lực 0001 Công tác sinh viên Sĩ quan dự bị quân đội nhân dân Việt Nam 78/2020/NĐ-CP 06/07/2020 19/08/2020 Chính phủ Nghị định Còn hiệu lực 0046 Khoa học Công nghệ Điều chỉnh Phụ lục “Tiêu chí đánh giá hoạt động khoa học công nghệ hàng năm của Trường Đại học Bách khoa, Đại học Đà Nẵng” 1121/QĐ-ĐHBK 15/06/2020 15/06/2020 Trường Đại học Bách khoa Quyết định, Quy định Còn hiệu lực 0346 Pháp chế Thông tư số 11/2020/TT-BGDĐT- Thông tư hướng dẫn thực hiện dân chủ trong hoạt động của cơ sở giáo dục công lập 11/2020/TT-BGDĐT 19/05/2020 19/05/2020 Bộ Giáo dục và Đào tạo Thông tư Còn hiệu lực 0150 Tổ chức, hành chính Thông tư 10/2020/TT-BGDĐT Quy chế tổ chức và hoạt động của Đại học vùng và các cơ sở giáo dục đại học thành viên 10/2020/TT-BGDĐT 14/05/2020 29/06/2020 Bộ Giáo dục và Đào tạo Thông tư Còn hiệu lực 0151 Tuyển sinh Thông tư 09/2020/TT-BGDĐT Quy chế tuyển sinh trình độ đại học; tuyển sinh trình độ cao đẳng ngành Giáo dục Mầm non 09/2020/TT-BGDĐT 07/05/2020 22/06/2020 Bộ Giáo dục và Đào tạo Thông tư Hết hiệu lực 22/07/2022 0184 Hợp tác quốc tế Quyết định 1489/QĐ-ĐHĐN Quy định về công tác quản lý hoạt động hợp tác quốc tế của Đại học Đà Nẵng 1489/QĐ-ĐHĐN 06/05/2020 06/05/2020 Đại học Đà Nẵng Quyết định, Quy định Còn hiệu lực 0185 Đào tạo Quyết định 1356/QĐ-ĐHĐN Quy định quản lý văn bằng chứng chỉ của Đại học Đà Nẵng 1356/QĐ-ĐHĐN 22/04/2020 22/04/2020 Đại học Đà Nẵng Quyết định, Quy định Còn hiệu lực 0195 Đào tạo Ban hành Kế hoạch thực hiện Khung trình độ quốc gia Việt Nam đối với các trình độ của giáo dục đại học, giai đoạn 2020-2025 436/QĐ-TTg 30/03/2020 30/03/2020 Thủ tướng Chính phủ Quyết định, Quy định Còn hiệu lực 0140 Đào tạo Quyết định 821/QĐ-BGDĐT Quyết định Ban hành Quy định về quản lý việc in, cấp phôi bằng tốt nghiệp trung học cơ sở, bằng tốt nghiệp trung học phổ thông và phôi chứng chỉ của hệ thống giáo dục quố-c dân tại cơ quan Bộ Giáo dục và Đào tạo 821/QĐ-BGDĐT 24/03/2020 24/03/2020 Bộ Giáo dục và Đào tạo Quyết định, Quy định Còn hiệu lực",ID,LĨNH VỰC,TÊN VĂN BẢN,SỐ HIỆU,NGÀY BAN HÀNH,NGÀY HIỆU LỰC,CƠ QUAN BAN HÀNH,LOẠI,http://dut.udn.vn/Files/admin/files/VanbanPhapquy/2021m9_100000000.3408572PBQPPL_CVD_821.pdf,DOWNLOADED
34,ID,LĨNH VỰC,TÊN VĂN BẢN,SỐ HIỆU,NGÀY BAN HÀNH,NGÀY HIỆU LỰC,CƠ QUAN BAN HÀNH,LOẠI,TÌNH TRẠNG,,NO_PDF
34,0002,Công tác sinh viên,"Quy định chế độ, chính sách trong xây dựng, huy động lực lượng dự bị động viên",79/2020/NĐ-CP,08/07/2020,21/08/2020,Chính phủ,Nghị định,Còn hiệu lực,http://dut.udn.vn/Files/admin/files/VanbanPhapquy/2.Nghi%20dinh_%2079_2020_ND-CP_Quy%20đinh%20che%20do%20chinh%20sach%20trong%20xay%20dung...pdf,DOWNLOADED
34,0001,Công tác sinh viên,Sĩ quan dự bị quân đội nhân dân Việt Nam,78/2020/NĐ-CP,06/07/2020,19/08/2020,Chính phủ,Nghị định,Còn hiệu lực,http://dut.udn.vn/Files/admin/files/VanbanPhapquy/1.Nghi%20dinh_78_2020_NĐ-CP_Si%20quan%20du%20bi%20QĐNDVN.pdf,DOWNLOADED
34,0046,Khoa học Công nghệ,"Điều chỉnh Phụ lục “Tiêu chí đánh giá hoạt động khoa học công nghệ hàng năm của Trường Đại học Bách khoa, Đại học Đà Nẵng”",1121/QĐ-ĐHBK,15/06/2020,15/06/2020,Trường Đại học Bách khoa,"Quyết định, Quy định",Còn hiệu lực,http://dut.udn.vn/Files/admin/files/VanbanPhapquy/12_KHCN_QD1121_dieu%20chinh%20Phu%20luc%20Tieu%20chi%20DG%20hoat%20dong%20KH%26CN%20hang%20nam%20cua%20Truong%20DHBK%20DHDN.PDF,DOWNLOADED
34,0346,Pháp chế,Thông tư số 11/2020/TT-BGDĐT- Thông tư hướng dẫn thực hiện dân chủ trong hoạt động của cơ sở giáo dục công lập,11/2020/TT-BGDĐT,19/05/2020,19/05/2020,Bộ Giáo dục và Đào tạo,Thông tư,Còn hiệu lực,http://dut.udn.vn/Files/admin/files/VanbanPhapquy/THONG TU 11_2020TT-BGDĐT.pdf,DOWNLOADED
34,0150,"Tổ chức, hành chính",Thông tư 10/2020/TT-BGDĐT Quy chế tổ chức và hoạt động của Đại học vùng và các cơ sở giáo dục đại học thành viên,10/2020/TT-BGDĐT,14/05/2020,29/06/2020,Bộ Giáo dục và Đào tạo,Thông tư,Còn hiệu lực,http://dut.udn.vn/Files/admin/files/VanbanPhapquy/2020m5_100000000.134786PBQPPL_CVD_Thongtu10.2020.pdf,DOWNLOADED
34,0151,Tuyển sinh,Thông tư 09/2020/TT-BGDĐT Quy chế tuyển sinh trình độ đại học; tuyển sinh trình độ cao đẳng ngành Giáo dục Mầm non,09/2020/TT-BGDĐT,07/05/2020,22/06/2020,Bộ Giáo dục và Đào tạo,Thông tư,Hết hiệu lực 22/07/2022,,NO_PDF
34,0184,Hợp tác quốc tế,Quyết định 1489/QĐ-ĐHĐN Quy định về công tác quản lý hoạt động hợp tác quốc tế của Đại học Đà Nẵng,1489/QĐ-ĐHĐN,06/05/2020,06/05/2020,Đại học Đà Nẵng,"Quyết định, Quy định",Còn hiệu lực,http://dut.udn.vn/Files/admin/files/VanbanPhapquy/2020m5_100000000.1986895DHDN_CVDi_1489.QD-DHDN_06.5.20.pdf,DOWNLOADED
34,0185,Đào tạo,Quyết định 1356/QĐ-ĐHĐN Quy định quản lý văn bằng chứng chỉ của Đại học Đà Nẵng,1356/QĐ-ĐHĐN,22/04/2020,22/04/2020,Đại học Đà Nẵng,"Quyết định, Quy định",Còn hiệu lực,http://dut.udn.vn/Files/admin/files/VanbanPhapquy/2021m8_100000000.533424DHDN_CVDi_1356-2020-QD_ban_hanh_quy_dinh_quan_ly_van_bang_chung_chi_cua_DHDN.pdf,DOWNLOADED
34,0195,Đào tạo,"Ban hành Kế hoạch thực hiện Khung trình độ quốc gia Việt Nam đối với các trình độ của giáo dục đại học, giai đoạn 2020-2025",436/QĐ-TTg,30/03/2020,30/03/2020,Thủ tướng Chính phủ,"Quyết định, Quy định",Còn hiệu lực,http://dut.udn.vn/Files/admin/files/VanbanPhapquy/quyet-dinh-436-qd-ttg-2020-ke-hoach-thuc-hien-khung-trinh-do-quoc-gia.pdf,DOWNLOADED
34,0140,Đào tạo,"Quyết định 821/QĐ-BGDĐT Quyết định Ban hành Quy định về quản lý việc in, cấp phôi bằng tốt nghiệp trung học cơ sở, bằng tốt nghiệp trung học phổ thông và phôi chứng chỉ của hệ thống giáo dục quố-c dân tại cơ quan Bộ Giáo dục và Đào tạo",821/QĐ-BGDĐT,24/03/2020,24/03/2020,Bộ Giáo dục và Đào tạo,"Quyết định, Quy định",Còn hiệu lực,http://dut.udn.vn/Files/admin/files/VanbanPhapquy/2021m9_100000000.3408572PBQPPL_CVD_821.pdf,DOWNLOADED
35,"ID LĨNH VỰC TÊN VĂN BẢN SỐ HIỆU NGÀY BAN HÀNH NGÀY HIỆU LỰC CƠ QUAN BAN HÀNH LOẠI TÌNH TRẠNG TẢI VỀ 0152 Tuyển sinh Thông tư 07/2020/TT-BGDĐT Thông tư 07/2020/TT-BGDĐT sửa đổi Thông tư 06/2018/TT-BGĐDT quy định về xác định chỉ tiêu tuyển sinh trình độ trung cấp, cao đẳng các ngành đào tạo giáo viên; trình độ đại học, thạc sĩ, tiến sĩ, được sửa đổi tại Thông 01/2019/TT-BGDĐT do Bộ trưởng Bộ Giáo dục và Đào tạo ban hành 07/2020/TT-BGDĐT 20/03/2020 05/05/2020 Bộ Giáo dục và Đào tạo Thông tư Hết hiệu lực 04/03/2022 0013 Công tác sinh viên Sửa đổi Phụ lục kèm theo Quyết định số 2721/QĐ-ĐHĐN ngày 10/8/2018 của Đại học Đà Nẵng về việc ban hành Quy chế Công tác sinh viên Đại học Đà Nẵng đối với chương trình đào tạo đại học hệ chính quy 973/QĐ-ĐHĐN 20/03/2020 20/03/2020 Đại học Đà Nẵng Quyết định, Quy định Còn hiệu lực 0114 Tổ chức, hành chính Nghị định 30/2020/NĐ-CP Nghị định về công tác văn thư 30/2020/NĐ-CP 05/03/2020 05/03/2020 Chính phủ Nghị định Còn hiệu lực 0186 Tổ chức, hành chính Quyết định 637/QĐ-ĐHĐN Quy chế phục vụ cộng đồng đối với công chức, viên chức và người lao động tại Đại học Đà Nẵng 637/QĐ-ĐHĐN 21/02/2020 21/02/2020 Đại học Đà Nẵng Quyết định, Quy định Còn hiệu lực 0035 Đào tạo Quy định biên soạn, thẩm định và đánh giá, lựa chọn, duyệt sách phục vụ đào tạo của Trường Đại học Bách khoa, Đại học Đà Nẵng 04/QĐ-ĐHBK 02/01/2020 02/01/2020 Trường Đại học Bách khoa Quyết định, Quy định Còn hiệu lực 0123 Tổ chức, hành chính Nghị định 99/2019/NĐ-CP Quy định chi tiết và hướng dẫn thi hành một số điều của Luật sửa đổi, bổ sung một số điều của Luật Giáo dục đại học 99/2019/NĐ-CP 30/12/2019 15/02/2020 Chính phủ Nghị định Còn hiệu lực 0300 Thanh tra, kiểm tra Thông tư sửa đổi, bổ sung một số điều của Thông tư số 40/2013/TT-BGDĐT ngày 18/12/2013 của Bộ GDĐT quy định về tiếp công dân, giải quyết khiếu nại, giải quyết tố cáo của Bộ GDĐT 25/2019/TT-BGDĐT 30/12/2019 15/02/2020 Bộ Giáo dục và Đào tạo Thông tư Còn hiệu lực 0349 Pháp chế Luật sửa đổi, bổ sung một số điều của luật cán bộ, công chức và viên chức 52/2019/QH14 27/12/2019 27/12/2019 Quốc hội Luật, Pháp lệnh Còn hiệu lực 0022 Tổ chức, hành chính Quy trình bổ nhiệm giáo sư, phó giáo sư tại Trường Đại học Bách khoa, Đại học Đà Nẵng 3521/QĐ-ĐHBK 25/12/2019 25/12/2019 Trường Đại học Bách khoa Quyết định, Quy định Còn hiệu lực 0086 Tổ chức, hành chính Luật 52/2019/QH14 Luật sửa đổi, bổ sung một số điều của Luật Cán bộ, Công chức và Luật Viên chức 51/2019/QH14 25/11/2019 01/07/2020 Quốc hội Luật, Pháp lệnh Còn hiệu lực",ID,LĨNH VỰC,TÊN VĂN BẢN,SỐ HIỆU,NGÀY BAN HÀNH,NGÀY HIỆU LỰC,CƠ QUAN BAN HÀNH,LOẠI,http://dut.udn.vn/Files/admin/files/VanbanPhapquy/2022m1_100000000.6151242PBQPPL_CVD_405729.pdf,DOWNLOADED
35,ID,LĨNH VỰC,TÊN VĂN BẢN,SỐ HIỆU,NGÀY BAN HÀNH,NGÀY HIỆU LỰC,CƠ QUAN BAN HÀNH,LOẠI,TÌNH TRẠNG,,NO_PDF
35,0152,Tuyển sinh,"Thông tư 07/2020/TT-BGDĐT Thông tư 07/2020/TT-BGDĐT sửa đổi Thông tư 06/2018/TT-BGĐDT quy định về xác định chỉ tiêu tuyển sinh trình độ trung cấp, cao đẳng các ngành đào tạo giáo viên; trình độ đại học, thạc sĩ, tiến sĩ, được sửa đổi tại Thông 01/2019/TT-BGDĐT do Bộ trưởng Bộ Giáo dục và Đào tạo ban hành",07/2020/TT-BGDĐT,20/03/2020,05/05/2020,Bộ Giáo dục và Đào tạo,Thông tư,Hết hiệu lực 04/03/2022,http://dut.udn.vn/Files/admin/files/VanbanPhapquy/2020m4_100000000.2334712PBQPPL_CVD_Thongtu07.2020.pdf,DOWNLOADED
35,0013,Công tác sinh viên,Sửa đổi Phụ lục kèm theo Quyết định số 2721/QĐ-ĐHĐN ngày 10/8/2018 của Đại học Đà Nẵng về việc ban hành Quy chế Công tác sinh viên Đại học Đà Nẵng đối với chương trình đào tạo đại học hệ chính quy,973/QĐ-ĐHĐN,20/03/2020,20/03/2020,Đại học Đà Nẵng,"Quyết định, Quy định",Còn hiệu lực,http://dut.udn.vn/Files/admin/files/VanbanPhapquy/13.Quyet%20dinh_973_QĐ-ĐHĐN_%20BH%20Quy%20che%20CTSV%20ĐHĐN%20doi%20voi%20CTĐT%20dai%20hoc%20he%20chinh%20quy.PDF,DOWNLOADED
35,0114,"Tổ chức, hành chính",Nghị định 30/2020/NĐ-CP Nghị định về công tác văn thư,30/2020/NĐ-CP,05/03/2020,05/03/2020,Chính phủ,Nghị định,Còn hiệu lực,http://dut.udn.vn/Files/admin/files/VanbanPhapquy/2020m5_100000000.59659PBQPPL_CVD_ND_30-2020.pdf,DOWNLOADED
35,0186,"Tổ chức, hành chính","Quyết định 637/QĐ-ĐHĐN Quy chế phục vụ cộng đồng đối với công chức, viên chức và người lao động tại Đại học Đà Nẵng",637/QĐ-ĐHĐN,21/02/2020,21/02/2020,Đại học Đà Nẵng,"Quyết định, Quy định",Còn hiệu lực,http://dut.udn.vn/Files/admin/files/VanbanPhapquy/2021m6_100000000.533424DHDN_CVDi_QD_637_QChe_PV_cong_dong_2020_0001.pdf,DOWNLOADED
35,0035,Đào tạo,"Quy định biên soạn, thẩm định và đánh giá, lựa chọn, duyệt sách phục vụ đào tạo của Trường Đại học Bách khoa, Đại học Đà Nẵng",04/QĐ-ĐHBK,02/01/2020,02/01/2020,Trường Đại học Bách khoa,"Quyết định, Quy định",Còn hiệu lực,http://dut.udn.vn/Files/admin/files/VanbanPhapquy/06_Daotao_QD04%20BH%20Quy%20dinh%20bien%20soan%20tham%20dinh%20va%20danh%20gia%20lua%20chon%20duyet%20sach%20phuc%20vu%20dao%20tao%20cua%20Truong%20DHBK-DHDN.PDF,DOWNLOADED
35,0123,"Tổ chức, hành chính","Nghị định 99/2019/NĐ-CP Quy định chi tiết và hướng dẫn thi hành một số điều của Luật sửa đổi, bổ sung một số điều của Luật Giáo dục đại học",99/2019/NĐ-CP,30/12/2019,15/02/2020,Chính phủ,Nghị định,Còn hiệu lực,http://dut.udn.vn/Files/admin/files/VanbanPhapquy/2020m1_100000000.533424PBQPPL_CVD_Nghi_dinh_99.pdf,DOWNLOADED
35,0300,"Thanh tra, kiểm tra","Thông tư sửa đổi, bổ sung một số điều của Thông tư số 40/2013/TT-BGDĐT ngày 18/12/2013 của Bộ GDĐT quy định về tiếp công dân, giải quyết khiếu nại, giải quyết tố cáo của Bộ GDĐT",25/2019/TT-BGDĐT,30/12/2019,15/02/2020,Bộ Giáo dục và Đào tạo,Thông tư,Còn hiệu lực,http://dut.udn.vn/Files/admin/files/VanbanPhapquy/10. TT so 25_2019_TT-BGDDT_Thong tu sua soi mot so dieu TT 40.pdf,DOWNLOADED
35,0349,Pháp chế,"Luật sửa đổi, bổ sung một số điều của luật cán bộ, công chức và viên chức",52/2019/QH14,27/12/2019,27/12/2019,Quốc hội,"Luật, Pháp lệnh",Còn hiệu lực,"http://dut.udn.vn/Files/admin/files/VanbanPhapquy/13. Luật 52_2019_QH14_Luật cán bộ, công chức và Luật Viên chức sửa đổi 2019.pdf",DOWNLOADED
35,0022,"Tổ chức, hành chính","Quy trình bổ nhiệm giáo sư, phó giáo sư tại Trường Đại học Bách khoa, Đại học Đà Nẵng",3521/QĐ-ĐHBK,25/12/2019,25/12/2019,Trường Đại học Bách khoa,"Quyết định, Quy định",Còn hiệu lực,http://dut.udn.vn/Files/admin/files/VanbanPhapquy/20_TCHC_QD%20BH%20Quy%20trinh%20bo%20nhiem%20Giao%20su-%20Pho%20Giao%20su%20tai%20Truong%20DHBK-DHDN.PDF,DOWNLOADED
35,0086,"Tổ chức, hành chính","Luật 52/2019/QH14 Luật sửa đổi, bổ sung một số điều của Luật Cán bộ, Công chức và Luật Viên chức",51/2019/QH14,25/11/2019,01/07/2020,Quốc hội,"Luật, Pháp lệnh",Còn hiệu lực,http://dut.udn.vn/Files/admin/files/VanbanPhapquy/2022m1_100000000.6151242PBQPPL_CVD_405729.pdf,DOWNLOADED
36,"ID LĨNH VỰC TÊN VĂN BẢN SỐ HIỆU NGÀY BAN HÀNH NGÀY HIỆU LỰC CƠ QUAN BAN HÀNH LOẠI TÌNH TRẠNG TẢI VỀ 0087 Tổ chức, hành chính Luật 45/2019/QH14 Bộ Luật lao động 45/2019/QH14 20/11/2019 01/01/2021 Quốc hội Luật, Pháp lệnh Còn hiệu lực 0197 Thi đua, khen thưởng Thông tư số 12/2019/TT-BNV ngày 04/11/2019 của Bộ Nội vụ Quy định chi tiết thi hành một số điều của Nghị định số 91/2017/NĐ-CP ngày 31/7/2017 của Chính phủ Quy định chi tiết thi hành một số điều của Luật thi đua, khen thưởng 12/2019/TT-BNV 04/11/2019 01/01/2020 Bộ Nội vụ Thông tư Hết hiệu lực 01/01/2024 0334 Thi đua, khen thưởng Kế hoạch số 871/KH-BGDĐT ngày 20/8/2019 của Bộ trưởng Bộ GDĐT triển khai thực hiện Phong trào thi đua “Cán bộ, công chức, viên chức thi đua thực hiện văn hóa công sở” ngành Giáo dục giai đoạn 2019-2025 871/KH-BGDĐT 20/08/2019 20/08/2019 Bộ Giáo dục và Đào tạo Kế hoạch Còn hiệu lực 0089 Tổ chức, hành chính Luật Giáo dục 2019_43_2019_QH14 (hiệu lực 01/07/2020) 43/2019/QH14 20/07/2019 01/07/2020 Quốc hội Luật, Pháp lệnh Còn hiệu lực 0044 Đào tạo Quy định tổ chức dánh giá học tập của sinh viên đại học, học viên cao học của Trường Đại học Bách khoa, Đại học Đà Nẵng 1980/QĐ-ĐHBK 18/07/2019 18/07/2019 Trường Đại học Bách khoa Quyết định, Quy định Còn hiệu lực 0213 Khảo thí Quy định tổ chức đánh giá học tập của sinh viên đại học, học viên cao học của Trường Đại học Bách khoa, đại học Đại học Đà Nẵng 1980/QĐ-ĐHBK 18/07/2019 18/07/2019 Trường Đại học Bách khoa Quyết định, Quy định Còn hiệu lực 0291 Thanh tra, kiểm tra Nghị định quy định chi tiết một số điều và biện pháp thi hành Luật phòng, chống tham nhũng 59/2019/NĐ-CP 01/07/2019 15/08/2019 Chính phủ Nghị định Còn hiệu lực 0344 Pháp chế Thông tư 04/2019/TT-BKHCN về quy định sử dụng hóa chất để thực hiện thí nghiệm, nghiên cứu khoa học (ban hành ngày 26/6/2019, có hiệu lực ngày 15/9/2019) 04/2019/TT-BKHCN 26/06/2019 15/09/2019 Bộ Khoa học và Công nghệ Thông tư Còn hiệu lực 0041 Đào tạo Quy định đào tạo đại học hệ chính quy liên thông từ cao đẳng 1779/QĐ-ĐHBK 18/06/2019 18/06/2019 Trường Đại học Bách khoa Quyết định, Quy định Còn hiệu lực 0102 Cơ sở vật chất, xây dựng Luật 39/2019/QH14 Luật Đầu tư công 2019 39/2019/QH14 13/06/2019 01/01/2020 Quốc hội Luật, Pháp lệnh Còn hiệu lực",ID,LĨNH VỰC,TÊN VĂN BẢN,SỐ HIỆU,NGÀY BAN HÀNH,NGÀY HIỆU LỰC,CƠ QUAN BAN HÀNH,LOẠI,http://dut.udn.vn/Files/admin/files/VanbanPhapquy/2021m7_100000000.1412348PBQPPL_CVD_Luatdautu_cong.pdf,DOWNLOADED
36,ID,LĨNH VỰC,TÊN VĂN BẢN,SỐ HIỆU,NGÀY BAN HÀNH,NGÀY HIỆU LỰC,CƠ QUAN BAN HÀNH,LOẠI,TÌNH TRẠNG,,NO_PDF
36,0087,"Tổ chức, hành chính",Luật 45/2019/QH14 Bộ Luật lao động,45/2019/QH14,20/11/2019,01/01/2021,Quốc hội,"Luật, Pháp lệnh",Còn hiệu lực,http://dut.udn.vn/Files/admin/files/VanbanPhapquy/2022m1_100000000.7767966PBQPPL_CVD_333670.pdf,DOWNLOADED
36,0197,"Thi đua, khen thưởng","Thông tư số 12/2019/TT-BNV ngày 04/11/2019 của Bộ Nội vụ Quy định chi tiết thi hành một số điều của Nghị định số 91/2017/NĐ-CP ngày 31/7/2017 của Chính phủ Quy định chi tiết thi hành một số điều của Luật thi đua, khen thưởng",12/2019/TT-BNV,04/11/2019,01/01/2020,Bộ Nội vụ,Thông tư,Hết hiệu lực 01/01/2024,http://dut.udn.vn/Files/admin/files/VanbanPhapquy/3. Thông tư 12_2019_TT-BNV quy định chi tiết thi hành một số điều của NĐ 91_2017_NĐ-CP.pdf,DOWNLOADED
36,0334,"Thi đua, khen thưởng","Kế hoạch số 871/KH-BGDĐT ngày 20/8/2019 của Bộ trưởng Bộ GDĐT triển khai thực hiện Phong trào thi đua “Cán bộ, công chức, viên chức thi đua thực hiện văn hóa công sở” ngành Giáo dục giai đoạn 2019-2025",871/KH-BGDĐT,20/08/2019,20/08/2019,Bộ Giáo dục và Đào tạo,Kế hoạch,Còn hiệu lực,http://dut.udn.vn/Files/admin/files/VanbanPhapquy/7. Kế hoạch_871_KH_BGDĐT triển khai thực hiện phong trào thi đua CBCCVC thi đua thực hiện văn hóa công sở.pdf,DOWNLOADED
36,0089,"Tổ chức, hành chính",Luật Giáo dục 2019_43_2019_QH14 (hiệu lực 01/07/2020),43/2019/QH14,20/07/2019,01/07/2020,Quốc hội,"Luật, Pháp lệnh",Còn hiệu lực,http://dut.udn.vn/Files/admin/files/VanbanPhapquy/Luat Giao duc 2019_43_2019_QH14 (hieu luc 01072020).pdf,DOWNLOADED
36,0044,Đào tạo,"Quy định tổ chức dánh giá học tập của sinh viên đại học, học viên cao học của Trường Đại học Bách khoa, Đại học Đà Nẵng",1980/QĐ-ĐHBK,18/07/2019,18/07/2019,Trường Đại học Bách khoa,"Quyết định, Quy định",Còn hiệu lực,http://dut.udn.vn/Files/admin/files/VanbanPhapquy/16_KTDBCL_QD1980%20ve%20Quy%20dinh%20TCDG%20hoc%20tap%20cua%20SV%20DH-hoc%20vien%20cao%20hoc%20cua%20Truong%20DHBK.PDF,DOWNLOADED
36,0213,Khảo thí,"Quy định tổ chức đánh giá học tập của sinh viên đại học, học viên cao học của Trường Đại học Bách khoa, đại học Đại học Đà Nẵng",1980/QĐ-ĐHBK,18/07/2019,18/07/2019,Trường Đại học Bách khoa,"Quyết định, Quy định",Còn hiệu lực,http://dut.udn.vn/Files/admin/files/VanbanPhapquy/(DT) 2019_DHBK_1980_QD Danh_Gia HocTap SV HocVien.PDF,DOWNLOADED
36,0291,"Thanh tra, kiểm tra","Nghị định quy định chi tiết một số điều và biện pháp thi hành Luật phòng, chống tham nhũng",59/2019/NĐ-CP,01/07/2019,15/08/2019,Chính phủ,Nghị định,Còn hiệu lực,http://dut.udn.vn/Files/admin/files/VanbanPhapquy/2. ND so 59_2019. Quy dinh mot so dieu va bien phap thi hanh Luat Phong Chong Tham Nhung.pdf,DOWNLOADED
36,0344,Pháp chế,"Thông tư 04/2019/TT-BKHCN về quy định sử dụng hóa chất để thực hiện thí nghiệm, nghiên cứu khoa học (ban hành ngày 26/6/2019, có hiệu lực ngày 15/9/2019)",04/2019/TT-BKHCN,26/06/2019,15/09/2019,Bộ Khoa học và Công nghệ,Thông tư,Còn hiệu lực,http://dut.udn.vn/Files/admin/files/VanbanPhapquy/TT04_2019_TT_BKHCN.pdf,DOWNLOADED
36,0041,Đào tạo,Quy định đào tạo đại học hệ chính quy liên thông từ cao đẳng,1779/QĐ-ĐHBK,18/06/2019,18/06/2019,Trường Đại học Bách khoa,"Quyết định, Quy định",Còn hiệu lực,http://dut.udn.vn/Files/admin/files/VanbanPhapquy/10_Daotao_QD1779%20BH%20Quy%20dinh%20DT%20dai%20hoc%20he%20CQ%20lien%20thong%20tu%20cao%20dang.PDF,DOWNLOADED
36,0102,"Cơ sở vật chất, xây dựng",Luật 39/2019/QH14 Luật Đầu tư công 2019,39/2019/QH14,13/06/2019,01/01/2020,Quốc hội,"Luật, Pháp lệnh",Còn hiệu lực,http://dut.udn.vn/Files/admin/files/VanbanPhapquy/2021m7_100000000.1412348PBQPPL_CVD_Luatdautu_cong.pdf,DOWNLOADED
37,"ID LĨNH VỰC TÊN VĂN BẢN SỐ HIỆU NGÀY BAN HÀNH NGÀY HIỆU LỰC CƠ QUAN BAN HÀNH LOẠI TÌNH TRẠNG TẢI VỀ 0027 Thi đua, khen thưởng Quy định công tác thi đua, khen thưởng tại Trường Đại học Bách khoa, Đại học Đà Nẵng 1605/QĐ-ĐHBK 31/05/2019 31/05/2019 Trường Đại học Bách khoa Quyết định, Quy định Còn hiệu lực 0032 Thanh tra, kiểm tra Quy trình thanh tra chuyên đề tại Trường Đại học Bách khoa, Đại học Đà Nẵng 1604/QĐ-ĐHBK 31/05/2019 31/05/2019 Trường Đại học Bách khoa Quyết định, Quy định Còn hiệu lực 0040 Đào tạo Quy định về yêu cầu trình độ tiếng Anh của sinh viên đại học chính quy chương trình CLC tại Trường Đại học Bách khoa, Đại học Đà Nẵng 1345/QĐ-ĐHBK 13/05/2019 13/05/2019 Trường Đại học Bách khoa Quyết định, Quy định Còn hiệu lực 0034 Đào tạo Sửa đổi, bổ sung một số điều của “Quy định về liêm chính học thuật của Trường Đại học Bách khoa, Đại học Đà Nẵng” 1274/QĐ-ĐHBK 08/05/2019 08/05/2019 Trường Đại học Bách khoa Quyết định, Quy định Còn hiệu lực 0221 Đào tạo Sửa đổi, bổ sung một số điều của ""Quy định về liêm chính học thuật của Trường Đại học Bách khoa, ĐHĐN"" 1274/QĐ-ĐHBK 08/05/2019 08/05/2019 Trường Đại học Bách khoa Quyết định, Quy định Còn hiệu lực 0021 Tổ chức, hành chính Quy chế thực hiện dân chủ trong hoạt động của Trường Đại học Bách khoa, Đại học Đà Nẵng 1177/QĐ-ĐHBK 26/04/2019 26/04/2019 Trường Đại học Bách khoa Quyết định, Quy định Còn hiệu lực 0115 Thanh tra, kiểm tra Nghị định 31/2019/NĐ-CP Quy định chi tiết một số điều và biện pháp thi hành Luật Tố cáo 31/2019/NĐ-CP 10/04/2019 28/05/2019 Chính phủ Nghị định Còn hiệu lực 0048 Tài chính, kế toán Quy trình xây dựng kế hoạch và dự toán kinh phí hoạt động 771/QĐ-ĐHBK 08/04/2019 08/04/2019 Trường Đại học Bách khoa Quyết định, Quy định Còn hiệu lực 0049 Tài chính, kế toán Quy chế làm việc của Phòng Thí nghiệm và Xưởng thực hành, thực tập 771/QĐ-ĐHBK 08/04/2019 08/04/2019 Trường Đại học Bách khoa Quyết định, Quy định Còn hiệu lực 0038 Đào tạo Quy định đào tạo trình độ tiến sĩ tại Trường Đại học Bách khoa, Đại học Đà Nẵng 405/QĐ-ĐHBK 05/03/2019 05/03/2019 Trường Đại học Bách khoa Quyết định, Quy định Còn hiệu lực",ID,LĨNH VỰC,TÊN VĂN BẢN,SỐ HIỆU,NGÀY BAN HÀNH,NGÀY HIỆU LỰC,CƠ QUAN BAN HÀNH,LOẠI,http://dut.udn.vn/Files/admin/files/VanbanPhapquy/07_Daotao_QD405%20BH%20Quy%20dinh%20DT%20trinh%20do%20tien%20si%20tai%20Truong%20DHBK-DHDN.PDF,DOWNLOADED
37,ID,LĨNH VỰC,TÊN VĂN BẢN,SỐ HIỆU,NGÀY BAN HÀNH,NGÀY HIỆU LỰC,CƠ QUAN BAN HÀNH,LOẠI,TÌNH TRẠNG,,NO_PDF
37,0027,"Thi đua, khen thưởng","Quy định công tác thi đua, khen thưởng tại Trường Đại học Bách khoa, Đại học Đà Nẵng",1605/QĐ-ĐHBK,31/05/2019,31/05/2019,Trường Đại học Bách khoa,"Quyết định, Quy định",Còn hiệu lực,http://dut.udn.vn/Files/admin/files/VanbanPhapquy/28_TTPC_QD%201605%20BH%20Quy%20dinh%20cong%20tac%20thi%20dua-khen%20thuong%20tai%20Truong%20DHBK-DHDN%20(ap%20dung%202019-2020).PDF,DOWNLOADED
37,0032,"Thanh tra, kiểm tra","Quy trình thanh tra chuyên đề tại Trường Đại học Bách khoa, Đại học Đà Nẵng",1604/QĐ-ĐHBK,31/05/2019,31/05/2019,Trường Đại học Bách khoa,"Quyết định, Quy định",Còn hiệu lực,http://dut.udn.vn/Files/admin/files/VanbanPhapquy/33_TTPC_QD1604%20BH%20Quy%20trinh%20thanh%20tra%20chuyen%20de%20tai%20Truong%20DHBK-DHDN.PDF,DOWNLOADED
37,0040,Đào tạo,"Quy định về yêu cầu trình độ tiếng Anh của sinh viên đại học chính quy chương trình CLC tại Trường Đại học Bách khoa, Đại học Đà Nẵng",1345/QĐ-ĐHBK,13/05/2019,13/05/2019,Trường Đại học Bách khoa,"Quyết định, Quy định",Còn hiệu lực,http://dut.udn.vn/Files/admin/files/VanbanPhapquy/09_Daotao_QD1345%20BH%20Quy%20dinh%20ve%20yeu%20cau%20trinh%20do%20tieng%20Anh%20SV%20DHCQ%20CT%20CLC%20tai%20Truong%20DHBK-DHDN%20(1).PDF,DOWNLOADED
37,0034,Đào tạo,"Sửa đổi, bổ sung một số điều của “Quy định về liêm chính học thuật của Trường Đại học Bách khoa, Đại học Đà Nẵng”",1274/QĐ-ĐHBK,08/05/2019,08/05/2019,Trường Đại học Bách khoa,"Quyết định, Quy định",Còn hiệu lực,http://dut.udn.vn/Files/admin/files/VanbanPhapquy/05_Daotao_QD%201274%20sua%20doi%20BS%20mot%20so%20dieu%20cua%20Quy%20dinh%20ve%20liem%20chinh%20hoc%20thuat%20cua%20Truong%20DHBK-DHDN.PDF,DOWNLOADED
37,0221,Đào tạo,"Sửa đổi, bổ sung một số điều của ""Quy định về liêm chính học thuật của Trường Đại học Bách khoa, ĐHĐN""",1274/QĐ-ĐHBK,08/05/2019,08/05/2019,Trường Đại học Bách khoa,"Quyết định, Quy định",Còn hiệu lực,"http://dut.udn.vn/Files/admin/files/VanbanPhapquy/Sua doi, bo sung mot so Dieu quy dinh liem chinh học thuat cuaTruong DHBK.pdf",DOWNLOADED
37,0021,"Tổ chức, hành chính","Quy chế thực hiện dân chủ trong hoạt động của Trường Đại học Bách khoa, Đại học Đà Nẵng",1177/QĐ-ĐHBK,26/04/2019,26/04/2019,Trường Đại học Bách khoa,"Quyết định, Quy định",Còn hiệu lực,http://dut.udn.vn/Files/admin/files/VanbanPhapquy/19_TCHC_QD%201177%20BH%20Quy%20che%20thuc%20hien%20dan%20chu%20trong%20HD%20cua%20Truong%20DHBK-DHDN.PDF,DOWNLOADED
37,0115,"Thanh tra, kiểm tra",Nghị định 31/2019/NĐ-CP Quy định chi tiết một số điều và biện pháp thi hành Luật Tố cáo,31/2019/NĐ-CP,10/04/2019,28/05/2019,Chính phủ,Nghị định,Còn hiệu lực,http://dut.udn.vn/Files/admin/files/VanbanPhapquy/2020m3_100000000.533424PBQPPL_CVD_ND_31-2019.pdf,DOWNLOADED
37,0048,"Tài chính, kế toán",Quy trình xây dựng kế hoạch và dự toán kinh phí hoạt động,771/QĐ-ĐHBK,08/04/2019,08/04/2019,Trường Đại học Bách khoa,"Quyết định, Quy định",Còn hiệu lực,http://dut.udn.vn/Files/admin/files/VanbanPhapquy/13_KHTC_QD771%20BH%20Quy%20trinh%20xay%20dung%20KH%20va%20du%20toan%20kinh%20phi%20hoat%20dong.PDF,DOWNLOADED
37,0049,"Tài chính, kế toán","Quy chế làm việc của Phòng Thí nghiệm và Xưởng thực hành, thực tập",771/QĐ-ĐHBK,08/04/2019,08/04/2019,Trường Đại học Bách khoa,"Quyết định, Quy định",Còn hiệu lực,http://dut.udn.vn/Files/admin/files/VanbanPhapquy/13_KHTC_QD771%20BH%20Quy%20trinh%20xay%20dung%20KH%20va%20du%20toan%20kinh%20phi%20hoat%20dong.PDF,DOWNLOADED
37,0038,Đào tạo,"Quy định đào tạo trình độ tiến sĩ tại Trường Đại học Bách khoa, Đại học Đà Nẵng",405/QĐ-ĐHBK,05/03/2019,05/03/2019,Trường Đại học Bách khoa,"Quyết định, Quy định",Còn hiệu lực,http://dut.udn.vn/Files/admin/files/VanbanPhapquy/07_Daotao_QD405%20BH%20Quy%20dinh%20DT%20trinh%20do%20tien%20si%20tai%20Truong%20DHBK-DHDN.PDF,DOWNLOADED
38,"ID LĨNH VỰC TÊN VĂN BẢN SỐ HIỆU NGÀY BAN HÀNH NGÀY HIỆU LỰC CƠ QUAN BAN HÀNH LOẠI TÌNH TRẠNG TẢI VỀ 0125 Đào tạo Quyết định 69/QĐ-TTg Quyết định năm 2019 về phê duyệt Đề án nâng cao chất lượng giáo dục đại học giai đoạn 2019-2025 do Thủ tướng Chính phủ ban hành 69/QĐ-TTg 15/01/2019 15/01/2019 Thủ tướng Chính phủ Quyết định, Quy định Còn hiệu lực 0024 Tổ chức, hành chính Quy định thời hạn bảo quản tài liệu chuyên môn nghiệp vụ của Trường Đại học Bách khoa, Đại học Đà Nẵng 2971/QĐ-ĐHBK 26/12/2018 26/12/2018 Trường Đại học Bách khoa Quyết định, Quy định Còn hiệu lực 0250 Công tác sinh viên Hướng dẫn công tác xã hội trong trường học 33/2018/TT-BGDĐT 26/12/2018 10/02/2019 Bộ Giáo dục và Đào tạo Thông tư Còn hiệu lực 0006 Công tác sinh viên Quy chế quản lý người nước ngoài học tập tại Việt Nam 30/2018/TT-BGDĐT 24/12/2018 08/02/2019 Bộ Giáo dục và Đào tạo Thông tư Còn hiệu lực 0090 Pháp chế Luật Giáo dục Đại học sửa đổi 2018 34_2018_QH14_388254 (hiệu lực 01/07/2019) 34/2018/QH14 22/12/2018 01/07/2019 Quốc hội Luật, Pháp lệnh Còn hiệu lực 0116 Tổ chức, hành chính Nghị định 161/2018/NĐ-CP Nghị định sửa đổi quy định về tuyển dụng công chức, viên chức, nâng ngạch công chức, thăng hạng viên chức và thực hiện chế độ hợp đồng một số loại công việc trong cơ quan hành chính nhà nước, đơn vị sự nghiệp công lập 161/2018/NĐ-CP 29/11/2018 15/01/2019 Chính phủ Nghị định Hết hiệu lực 01/01/2024 0103 Thanh tra, kiểm tra Luật 36/2018/QH14 Luật Phòng, chống tham nhũng 36/2018/QH14 20/11/2018 01/07/2019 Quốc hội Luật, Pháp lệnh Còn hiệu lực 0281 Pháp chế Luật giáo dục đại học sửa đổi 2018 34/2018/QH14 19/11/2018 01/07/2019 Quốc hội Luật, Pháp lệnh Còn hiệu lực 0088 Tổ chức, hành chính Luật 29/2018/QH14 Luật Bảo vệ Bí mật nhà nước 29/2018/QH14 15/11/2018 01/07/2020 Quốc hội Luật, Pháp lệnh Còn hiệu lực 0082 Công nghệ thông tin, CĐS Ban hành Quy định về tổ chức hoạt động trang thông tin điện tử, sử dụng thư điện tử của Trường ĐHBK, ĐHĐN 2347/QĐ-ĐHBK 14/11/2018 14/11/2018 Trường Đại học Bách khoa Quyết định, Quy định Còn hiệu lực",ID,LĨNH VỰC,TÊN VĂN BẢN,SỐ HIỆU,NGÀY BAN HÀNH,NGÀY HIỆU LỰC,CƠ QUAN BAN HÀNH,LOẠI,http://dut.udn.vn/Files/admin/files/VanbanPhapquy/2347 2018 QD Ban hanh QD ve TC HD trang TTDT su dung thu DT cua Truong DHBK-DHDN.PDF,DOWNLOADED
38,ID,LĨNH VỰC,TÊN VĂN BẢN,SỐ HIỆU,NGÀY BAN HÀNH,NGÀY HIỆU LỰC,CƠ QUAN BAN HÀNH,LOẠI,TÌNH TRẠNG,,NO_PDF
38,0125,Đào tạo,Quyết định 69/QĐ-TTg Quyết định năm 2019 về phê duyệt Đề án nâng cao chất lượng giáo dục đại học giai đoạn 2019-2025 do Thủ tướng Chính phủ ban hành,69/QĐ-TTg,15/01/2019,15/01/2019,Thủ tướng Chính phủ,"Quyết định, Quy định",Còn hiệu lực,http://dut.udn.vn/Files/admin/files/VanbanPhapquy/2022m1_100000000.7669563PBQPPL_CVD_405039.pdf,DOWNLOADED
38,0024,"Tổ chức, hành chính","Quy định thời hạn bảo quản tài liệu chuyên môn nghiệp vụ của Trường Đại học Bách khoa, Đại học Đà Nẵng",2971/QĐ-ĐHBK,26/12/2018,26/12/2018,Trường Đại học Bách khoa,"Quyết định, Quy định",Còn hiệu lực,http://dut.udn.vn/Files/admin/files/VanbanPhapquy/22_TCHC_QD%20Quy%20dinh%20thoi%20han%20bao%20quan%20tai%20lieu%20CMNV%20cua%20Truong%20DHBK%20-%20DHDN.PDF,DOWNLOADED
38,0250,Công tác sinh viên,Hướng dẫn công tác xã hội trong trường học,33/2018/TT-BGDĐT,26/12/2018,10/02/2019,Bộ Giáo dục và Đào tạo,Thông tư,Còn hiệu lực,http://dut.udn.vn/Files/admin/files/VanbanPhapquy/33-2018-bgddt.signed.pdf,DOWNLOADED
38,0006,Công tác sinh viên,Quy chế quản lý người nước ngoài học tập tại Việt Nam,30/2018/TT-BGDĐT,24/12/2018,08/02/2019,Bộ Giáo dục và Đào tạo,Thông tư,Còn hiệu lực,http://dut.udn.vn/Files/admin/files/VanbanPhapquy/6.Thong%20tu_30_2018_TT-BGDDT_Quy%20che%20quan%20ly%20nguoi%20nuoc%20ngoai%20hoc%20tap%20tai%20VN.pdf,DOWNLOADED
38,0090,Pháp chế,Luật Giáo dục Đại học sửa đổi 2018 34_2018_QH14_388254 (hiệu lực 01/07/2019),34/2018/QH14,22/12/2018,01/07/2019,Quốc hội,"Luật, Pháp lệnh",Còn hiệu lực,http://dut.udn.vn/Files/admin/files/VanbanPhapquy/Luat Giao duc dai hoc sua doi 2018 34_2018_QH14_388254 (hieu luc 01072019).pdf,DOWNLOADED
38,0116,"Tổ chức, hành chính","Nghị định 161/2018/NĐ-CP Nghị định sửa đổi quy định về tuyển dụng công chức, viên chức, nâng ngạch công chức, thăng hạng viên chức và thực hiện chế độ hợp đồng một số loại công việc trong cơ quan hành chính nhà nước, đơn vị sự nghiệp công lập",161/2018/NĐ-CP,29/11/2018,15/01/2019,Chính phủ,Nghị định,Hết hiệu lực 01/01/2024,http://dut.udn.vn/Files/admin/files/VanbanPhapquy/2022m1_100000000.001899302PBQPPL_CVD_336803.pdf,DOWNLOADED
38,0103,"Thanh tra, kiểm tra","Luật 36/2018/QH14 Luật Phòng, chống tham nhũng",36/2018/QH14,20/11/2018,01/07/2019,Quốc hội,"Luật, Pháp lệnh",Còn hiệu lực,http://dut.udn.vn/Files/admin/files/VanbanPhapquy/2019m6_100000000.533424PBQPPL_CVD_36_2018_QH14_322049.pdf,DOWNLOADED
38,0281,Pháp chế,Luật giáo dục đại học sửa đổi 2018,34/2018/QH14,19/11/2018,01/07/2019,Quốc hội,"Luật, Pháp lệnh",Còn hiệu lực,http://dut.udn.vn/Files/admin/files/VanbanPhapquy/3. Luat so 34_2018_QH14. Luat giao duc dai hoc sua doi 2018.pdf,DOWNLOADED
38,0088,"Tổ chức, hành chính",Luật 29/2018/QH14 Luật Bảo vệ Bí mật nhà nước,29/2018/QH14,15/11/2018,01/07/2020,Quốc hội,"Luật, Pháp lệnh",Còn hiệu lực,http://dut.udn.vn/Files/admin/files/VanbanPhapquy/Luật Bảo vệ bí mật nhà nước (29.2018.QH14).pdf,DOWNLOADED
38,0082,"Công nghệ thông tin, CĐS","Ban hành Quy định về tổ chức hoạt động trang thông tin điện tử, sử dụng thư điện tử của Trường ĐHBK, ĐHĐN",2347/QĐ-ĐHBK,14/11/2018,14/11/2018,Trường Đại học Bách khoa,"Quyết định, Quy định",Còn hiệu lực,http://dut.udn.vn/Files/admin/files/VanbanPhapquy/2347 2018 QD Ban hanh QD ve TC HD trang TTDT su dung thu DT cua Truong DHBK-DHDN.PDF,DOWNLOADED
39,"ID LĨNH VỰC TÊN VĂN BẢN SỐ HIỆU NGÀY BAN HÀNH NGÀY HIỆU LỰC CƠ QUAN BAN HÀNH LOẠI TÌNH TRẠNG TẢI VỀ 0012 Công tác sinh viên Quy chế Công tác sinh viên đối với chương trình đào tạo hệ chính quy 2721/QĐ-ĐHĐN 10/08/2018 10/08/2018 Đại học Đà Nẵng Quyết định, Quy định Còn hiệu lực 0309 Thanh tra, kiểm tra Quyết định ban hành quy định về công tác kiểm tra của Bộ Giáo dục và Đào tạo 2692/QĐ-BGDĐT 26/07/2018 26/07/2018 Bộ Giáo dục và Đào tạo Quyết định, Quy định Còn hiệu lực 0092 Thanh tra, kiểm tra Luật Tố cáo 25.2018 (hiệu lực từ 01/01/2019) 25/2018/QH14 12/06/2018 01/01/2019 Quốc hội Luật, Pháp lệnh Còn hiệu lực 0093 Công nghệ thông tin, CĐS Luật 24/2018/QH14 Luật An ninh mạng 2018 24/2018/QH14 12/06/2018 01/01/2019 Quốc hội Luật, Pháp lệnh Còn hiệu lực 0255 Công nghệ thông tin, CĐS Quy định chi tiết một số điều của Luật An ninh mạng 53/2022/NĐ-VP 12/06/2018 01/01/2019 Chính phủ Nghị định Còn hiệu lực 0133 Hợp tác quốc tế Nghị định 86/2018/NĐ-CP Nghị định quy định về hợp tác, đầu tư của nước ngoài trong lĩnh vực giáo dục 86/2018/NĐ-CP 06/06/2018 01/08/2018 Chính phủ Nghị định Còn hiệu lực 0083 Tổ chức, hành chính Ban hành Quy định chức năng, nhiệm vụ của các đơn vị chức năng Trường ĐHBK, ĐHĐN 730/QĐ-ĐHBK 05/06/2018 05/06/2018 Trường Đại học Bách khoa Quyết định, Quy định Còn hiệu lực 0187 Khoa học Công nghệ Quyết định 1826/QĐ-ĐHĐN Quy định về quản lý đề tài khoa học và công nghệ cấp ĐHĐN 1826/QĐ-ĐHĐN 31/05/2018 31/05/2018 Đại học Đà Nẵng Quyết định, Quy định Còn hiệu lực 0117 Khoa học Công nghệ Nghị định 76/2018/NĐ-CP Quy định chi tiết và hướng dẫn thi hành một số điều của Luật chuyển giao công nghệ 76/2018/NĐ-CP 15/05/2018 01/07/2018 Chính phủ Nghị định Còn hiệu lực 0134 Khoa học Công nghệ Nghị định 70/2018/NĐ-CP Quy định việc quản lý, sử dụng tài sản được hình thành thông qua việc triển khai thực hiện nhiệm vụ khoa học và công nghệ sử dụng vốn nhà nước 70/2018/NĐ-CP 15/05/2018 15/05/2018 Chính phủ Nghị định Còn hiệu lực",ID,LĨNH VỰC,TÊN VĂN BẢN,SỐ HIỆU,NGÀY BAN HÀNH,NGÀY HIỆU LỰC,CƠ QUAN BAN HÀNH,LOẠI,http://dut.udn.vn/Files/admin/files/VanbanPhapquy/2021m9_100000000.9519709PBQPPL_CVD_70.2018.pdf,DOWNLOADED
39,ID,LĨNH VỰC,TÊN VĂN BẢN,SỐ HIỆU,NGÀY BAN HÀNH,NGÀY HIỆU LỰC,CƠ QUAN BAN HÀNH,LOẠI,TÌNH TRẠNG,,NO_PDF
39,0012,Công tác sinh viên,Quy chế Công tác sinh viên đối với chương trình đào tạo hệ chính quy,2721/QĐ-ĐHĐN,10/08/2018,10/08/2018,Đại học Đà Nẵng,"Quyết định, Quy định",Còn hiệu lực,http://dut.udn.vn/Files/admin/files/VanbanPhapquy/12.Quyet%20dinh_2721_QĐ-ĐHĐN_%20BH%20Quy%20che%20Cong%20tac%20SV%20thuoc%20DHDN%20doi%20voi%20CTĐT%20dai%20hoc%20he%20chinh%20quy.PDF,DOWNLOADED
39,0309,"Thanh tra, kiểm tra",Quyết định ban hành quy định về công tác kiểm tra của Bộ Giáo dục và Đào tạo,2692/QĐ-BGDĐT,26/07/2018,26/07/2018,Bộ Giáo dục và Đào tạo,"Quyết định, Quy định",Còn hiệu lực,http://dut.udn.vn/Files/admin/files/VanbanPhapquy/19. QD-BGDDT 2692. Ban hanh quy dinh ve cong tac kiem tra..pdf,DOWNLOADED
39,0092,"Thanh tra, kiểm tra",Luật Tố cáo 25.2018 (hiệu lực từ 01/01/2019),25/2018/QH14,12/06/2018,01/01/2019,Quốc hội,"Luật, Pháp lệnh",Còn hiệu lực,http://dut.udn.vn/Files/admin/files/VanbanPhapquy/Luật Tố cáo 25.2018 (hieu luc tu 01012019).pdf,DOWNLOADED
39,0093,"Công nghệ thông tin, CĐS",Luật 24/2018/QH14 Luật An ninh mạng 2018,24/2018/QH14,12/06/2018,01/01/2019,Quốc hội,"Luật, Pháp lệnh",Còn hiệu lực,http://dut.udn.vn/Files/admin/files/VanbanPhapquy/2022m1_100000000.8251407PBQPPL_CVD_24_2018_QH14_351416.pdf,DOWNLOADED
39,0255,"Công nghệ thông tin, CĐS",Quy định chi tiết một số điều của Luật An ninh mạng,53/2022/NĐ-VP,12/06/2018,01/01/2019,Chính phủ,Nghị định,Còn hiệu lực,http://dut.udn.vn/Files/admin/files/VanbanPhapquy/Nghi dinh so 53_2022_ND-CP_Quy tiet thi hanh mot so dieu cua Luat An ninh mang.pdf,DOWNLOADED
39,0133,Hợp tác quốc tế,"Nghị định 86/2018/NĐ-CP Nghị định quy định về hợp tác, đầu tư của nước ngoài trong lĩnh vực giáo dục",86/2018/NĐ-CP,06/06/2018,01/08/2018,Chính phủ,Nghị định,Còn hiệu lực,http://dut.udn.vn/Files/admin/files/VanbanPhapquy/2022m1_100000000.7852539PBQPPL_CVD_337783.pdf,DOWNLOADED
39,0083,"Tổ chức, hành chính","Ban hành Quy định chức năng, nhiệm vụ của các đơn vị chức năng Trường ĐHBK, ĐHĐN",730/QĐ-ĐHBK,05/06/2018,05/06/2018,Trường Đại học Bách khoa,"Quyết định, Quy định",Còn hiệu lực,http://dut.udn.vn/Files/admin/files/VanbanPhapquy/730 2018 QD BH Quy dinh Chuc nang nhiem vu cua cac don vi chuc nang truc thuoc Truong DHBK.PDF,DOWNLOADED
39,0187,Khoa học Công nghệ,Quyết định 1826/QĐ-ĐHĐN Quy định về quản lý đề tài khoa học và công nghệ cấp ĐHĐN,1826/QĐ-ĐHĐN,31/05/2018,31/05/2018,Đại học Đà Nẵng,"Quyết định, Quy định",Còn hiệu lực,http://dut.udn.vn/Files/admin/files/VanbanPhapquy/2021m7_100000000.06932139DHDN_CVDi_1826-QD_ban_hanh_Quy_dinh_ve_quan_ly_de_tai_KHCN_cap_DHDN.pdf,DOWNLOADED
39,0117,Khoa học Công nghệ,Nghị định 76/2018/NĐ-CP Quy định chi tiết và hướng dẫn thi hành một số điều của Luật chuyển giao công nghệ,76/2018/NĐ-CP,15/05/2018,01/07/2018,Chính phủ,Nghị định,Còn hiệu lực,http://dut.udn.vn/Files/admin/files/VanbanPhapquy/2021m9_100000000.533424PBQPPL_CVD_76.2018.pdf,DOWNLOADED
39,0134,Khoa học Công nghệ,"Nghị định 70/2018/NĐ-CP Quy định việc quản lý, sử dụng tài sản được hình thành thông qua việc triển khai thực hiện nhiệm vụ khoa học và công nghệ sử dụng vốn nhà nước",70/2018/NĐ-CP,15/05/2018,15/05/2018,Chính phủ,Nghị định,Còn hiệu lực,http://dut.udn.vn/Files/admin/files/VanbanPhapquy/2021m9_100000000.9519709PBQPPL_CVD_70.2018.pdf,DOWNLOADED
40,"ID LĨNH VỰC TÊN VĂN BẢN SỐ HIỆU NGÀY BAN HÀNH NGÀY HIỆU LỰC CƠ QUAN BAN HÀNH LOẠI TÌNH TRẠNG TẢI VỀ 0031 Pháp chế Quy định soạn thảo và ban hành văn bản quy phạm nội bộ Trường Đại học Bách khoa, Đại học Đà Nẵng 542/QĐ-ĐHBK 08/05/2018 08/05/2018 Trường Đại học Bách khoa Quyết định, Quy định Còn hiệu lực 0085 Cơ sở vật chất, xây dựng Ban hành Quy định quản lý và sử dụng tài sản công tại ĐHĐN 1425/QĐ-ĐHĐN 26/04/2018 26/04/2018 Đại học Đà Nẵng Quyết định, Quy định Còn hiệu lực 0025 Tổ chức, hành chính Quy trình ban hành văn bản tại Trường Đại học Bách khoa, Đại học Đà Nẵng 447/QĐ-ĐHBK 24/04/2018 24/04/2018 Trường Đại học Bách khoa Quyết định, Quy định Còn hiệu lực 0023 Tổ chức, hành chính Quy trình tiếp nhận và xử lý văn bản đến 448/QĐ-ĐHBK 24/04/2018 24/04/2018 Trường Đại học Bách khoa Quyết định, Quy định Còn hiệu lực 0127 Tổ chức, hành chính Quyết định 1219/QĐ-ĐHĐN Chiến lược phát triển Đại học Đà Nẵng đến năm 2025 và tầm nhìn đến năm 2035 1219/QĐ-ĐHĐN 17/04/2018 17/04/2018 Đại học Đà Nẵng Quyết định, Quy định Còn hiệu lực 0188 Khoa học Công nghệ Quyết định 1214/QĐ-ĐHĐN Quy chế xét tặng Giải thưởng ""Công trình khoa học tiêu biểu của Đại học Đà Nắng"" 1214/QĐ-ĐHĐN 17/04/2018 17/04/2018 Đại học Đà Nẵng Quyết định, Quy định Còn hiệu lực 0189 Khoa học Công nghệ Thông tư 09/2018/TT-BGDĐT Quy định về quản lý chương trình khoa học và công nghệ cấp bộ của Bộ Giáo dục và Đào tạo 09/2018/TT-BGDĐT 30/03/2018 15/05/2018 Bộ Giáo dục và Đào tạo Thông tư Còn hiệu lực 0084 Tổ chức, hành chính Ban hành mẫu logo của Trường ĐHBK, ĐHĐN 334/QĐ-ĐHBK 30/03/2018 30/03/2018 Trường Đại học Bách khoa Quyết định, Quy định Còn hiệu lực 0191 Tổ chức, hành chính Ban hành Quy chế thực hiện công khai đối với cơ sở giáo dục và đào tạo thuộc hệ thống giáo dục quốc dân 36/2017/TT-BGDĐT 28/12/2017 13/02/2018 Bộ Giáo dục và Đào tạo Thông tư Còn hiệu lực 0051 Học liệu, truyền thông Quy chế quản lý, khai thác, sử dụng thông tin, tài liệu tại Trung tâm Học liệu và Truyền thông, Trường Đại học Bách khoa, Đại học Đà Nẵng 905/QĐ-ĐHBK 31/08/2017 31/08/2017 Trường Đại học Bách khoa Quyết định, Quy định Còn hiệu lực",ID,LĨNH VỰC,TÊN VĂN BẢN,SỐ HIỆU,NGÀY BAN HÀNH,NGÀY HIỆU LỰC,CƠ QUAN BAN HÀNH,LOẠI,http://dut.udn.vn/Files/admin/files/VanbanPhapquy/24_TTHL_Quy%20che%20QL%2C%20khai%20thac%2C%20su%20dung%20TT%2C%20TL%20tai%20TTHL%26TT%20Truong%20DHBK-DHDN%20(kem%20QD%20905).PDF,DOWNLOADED
40,ID,LĨNH VỰC,TÊN VĂN BẢN,SỐ HIỆU,NGÀY BAN HÀNH,NGÀY HIỆU LỰC,CƠ QUAN BAN HÀNH,LOẠI,TÌNH TRẠNG,,NO_PDF
40,0031,Pháp chế,"Quy định soạn thảo và ban hành văn bản quy phạm nội bộ Trường Đại học Bách khoa, Đại học Đà Nẵng",542/QĐ-ĐHBK,08/05/2018,08/05/2018,Trường Đại học Bách khoa,"Quyết định, Quy định",Còn hiệu lực,http://dut.udn.vn/Files/admin/files/VanbanPhapquy/32_TTPC_QD542%20BH%20Quy%20dinh%20soan%20thao%20va%20BH%20van%20ban%20quy%20pham%20noi%20bo%20Truong%20DHBK.PDF,DOWNLOADED
40,0085,"Cơ sở vật chất, xây dựng",Ban hành Quy định quản lý và sử dụng tài sản công tại ĐHĐN,1425/QĐ-ĐHĐN,26/04/2018,26/04/2018,Đại học Đà Nẵng,"Quyết định, Quy định",Còn hiệu lực,http://dut.udn.vn/Files/admin/files/VanbanPhapquy/1425 2018 QD BH Quy dinh quan ly va su dung tai san cong tai DHDN.PDF,DOWNLOADED
40,0025,"Tổ chức, hành chính","Quy trình ban hành văn bản tại Trường Đại học Bách khoa, Đại học Đà Nẵng",447/QĐ-ĐHBK,24/04/2018,24/04/2018,Trường Đại học Bách khoa,"Quyết định, Quy định",Còn hiệu lực,http://dut.udn.vn/Files/admin/files/VanbanPhapquy/23_TCHC_QD447-%20BH%20Quy%20trinh%20ban%20hanh%20van%20ban%20tai%20Truong%20DHBK.PDF,DOWNLOADED
40,0023,"Tổ chức, hành chính",Quy trình tiếp nhận và xử lý văn bản đến,448/QĐ-ĐHBK,24/04/2018,24/04/2018,Trường Đại học Bách khoa,"Quyết định, Quy định",Còn hiệu lực,http://dut.udn.vn/Files/admin/files/VanbanPhapquy/21_TCHC_QD%20BH%20Quy%20trinh%20tiep%20nhan%20va%20xu%20ly%20van%20ban%20den.PDF,DOWNLOADED
40,0127,"Tổ chức, hành chính",Quyết định 1219/QĐ-ĐHĐN Chiến lược phát triển Đại học Đà Nẵng đến năm 2025 và tầm nhìn đến năm 2035,1219/QĐ-ĐHĐN,17/04/2018,17/04/2018,Đại học Đà Nẵng,"Quyết định, Quy định",Còn hiệu lực,http://dut.udn.vn/Files/admin/files/VanbanPhapquy/2018m4_100000000.3606166PBQPPL_CVD_Chien_luoc_phat_trien_DHDN.pdf,DOWNLOADED
40,0188,Khoa học Công nghệ,"Quyết định 1214/QĐ-ĐHĐN Quy chế xét tặng Giải thưởng ""Công trình khoa học tiêu biểu của Đại học Đà Nắng""",1214/QĐ-ĐHĐN,17/04/2018,17/04/2018,Đại học Đà Nẵng,"Quyết định, Quy định",Còn hiệu lực,http://dut.udn.vn/Files/admin/files/VanbanPhapquy/2019m2_100000000.7055475DHDN_CVDi_1214.pdf,DOWNLOADED
40,0189,Khoa học Công nghệ,Thông tư 09/2018/TT-BGDĐT Quy định về quản lý chương trình khoa học và công nghệ cấp bộ của Bộ Giáo dục và Đào tạo,09/2018/TT-BGDĐT,30/03/2018,15/05/2018,Bộ Giáo dục và Đào tạo,Thông tư,Còn hiệu lực,,NO_PDF
40,0084,"Tổ chức, hành chính","Ban hành mẫu logo của Trường ĐHBK, ĐHĐN",334/QĐ-ĐHBK,30/03/2018,30/03/2018,Trường Đại học Bách khoa,"Quyết định, Quy định",Còn hiệu lực,http://dut.udn.vn/Files/admin/files/VanbanPhapquy/334 2018 QD ban hanh mau logo cua Truong DHBK-DHDN.PDF,DOWNLOADED
40,0191,"Tổ chức, hành chính",Ban hành Quy chế thực hiện công khai đối với cơ sở giáo dục và đào tạo thuộc hệ thống giáo dục quốc dân,36/2017/TT-BGDĐT,28/12/2017,13/02/2018,Bộ Giáo dục và Đào tạo,Thông tư,Còn hiệu lực,http://dut.udn.vn/Files/admin/files/VanbanPhapquy/2017.12.28_TT36_Quy che cong khai CSGD.pdf,DOWNLOADED
40,0051,"Học liệu, truyền thông","Quy chế quản lý, khai thác, sử dụng thông tin, tài liệu tại Trung tâm Học liệu và Truyền thông, Trường Đại học Bách khoa, Đại học Đà Nẵng",905/QĐ-ĐHBK,31/08/2017,31/08/2017,Trường Đại học Bách khoa,"Quyết định, Quy định",Còn hiệu lực,http://dut.udn.vn/Files/admin/files/VanbanPhapquy/24_TTHL_Quy%20che%20QL%2C%20khai%20thac%2C%20su%20dung%20TT%2C%20TL%20tai%20TTHL%26TT%20Truong%20DHBK-DHDN%20(kem%20QD%20905).PDF,DOWNLOADED
41,"ID LĨNH VỰC TÊN VĂN BẢN SỐ HIỆU NGÀY BAN HÀNH NGÀY HIỆU LỰC CƠ QUAN BAN HÀNH LOẠI TÌNH TRẠNG TẢI VỀ 0118 Thi đua, khen thưởng Quy định chi tiết về thi hành một số điều của luật Thi đua Khen thưởng 91/2017/NĐ-CP 31/07/2017 01/10/2017 Chính phủ Nghị định Hết hiệu lực 01/01/2024 0246 Tổ chức, hành chính Luật 12/2017/QH14 Luật sửa đổi, bổ sung một số điều của Luật hình sự 12/2017/QH14 20/06/2017 01/01/2018 Quốc hội Luật, Pháp lệnh Còn hiệu lực 0311 Khoa học Công nghệ Luật Chuyển giao công nghệ 07/2017/QH14 19/06/2017 01/07/2018 Quốc hội Luật, Pháp lệnh Còn hiệu lực 0126 Đào tạo Quyết định 18/2017/QĐ-TTg Quy định về liên thông giữa trình độ trung cấp, trình độ cao đẳng với trình độ đại học 18/2017/QĐ-TTg 31/05/2017 31/05/2017 Thủ tướng Chính phủ Quyết định, Quy định Còn hiệu lực 0135 Tổ chức, hành chính Nghị định 69/2017/NĐ-CP Quy định chức năng, nhiệm vụ, quyền hạn và cơ cấu tổ chức của Bộ Giáo dục và Đào tạo 69/2017/NĐ-CP 25/05/2017 25/05/2017 Chính phủ Nghị định Hết hiệu lực 01/11/2022 0158 Đảm bảo chất lượng, KĐCL Thông tư 12/2017/TT-BGDÐT Quy định về kiểm định chất lượng cơ sở giáo dục đại học 12/2017/TT-BGDÐT 19/05/2017 04/07/2017 Bộ Giáo dục và Đào tạo Thông tư Còn hiệu lực 0161 Tài chính, kế toán Thông tư 40/2017/TT-BTC Quy định chế độ công tác phí, chế độ chi hội nghị 40/2017/TT-BTC 28/04/2017 01/07/2017 Bộ Tài chính Thông tư Còn hiệu lực 0141 Đào tạo Quyết định 01/2017/QĐ-TTg Danh mục giáo dục, đào tạo của hệ thống giáo dục quốc dân 01/2017/QĐ-TTg 17/01/2017 17/01/2017 Thủ tướng Chính phủ Quyết định, Quy định Còn hiệu lực 0220 Đào tạo Quy định về liêm chính học thuật của Trường Đại học Bách khoa, ĐHĐN 29/QĐ-ĐHBK 09/01/2017 09/01/2017 Trường Đại học Bách khoa Quyết định, Quy định Còn hiệu lực 0299 Thanh tra, kiểm tra Thông tư quy dịnh chương trình bồi dưỡng nghiệp vụ cộng tác viên thanh tra giáo dục 24/2016/TT-BGDĐT 14/11/2016 29/12/2016 Bộ Giáo dục và Đào tạo Thông tư Còn hiệu lực",ID,LĨNH VỰC,TÊN VĂN BẢN,SỐ HIỆU,NGÀY BAN HÀNH,NGÀY HIỆU LỰC,CƠ QUAN BAN HÀNH,LOẠI,http://dut.udn.vn/Files/admin/files/VanbanPhapquy/9. TT so 24_2016_TT-BGDDT_ chuong trinh boi duong cong tac vien thanh tra gd.pdf,DOWNLOADED
41,ID,LĨNH VỰC,TÊN VĂN BẢN,SỐ HIỆU,NGÀY BAN HÀNH,NGÀY HIỆU LỰC,CƠ QUAN BAN HÀNH,LOẠI,TÌNH TRẠNG,,NO_PDF
41,0118,"Thi đua, khen thưởng",Quy định chi tiết về thi hành một số điều của luật Thi đua Khen thưởng,91/2017/NĐ-CP,31/07/2017,01/10/2017,Chính phủ,Nghị định,Hết hiệu lực 01/01/2024,http://dut.udn.vn/Files/admin/files/VanbanPhapquy/2017m8_100000000.533424PBQPPL_CVD_315685.pdf,DOWNLOADED
41,0246,"Tổ chức, hành chính","Luật 12/2017/QH14 Luật sửa đổi, bổ sung một số điều của Luật hình sự",12/2017/QH14,20/06/2017,01/01/2018,Quốc hội,"Luật, Pháp lệnh",Còn hiệu lực,http://dut.udn.vn/Files/admin/files/VanbanPhapquy/2023m5_100000000.533424PBQPPL_CVD_Luat_hinh_su_sua_doi.pdf,DOWNLOADED
41,0311,Khoa học Công nghệ,Luật Chuyển giao công nghệ,07/2017/QH14,19/06/2017,01/07/2018,Quốc hội,"Luật, Pháp lệnh",Còn hiệu lực,http://dut.udn.vn/Files/admin/files/VanbanPhapquy/Luat_chuyen_giao_cong_nghe (vb goc).pdf,DOWNLOADED
41,0126,Đào tạo,"Quyết định 18/2017/QĐ-TTg Quy định về liên thông giữa trình độ trung cấp, trình độ cao đẳng với trình độ đại học",18/2017/QĐ-TTg,31/05/2017,31/05/2017,Thủ tướng Chính phủ,"Quyết định, Quy định",Còn hiệu lực,http://dut.udn.vn/Files/admin/files/VanbanPhapquy/2018m1_100000000.533424PBQPPL_CVD_18_2017_QD-TTg_345538.pdf,DOWNLOADED
41,0135,"Tổ chức, hành chính","Nghị định 69/2017/NĐ-CP Quy định chức năng, nhiệm vụ, quyền hạn và cơ cấu tổ chức của Bộ Giáo dục và Đào tạo",69/2017/NĐ-CP,25/05/2017,25/05/2017,Chính phủ,Nghị định,Hết hiệu lực 01/11/2022,http://dut.udn.vn/Files/admin/files/VanbanPhapquy/2017m5_100000000.533424PBQPPL_CVD_69.signed.pdf,DOWNLOADED
41,0158,"Đảm bảo chất lượng, KĐCL",Thông tư 12/2017/TT-BGDÐT Quy định về kiểm định chất lượng cơ sở giáo dục đại học,12/2017/TT-BGDÐT,19/05/2017,04/07/2017,Bộ Giáo dục và Đào tạo,Thông tư,Còn hiệu lực,,NO_PDF
41,0161,"Tài chính, kế toán","Thông tư 40/2017/TT-BTC Quy định chế độ công tác phí, chế độ chi hội nghị",40/2017/TT-BTC,28/04/2017,01/07/2017,Bộ Tài chính,Thông tư,Còn hiệu lực,,NO_PDF
41,0141,Đào tạo,"Quyết định 01/2017/QĐ-TTg Danh mục giáo dục, đào tạo của hệ thống giáo dục quốc dân",01/2017/QĐ-TTg,17/01/2017,17/01/2017,Thủ tướng Chính phủ,"Quyết định, Quy định",Còn hiệu lực,http://dut.udn.vn/Files/admin/files/VanbanPhapquy/2017m2_100000000.5551202PBQPPL_CVD_01.signed_05.pdf,DOWNLOADED
41,0220,Đào tạo,"Quy định về liêm chính học thuật của Trường Đại học Bách khoa, ĐHĐN",29/QĐ-ĐHBK,09/01/2017,09/01/2017,Trường Đại học Bách khoa,"Quyết định, Quy định",Còn hiệu lực,http://dut.udn.vn/Files/admin/files/VanbanPhapquy/Quy dinh ve Liem chinh hoc thuat cuaTruong DHBK.pdf,DOWNLOADED
41,0299,"Thanh tra, kiểm tra",Thông tư quy dịnh chương trình bồi dưỡng nghiệp vụ cộng tác viên thanh tra giáo dục,24/2016/TT-BGDĐT,14/11/2016,29/12/2016,Bộ Giáo dục và Đào tạo,Thông tư,Còn hiệu lực,http://dut.udn.vn/Files/admin/files/VanbanPhapquy/9. TT so 24_2016_TT-BGDDT_ chuong trinh boi duong cong tac vien thanh tra gd.pdf,DOWNLOADED
42,"ID LĨNH VỰC TÊN VĂN BẢN SỐ HIỆU NGÀY BAN HÀNH NGÀY HIỆU LỰC CƠ QUAN BAN HÀNH LOẠI TÌNH TRẠNG TẢI VỀ 0264 Đào tạo Phê duyệt Khung trình độ quốc gia Việt Nam 1982/QĐ-TTg 18/10/2016 18/10/2016 Thủ tướng Chính phủ Quyết định, Quy định Còn hiệu lực 0165 Thanh tra, kiểm tra Thông tư 23/2016/TT-BGDĐT Quy định về tổ chức và hoạt động thanh tra các kỳ thi 23/2016/TT-BGDĐT 13/10/2016 28/11/2016 Bộ Giáo dục và Đào tạo Thông tư Còn hiệu lực 0329 Thanh tra, kiểm tra Thông tư số 23/2016/TT-BGD&ĐT ngày 13/10/2016 Quy định về tổ chức và hoạt động thanh tra các kỳ thi 23/2016/TT-BGD&ĐT 13/10/2016 13/10/2016 Bộ Giáo dục và Đào tạo Thông tư Còn hiệu lực 0014 Công tác sinh viên Ban hành Hướng dẫn thực hiện Quy chế đánh giá kết quả rèn luyện của người học được đào tạo trình độ đại học hệ chính quy ban hành theo Thông tư số 16/2015/TT-BGDĐT tại các cơ sở giáo dục đại học thành viên, đơn vị trực thuộc Đại học Đà Nẵng 3758/QĐ-ĐHĐN 29/06/2016 29/06/2016 Đại học Đà Nẵng Quyết định, Quy định Còn hiệu lực 0030 Thanh tra, kiểm tra Quy trình thanh tra công tác giảng dạy và tổ chức thi cuối kỳ của Trường Đại học Bách khoa, Đại học Đà Nẵng 199/QĐ-ĐHBK 24/05/2016 24/05/2016 Trường Đại học Bách khoa Quyết định, Quy định Còn hiệu lực 0028 Thanh tra, kiểm tra Quy định tiếp công dân, giải quyết khiếu nại, giải quyết tố cáo của Trường Đại học Bách khoa, Đại học Đà Nẵng 175/QĐ-ĐHBK 18/05/2016 18/05/2016 Trường Đại học Bách khoa Quyết định, Quy định Còn hiệu lực 0029 Thanh tra, kiểm tra Nội quy tiếp công dân của Trường Đại học Bách khoa, Đại học Đà Nẵng 176/QĐ-ĐHBK 18/05/2016 18/05/2016 Trường Đại học Bách khoa Quyết định, Quy định Còn hiệu lực 0007 Công tác sinh viên Đính chính Thông tư số 10/2016/TT-BGDĐT ngày 05 tháng 4 năm 2016 của Bộ trưởng Bộ Giáo dục và Đào tạo ban hành Quy chế Công tác sinh viên đối với chương trình đào tạo hệ chính quy 1325/QĐ-BGDĐT 25/04/2016 25/04/2016 Bộ Giáo dục và Đào tạo Quyết định, Quy định Còn hiệu lực 0164 Khoa học Công nghệ Thông tư 11/2016/TT-BGDĐT Quy định về quản lý đề tài khoa học và công nghệ cấp bộ 11/2016/TT-BGDĐT 11/04/2016 27/05/2016 Bộ Giáo dục và Đào tạo Thông tư Còn hiệu lực 0005 Công tác sinh viên Quy chế Công tác sinh viên đối với chương trình đào tạo hệ chính quy 10/2016/TT-BGDĐT 05/04/2016 23/05/2016 Bộ Giáo dục và Đào tạo Thông tư Còn hiệu lực",ID,LĨNH VỰC,TÊN VĂN BẢN,SỐ HIỆU,NGÀY BAN HÀNH,NGÀY HIỆU LỰC,CƠ QUAN BAN HÀNH,LOẠI,http://dut.udn.vn/Files/admin/files/VanbanPhapquy/5.Thong%20tu_10_2016_TT-BGDĐT_Quy%20che%20CTSV%20đoi%20voi%20CTĐT%20he%20chinh%20quy.pdf,DOWNLOADED
42,ID,LĨNH VỰC,TÊN VĂN BẢN,SỐ HIỆU,NGÀY BAN HÀNH,NGÀY HIỆU LỰC,CƠ QUAN BAN HÀNH,LOẠI,TÌNH TRẠNG,,NO_PDF
42,0264,Đào tạo,Phê duyệt Khung trình độ quốc gia Việt Nam,1982/QĐ-TTg,18/10/2016,18/10/2016,Thủ tướng Chính phủ,"Quyết định, Quy định",Còn hiệu lực,http://dut.udn.vn/Files/admin/files/VanbanPhapquy/1982-Khung trinh do quoc gia.signed.pdf,DOWNLOADED
42,0165,"Thanh tra, kiểm tra",Thông tư 23/2016/TT-BGDĐT Quy định về tổ chức và hoạt động thanh tra các kỳ thi,23/2016/TT-BGDĐT,13/10/2016,28/11/2016,Bộ Giáo dục và Đào tạo,Thông tư,Còn hiệu lực,http://dut.udn.vn/Files/admin/files/VanbanPhapquy/2017m2_100000000.6446902PBQPPL_CVD_23_2016_TT-BGDDT_326072.pdf,DOWNLOADED
42,0329,"Thanh tra, kiểm tra",Thông tư số 23/2016/TT-BGD&ĐT ngày 13/10/2016 Quy định về tổ chức và hoạt động thanh tra các kỳ thi,23/2016/TT-BGD&ĐT,13/10/2016,13/10/2016,Bộ Giáo dục và Đào tạo,Thông tư,Còn hiệu lực,http://dut.udn.vn/Files/admin/files/VanbanPhapquy/19. TT so 23_2016.Thông tư quy định về việc tổ chức và hoạt động thanh tra các kỳ thi.pdf,DOWNLOADED
42,0014,Công tác sinh viên,"Ban hành Hướng dẫn thực hiện Quy chế đánh giá kết quả rèn luyện của người học được đào tạo trình độ đại học hệ chính quy ban hành theo Thông tư số 16/2015/TT-BGDĐT tại các cơ sở giáo dục đại học thành viên, đơn vị trực thuộc Đại học Đà Nẵng",3758/QĐ-ĐHĐN,29/06/2016,29/06/2016,Đại học Đà Nẵng,"Quyết định, Quy định",Còn hiệu lực,http://dut.udn.vn/Files/admin/files/VanbanPhapquy/14.Quyet%20dinh_3758_QĐ-ĐHĐN_Huong%20dan%20thuc%20hien%20Quy%20che%20danh%20gia%20ket%20qua%20ren%20luyen%20cua%20nguoi%20hoc.pdf,DOWNLOADED
42,0030,"Thanh tra, kiểm tra","Quy trình thanh tra công tác giảng dạy và tổ chức thi cuối kỳ của Trường Đại học Bách khoa, Đại học Đà Nẵng",199/QĐ-ĐHBK,24/05/2016,24/05/2016,Trường Đại học Bách khoa,"Quyết định, Quy định",Còn hiệu lực,http://dut.udn.vn/Files/admin/files/VanbanPhapquy/31_TTPC_QD199_%20BH%20Quy%20trinh%20thanh%20tra%20cong%20tac%20GD%20va%20TC%20thi%20cuoi%20ky%20cua%20Truong%20DHBK%20-%20DHDN.pdf,DOWNLOADED
42,0028,"Thanh tra, kiểm tra","Quy định tiếp công dân, giải quyết khiếu nại, giải quyết tố cáo của Trường Đại học Bách khoa, Đại học Đà Nẵng",175/QĐ-ĐHBK,18/05/2016,18/05/2016,Trường Đại học Bách khoa,"Quyết định, Quy định",Còn hiệu lực,http://dut.udn.vn/Files/admin/files/VanbanPhapquy/29_TTPC_QD175_%20Quy%20dịnh%20tiep%20cong%20dan%2C%20giai%20quyet%20khieu%20nai%2C%20giai%20quyet%20to%20cao..DHBK-DHDN.pdf,DOWNLOADED
42,0029,"Thanh tra, kiểm tra","Nội quy tiếp công dân của Trường Đại học Bách khoa, Đại học Đà Nẵng",176/QĐ-ĐHBK,18/05/2016,18/05/2016,Trường Đại học Bách khoa,"Quyết định, Quy định",Còn hiệu lực,http://dut.udn.vn/Files/admin/files/VanbanPhapquy/30_TTPC_QD176_Noi%20quy%20tiep%20cong%20dan%20cua%20DHBK.pdf,DOWNLOADED
42,0007,Công tác sinh viên,Đính chính Thông tư số 10/2016/TT-BGDĐT ngày 05 tháng 4 năm 2016 của Bộ trưởng Bộ Giáo dục và Đào tạo ban hành Quy chế Công tác sinh viên đối với chương trình đào tạo hệ chính quy,1325/QĐ-BGDĐT,25/04/2016,25/04/2016,Bộ Giáo dục và Đào tạo,"Quyết định, Quy định",Còn hiệu lực,http://dut.udn.vn/Files/admin/files/VanbanPhapquy/7.%20Quyet%20dinh_1325_QD-BGDĐT_Dieu%20chinh_ban%20hanh%20quy%20che%20CTSV%20doi%20voi%20CTĐT%20he%20chinh%20quy.pdf,DOWNLOADED
42,0164,Khoa học Công nghệ,Thông tư 11/2016/TT-BGDĐT Quy định về quản lý đề tài khoa học và công nghệ cấp bộ,11/2016/TT-BGDĐT,11/04/2016,27/05/2016,Bộ Giáo dục và Đào tạo,Thông tư,Còn hiệu lực,http://dut.udn.vn/Files/admin/files/VanbanPhapquy/2016m12_100000000.796442PBQPPL_CVD_11_2016_TT-BGDDT_309472.pdf,DOWNLOADED
42,0005,Công tác sinh viên,Quy chế Công tác sinh viên đối với chương trình đào tạo hệ chính quy,10/2016/TT-BGDĐT,05/04/2016,23/05/2016,Bộ Giáo dục và Đào tạo,Thông tư,Còn hiệu lực,http://dut.udn.vn/Files/admin/files/VanbanPhapquy/5.Thong%20tu_10_2016_TT-BGDĐT_Quy%20che%20CTSV%20đoi%20voi%20CTĐT%20he%20chinh%20quy.pdf,DOWNLOADED
43,"ID LĨNH VỰC TÊN VĂN BẢN SỐ HIỆU NGÀY BAN HÀNH NGÀY HIỆU LỰC CƠ QUAN BAN HÀNH LOẠI TÌNH TRẠNG TẢI VỀ 0011 Công tác sinh viên Thông tư liên tịch hướng dẫn thực hiện một số điều của Nghị định số 86/2015/NĐ-CP ngày 02/10/2015 của Chính phủ quy định về cơ chế thu, quản lý học phí đối với cơ sở giáo dục thuộc hệ thống giáo dục quốc dân và chính sách miễn, giảm học phí, hỗ trợ chi phí học tập từ năm học 2015-2016 đến năm học 2020-2021.D7 09/2016/TTLT-BGDĐT-BTC-BLĐTBXH 30/03/2016 16/05/2016 Bộ Thông tin và Truyền thông Thông tư Hết hiệu lực 15/02/2022 0216 Đảm bảo chất lượng, KĐCL Tiêu chuẩn đánh giá chất lượng chương trình đào tạo các trình độ của giáo dục đại học 04/2016/TT-BGDĐT 14/03/2016 29/04/2016 Bộ Giáo dục và Đào tạo Thông tư Còn hiệu lực 0060 Tổ chức, hành chính Quy chế tổ chức và hoạt động của Hội đồng Trường Đại học Bách khoa, Đại học Đà Nẵng nhiệm kỳ 2020-2025 487/QĐ-ĐHBK 23/12/2015 23/12/2015 Trường Đại học Bách khoa Quyết định, Quy định Còn hiệu lực 0245 Tổ chức, hành chính Luật 100/2015/QH13 Bộ Luật Hình sự 100/2015/QH13 27/11/2015 01/01/2018 Quốc hội Luật, Pháp lệnh Còn hiệu lực 0244 Công nghệ thông tin, CĐS Luật 86/2015/QH13 Luật an toàn thông tin mạng 2015 86/2015/QH13 19/11/2015 01/07/2016 Quốc hội Luật, Pháp lệnh Còn hiệu lực 0081 Tổ chức, hành chính Ban hành Quy chế nâng bậc lương trước thời hạn do lập thành tích xuất sắc trong thực hiện nhiệm vụ đối với CBVC Trường ĐHBK, ĐHĐN 389/QĐ-ĐHBK 20/10/2015 20/10/2015 Trường Đại học Bách khoa Quyết định, Quy định Còn hiệu lực 0010 Công tác sinh viên Ban hành Quy chế đánh giá kết quả rèn luyện của người học được đào tạo trình độ đại học hệ chính quy 16/2015/TT-BGDĐT 12/08/2015 28/09/2015 Bộ Giáo dục và Đào tạo Thông tư Còn hiệu lực 0094 Tổ chức, hành chính Luật 80/2015/QH13 Luật ban hành văn bản quy phạm pháp luật 2015 80/2015/QH13 22/06/2015 01/07/2016 Quốc hội Luật, Pháp lệnh Còn hiệu lực 0280 Pháp chế Luật ban hành văn bản quy phạm pháp luật 2015 80/2015/QH13 22/06/2015 01/07/2016 Quốc hội Luật, Pháp lệnh Còn hiệu lực 0095 Công tác sinh viên Luật 78/2015/QH13 Luật nghĩa vụ quân sự 78/2015/QH13 19/06/2015 01/01/2016 Quốc hội Luật, Pháp lệnh Còn hiệu lực",ID,LĨNH VỰC,TÊN VĂN BẢN,SỐ HIỆU,NGÀY BAN HÀNH,NGÀY HIỆU LỰC,CƠ QUAN BAN HÀNH,LOẠI,http://dut.udn.vn/Files/admin/files/VanbanPhapquy/2022m1_100000000.533424PBQPPL_CVD_Luat_NVQS.pdf,DOWNLOADED
43,ID,LĨNH VỰC,TÊN VĂN BẢN,SỐ HIỆU,NGÀY BAN HÀNH,NGÀY HIỆU LỰC,CƠ QUAN BAN HÀNH,LOẠI,TÌNH TRẠNG,,NO_PDF
43,0011,Công tác sinh viên,"Thông tư liên tịch hướng dẫn thực hiện một số điều của Nghị định số 86/2015/NĐ-CP ngày 02/10/2015 của Chính phủ quy định về cơ chế thu, quản lý học phí đối với cơ sở giáo dục thuộc hệ thống giáo dục quốc dân và chính sách miễn, giảm học phí, hỗ trợ chi phí học tập từ năm học 2015-2016 đến năm học 2020-2021.D7",09/2016/TTLT-BGDĐT-BTC-BLĐTBXH,30/03/2016,16/05/2016,Bộ Thông tin và Truyền thông,Thông tư,Hết hiệu lực 15/02/2022,http://dut.udn.vn/Files/admin/files/VanbanPhapquy/11.TTLT_09_2016_TTLT-BGDĐT-BTC-BLĐTBXH_Quy%20dinh%20ve%20co%20che%20thu_quan%20li%20học%20phi.pdf,DOWNLOADED
43,0216,"Đảm bảo chất lượng, KĐCL",Tiêu chuẩn đánh giá chất lượng chương trình đào tạo các trình độ của giáo dục đại học,04/2016/TT-BGDĐT,14/03/2016,29/04/2016,Bộ Giáo dục và Đào tạo,Thông tư,Còn hiệu lực,http://dut.udn.vn/Files/admin/files/VanbanPhapquy/04_2016_TT-BGDDT_293968 (1).pdf,DOWNLOADED
43,0060,"Tổ chức, hành chính","Quy chế tổ chức và hoạt động của Hội đồng Trường Đại học Bách khoa, Đại học Đà Nẵng nhiệm kỳ 2020-2025",487/QĐ-ĐHBK,23/12/2015,23/12/2015,Trường Đại học Bách khoa,"Quyết định, Quy định",Còn hiệu lực,"http://dut.udn.vn/Files/admin/files/VanbanPhapquy/41. QD Ban hanh Quy che hoat dong cua Hoi dong truong Truong DHBK,DHDN_ (1).pdf",DOWNLOADED
43,0245,"Tổ chức, hành chính",Luật 100/2015/QH13 Bộ Luật Hình sự,100/2015/QH13,27/11/2015,01/01/2018,Quốc hội,"Luật, Pháp lệnh",Còn hiệu lực,http://dut.udn.vn/Files/admin/files/VanbanPhapquy/2023m5_100000000.533424PBQPPL_CVD_Luat_hinh_su.pdf,DOWNLOADED
43,0244,"Công nghệ thông tin, CĐS",Luật 86/2015/QH13 Luật an toàn thông tin mạng 2015,86/2015/QH13,19/11/2015,01/07/2016,Quốc hội,"Luật, Pháp lệnh",Còn hiệu lực,http://dut.udn.vn/Files/admin/files/VanbanPhapquy/2022m1_100000000.463003PBQPPL_CVD_298365.pdf,DOWNLOADED
43,0081,"Tổ chức, hành chính","Ban hành Quy chế nâng bậc lương trước thời hạn do lập thành tích xuất sắc trong thực hiện nhiệm vụ đối với CBVC Trường ĐHBK, ĐHĐN",389/QĐ-ĐHBK,20/10/2015,20/10/2015,Trường Đại học Bách khoa,"Quyết định, Quy định",Còn hiệu lực,http://dut.udn.vn/Files/admin/files/VanbanPhapquy/389 2015 DHBK_QD ban hanh Quy che nang bac luong truoc thoi han.pdf,DOWNLOADED
43,0010,Công tác sinh viên,Ban hành Quy chế đánh giá kết quả rèn luyện của người học được đào tạo trình độ đại học hệ chính quy,16/2015/TT-BGDĐT,12/08/2015,28/09/2015,Bộ Giáo dục và Đào tạo,Thông tư,Còn hiệu lực,http://dut.udn.vn/Files/admin/files/VanbanPhapquy/10.Thong%20tu_16_2015_TT-BGDĐT_Ban%20hanh%20quy%20che%20danh%20gia%20ket%20qua%20ren%20luyen%20của%20nguoi%20hoc.pdf,DOWNLOADED
43,0094,"Tổ chức, hành chính",Luật 80/2015/QH13 Luật ban hành văn bản quy phạm pháp luật 2015,80/2015/QH13,22/06/2015,01/07/2016,Quốc hội,"Luật, Pháp lệnh",Còn hiệu lực,http://dut.udn.vn/Files/admin/files/VanbanPhapquy/2016m12_100000000.3692942PBQPPL_CVD_80_2015_QH13_282382.pdf,DOWNLOADED
43,0280,Pháp chế,Luật ban hành văn bản quy phạm pháp luật 2015,80/2015/QH13,22/06/2015,01/07/2016,Quốc hội,"Luật, Pháp lệnh",Còn hiệu lực,http://dut.udn.vn/Files/admin/files/VanbanPhapquy/2. Luat so 80_2015_QH13. Luat ban hành van ban quy phạm phap luat 2015.pdf,DOWNLOADED
43,0095,Công tác sinh viên,Luật 78/2015/QH13 Luật nghĩa vụ quân sự,78/2015/QH13,19/06/2015,01/01/2016,Quốc hội,"Luật, Pháp lệnh",Còn hiệu lực,http://dut.udn.vn/Files/admin/files/VanbanPhapquy/2022m1_100000000.533424PBQPPL_CVD_Luat_NVQS.pdf,DOWNLOADED
44,"ID LĨNH VỰC TÊN VĂN BẢN SỐ HIỆU NGÀY BAN HÀNH NGÀY HIỆU LỰC CƠ QUAN BAN HÀNH LOẠI TÌNH TRẠNG TẢI VỀ 0136 Cơ sở vật chất, xây dựng Nghị định 37/2015/NĐ-CP Hướng dẫn về hợp đồng xây dựng 37/2015/NĐ-CP 22/04/2015 15/06/2015 Chính phủ Nghị định Còn hiệu lực 0119 Tổ chức, hành chính Nghị định 27/2015/NĐ-CP Quy định về xét tặng danh hiệu 'Nhà giáo Nhân dân', 'Nhà giáo Ưu tú' 27/2015/NĐ-CP 10/03/2015 25/04/2015 Chính phủ Nghị định Hết hiệu lực 24/05/2024 0009 Công tác sinh viên Về học bổng khuyến khích học tập đới với học sinh, sinh viên trong các trường chuyên, trường năng khiếu, các cơ sở giáo dục đại học và trung cấp chuyên nghiệp thuộc hệ thống giáo dục quốc dân 28/VBHN-BGDĐT 31/12/2014 31/12/2014 Bộ Giáo dục và Đào tạo Quyết định, Quy định Còn hiệu lực 0368 Khoa học Công nghệ Phê duyệt Danh mục công nghệ cao được ưu tiên đầu tư phát triển và Danh mục sản phẩm công nghệ cao được khuyến khích phát triển 66/2014/QĐ-TTg 25/11/2014 15/01/2015 Thủ tướng Chính phủ Quyết định, Quy định Còn hiệu lực 0096 Tổ chức, hành chính Luật 58/2014/QH13 Luật Bảo hiểm xã hội 2014 58/2014/QH13 20/11/2014 01/01/2016 Quốc hội Luật, Pháp lệnh Còn hiệu lực 0217 Đảm bảo chất lượng, KĐCL Quy định về tiêu chuẩn đánh giá chất lượng chương trình đào tạo điều dưỡng trình độ ĐH CĐ 33/2014/TT-BGDĐT 02/10/2014 18/11/2014 Bộ Giáo dục và Đào tạo Thông tư Còn hiệu lực 0352 Pháp chế Công văn số 3878/BGDĐT-PC Hướng dẫn tổ chức làm công tác pháp chế trong các cơ sở giáo dục đại học 3878/BGDĐT-PC 24/07/2014 24/07/2014 Bộ Giáo dục và Đào tạo Công văn Còn hiệu lực 0137 Thanh tra, kiểm tra Nghị định 64/2014/NĐ-CP Quy định chi tiết thi hành một số điều của Luật tiếp công dân 64/2014/NĐ-CP 26/06/2014 15/08/2014 Chính phủ Nghị định Còn hiệu lực 0097 Cơ sở vật chất, xây dựng Luật 49/2014/QH13 Luật Đầu tư công 2014 49/2014/QH13 18/06/2014 01/01/2015 Quốc hội Luật, Pháp lệnh Hết hiệu lực 01/01/2020 0298 Thanh tra, kiểm tra Thông tư quy định việc xây dựng, phê duyệt định hướng chương trình thanh tra, kế hoạch thanh tra 01/2014/TT-TTCP 23/04/2014 01/07/2014 Thanh tra chính phủ Thông tư Còn hiệu lực",ID,LĨNH VỰC,TÊN VĂN BẢN,SỐ HIỆU,NGÀY BAN HÀNH,NGÀY HIỆU LỰC,CƠ QUAN BAN HÀNH,LOẠI,"http://dut.udn.vn/Files/admin/files/VanbanPhapquy/8. TT so 01_2014_TT-TTCP_dinh huong chuong trinh thanh tra, ke hoach thanh tra.pdf",DOWNLOADED
44,ID,LĨNH VỰC,TÊN VĂN BẢN,SỐ HIỆU,NGÀY BAN HÀNH,NGÀY HIỆU LỰC,CƠ QUAN BAN HÀNH,LOẠI,TÌNH TRẠNG,,NO_PDF
44,0136,"Cơ sở vật chất, xây dựng",Nghị định 37/2015/NĐ-CP Hướng dẫn về hợp đồng xây dựng,37/2015/NĐ-CP,22/04/2015,15/06/2015,Chính phủ,Nghị định,Còn hiệu lực,http://dut.udn.vn/Files/admin/files/VanbanPhapquy/2016m11_100000000.594191PBQPPL_CVD_18._37_2015_ND-CP_272352.pdf,DOWNLOADED
44,0119,"Tổ chức, hành chính","Nghị định 27/2015/NĐ-CP Quy định về xét tặng danh hiệu 'Nhà giáo Nhân dân', 'Nhà giáo Ưu tú'",27/2015/NĐ-CP,10/03/2015,25/04/2015,Chính phủ,Nghị định,Hết hiệu lực 24/05/2024,http://dut.udn.vn/Files/admin/files/VanbanPhapquy/2016m12_100000000.7913523PBQPPL_CVD_27_2015_ND-CP_267983.pdf,DOWNLOADED
44,0009,Công tác sinh viên,"Về học bổng khuyến khích học tập đới với học sinh, sinh viên trong các trường chuyên, trường năng khiếu, các cơ sở giáo dục đại học và trung cấp chuyên nghiệp thuộc hệ thống giáo dục quốc dân",28/VBHN-BGDĐT,31/12/2014,31/12/2014,Bộ Giáo dục và Đào tạo,"Quyết định, Quy định",Còn hiệu lực,http://dut.udn.vn/Files/admin/files/VanbanPhapquy/9.VBHN_28_VBHN-BGDĐT_Ve%20hoc%20bong%20khuyen%20khich%20hoc%20tap.pdf,DOWNLOADED
44,0368,Khoa học Công nghệ,Phê duyệt Danh mục công nghệ cao được ưu tiên đầu tư phát triển và Danh mục sản phẩm công nghệ cao được khuyến khích phát triển,66/2014/QĐ-TTg,25/11/2014,15/01/2015,Thủ tướng Chính phủ,"Quyết định, Quy định",Còn hiệu lực,http://dut.udn.vn/Files/admin/files/VanbanPhapquy/66-2014.signed.pdf,DOWNLOADED
44,0096,"Tổ chức, hành chính",Luật 58/2014/QH13 Luật Bảo hiểm xã hội 2014,58/2014/QH13,20/11/2014,01/01/2016,Quốc hội,"Luật, Pháp lệnh",Còn hiệu lực,http://dut.udn.vn/Files/admin/files/VanbanPhapquy/2022m1_100000000.7076466PBQPPL_CVD_259700.pdf,DOWNLOADED
44,0217,"Đảm bảo chất lượng, KĐCL",Quy định về tiêu chuẩn đánh giá chất lượng chương trình đào tạo điều dưỡng trình độ ĐH CĐ,33/2014/TT-BGDĐT,02/10/2014,18/11/2014,Bộ Giáo dục và Đào tạo,Thông tư,Còn hiệu lực,http://dut.udn.vn/Files/admin/files/VanbanPhapquy/33_2014_TT-BGDDT_251587.pdf,DOWNLOADED
44,0352,Pháp chế,Công văn số 3878/BGDĐT-PC Hướng dẫn tổ chức làm công tác pháp chế trong các cơ sở giáo dục đại học,3878/BGDĐT-PC,24/07/2014,24/07/2014,Bộ Giáo dục và Đào tạo,Công văn,Còn hiệu lực,,NO_PDF
44,0137,"Thanh tra, kiểm tra",Nghị định 64/2014/NĐ-CP Quy định chi tiết thi hành một số điều của Luật tiếp công dân,64/2014/NĐ-CP,26/06/2014,15/08/2014,Chính phủ,Nghị định,Còn hiệu lực,http://dut.udn.vn/Files/admin/files/VanbanPhapquy/2016m12_100000000.3006372PBQPPL_CVD_6._64_2014_ND-CP_237609.pdf,DOWNLOADED
44,0097,"Cơ sở vật chất, xây dựng",Luật 49/2014/QH13 Luật Đầu tư công 2014,49/2014/QH13,18/06/2014,01/01/2015,Quốc hội,"Luật, Pháp lệnh",Hết hiệu lực 01/01/2020,http://dut.udn.vn/Files/admin/files/VanbanPhapquy/2016m11_100000000.219155PBQPPL_CVD_3._49_2014_QH13_238646.pdf,DOWNLOADED
44,0298,"Thanh tra, kiểm tra","Thông tư quy định việc xây dựng, phê duyệt định hướng chương trình thanh tra, kế hoạch thanh tra",01/2014/TT-TTCP,23/04/2014,01/07/2014,Thanh tra chính phủ,Thông tư,Còn hiệu lực,"http://dut.udn.vn/Files/admin/files/VanbanPhapquy/8. TT so 01_2014_TT-TTCP_dinh huong chuong trinh thanh tra, ke hoach thanh tra.pdf",DOWNLOADED
45,"ID LĨNH VỰC TÊN VĂN BẢN SỐ HIỆU NGÀY BAN HÀNH NGÀY HIỆU LỰC CƠ QUAN BAN HÀNH LOẠI TÌNH TRẠNG TẢI VỀ 0153 Công nghệ thông tin, CĐS Thông tư 03/2014/TT-BTTTT Quy định chuẩn kỹ năng sử dụng công nghệ thông tin 03/2014/TT-BTTTT 11/03/2014 28/04/2014 Bộ Thông tin và Truyền thông Thông tư Còn hiệu lực 0120 Khoa học Công nghệ Nghị định 08/2014/NĐ-CP Hướng dẫn Luật Khoa học và Công nghệ 08/2014/NĐ-CP 27/01/2014 15/03/2014 Chính phủ Nghị định Còn hiệu lực 0327 Thanh tra, kiểm tra Thông tư số 39/2013/TT-TTCP ngày 04/12/2013 Hướng dẫn về thanh tra chuyên ngành trong lĩnh vực giáo dục 39/2013/TT-TTCP 04/12/2013 04/12/2013 Bộ Giáo dục và Đào tạo Thông tư Còn hiệu lực 0105 Tổ chức, hành chính Hiến pháp 2013 Hiếnpháp2013 28/11/2013 01/01/2014 Quốc hội Hiến pháp Còn hiệu lực 0098 Thanh tra, kiểm tra Luật 42/2013/QH13 Luật Tiếp công dân năm 2013 42/2013/QH13 25/11/2013 01/07/2014 Quốc hội Luật, Pháp lệnh Còn hiệu lực 0130 Thi đua, khen thưởng Luật 39/2013/QH13 Luật Sửa đổi, bổ sung một số điều của Luật Thi đua, khen thưởng năm 2013 39/2013/QH13 16/11/2013 01/06/2014 Quốc hội Luật, Pháp lệnh Hết hiệu lực 01/01/2024 0196 Thi đua, khen thưởng Luật sửa đổi bổ sung một số điều của Luật thi đua khen thưởng ngày 16/11/2013 47/2005/QH11 16/11/2013 01/06/2014 Quốc hội Luật, Pháp lệnh Hết hiệu lực 01/01/2024 0138 Cơ sở vật chất, xây dựng Nghị định 89/2013/NĐ-CP Quy định chi tiết thi hành một số điều của Luật Giá về thẩm định giá 89/2013/NĐ-CP 06/08/2013 25/09/2013 Chính phủ Nghị định Còn hiệu lực 0121 Thanh tra, kiểm tra Nghị định 42/2013/NĐ-CP Tổ chức và hoạt động thanh tra giáo dục 42/2013/NĐ-CP 09/05/2013 01/07/2013 Chính phủ Nghị định Hết hiệu lực 01/03/2024 0122 Pháp chế Nghị định 28/2013/NĐ-CP Hướng dẫn Luật phổ biến, giáo dục pháp luật 28/2013/NĐ-CP 04/04/2013 27/05/2013 Chính phủ Nghị định Còn hiệu lực",ID,LĨNH VỰC,TÊN VĂN BẢN,SỐ HIỆU,NGÀY BAN HÀNH,NGÀY HIỆU LỰC,CƠ QUAN BAN HÀNH,LOẠI,http://dut.udn.vn/Files/admin/files/VanbanPhapquy/2016m12_100000000.2156338PBQPPL_CVD_28_2013_ND-CP_180452.pdf,DOWNLOADED
45,ID,LĨNH VỰC,TÊN VĂN BẢN,SỐ HIỆU,NGÀY BAN HÀNH,NGÀY HIỆU LỰC,CƠ QUAN BAN HÀNH,LOẠI,TÌNH TRẠNG,,NO_PDF
45,0153,"Công nghệ thông tin, CĐS",Thông tư 03/2014/TT-BTTTT Quy định chuẩn kỹ năng sử dụng công nghệ thông tin,03/2014/TT-BTTTT,11/03/2014,28/04/2014,Bộ Thông tin và Truyền thông,Thông tư,Còn hiệu lực,http://dut.udn.vn/Files/admin/files/VanbanPhapquy/2016m12_100000000.2173845PBQPPL_CVD_2._03_2014_TT-BTTTT_223113.pdf,DOWNLOADED
45,0120,Khoa học Công nghệ,Nghị định 08/2014/NĐ-CP Hướng dẫn Luật Khoa học và Công nghệ,08/2014/NĐ-CP,27/01/2014,15/03/2014,Chính phủ,Nghị định,Còn hiệu lực,http://dut.udn.vn/Files/admin/files/VanbanPhapquy/2016m12_100000000.533424PBQPPL_CVD_220224.pdf,DOWNLOADED
45,0327,"Thanh tra, kiểm tra",Thông tư số 39/2013/TT-TTCP ngày 04/12/2013 Hướng dẫn về thanh tra chuyên ngành trong lĩnh vực giáo dục,39/2013/TT-TTCP,04/12/2013,04/12/2013,Bộ Giáo dục và Đào tạo,Thông tư,Còn hiệu lực,http://dut.udn.vn/Files/admin/files/VanbanPhapquy/17. TT so 39_2013.Thông tư Hướng dẫn về thanh tra chuyên ngành trong lĩnh vực giáo dục.pdf,DOWNLOADED
45,0105,"Tổ chức, hành chính",Hiến pháp 2013,Hiếnpháp2013,28/11/2013,01/01/2014,Quốc hội,Hiến pháp,Còn hiệu lực,http://dut.udn.vn/Files/admin/files/VanbanPhapquy/2016m12_100000000.8624247PBQPPL_CVD_215627.pdf,DOWNLOADED
45,0098,"Thanh tra, kiểm tra",Luật 42/2013/QH13 Luật Tiếp công dân năm 2013,42/2013/QH13,25/11/2013,01/07/2014,Quốc hội,"Luật, Pháp lệnh",Còn hiệu lực,http://dut.udn.vn/Files/admin/files/VanbanPhapquy/2016m12_100000000.9227351PBQPPL_CVD_3._42_2013_QH13_215839.pdf,DOWNLOADED
45,0130,"Thi đua, khen thưởng","Luật 39/2013/QH13 Luật Sửa đổi, bổ sung một số điều của Luật Thi đua, khen thưởng năm 2013",39/2013/QH13,16/11/2013,01/06/2014,Quốc hội,"Luật, Pháp lệnh",Hết hiệu lực 01/01/2024,http://dut.udn.vn/Files/admin/files/VanbanPhapquy/2016m11_100000000.3633487PBQPPL_CVD_3__39_2013_QH13_215903.pdf,DOWNLOADED
45,0196,"Thi đua, khen thưởng",Luật sửa đổi bổ sung một số điều của Luật thi đua khen thưởng ngày 16/11/2013,47/2005/QH11,16/11/2013,01/06/2014,Quốc hội,"Luật, Pháp lệnh",Hết hiệu lực 01/01/2024,"http://dut.udn.vn/Files/admin/files/VanbanPhapquy/1.2. Luật sửa đổi, bổ sung một số điều của Luật TĐKT ngày 14.6.2005.pdf",DOWNLOADED
45,0138,"Cơ sở vật chất, xây dựng",Nghị định 89/2013/NĐ-CP Quy định chi tiết thi hành một số điều của Luật Giá về thẩm định giá,89/2013/NĐ-CP,06/08/2013,25/09/2013,Chính phủ,Nghị định,Còn hiệu lực,http://dut.udn.vn/Files/admin/files/VanbanPhapquy/2016m11_100000000.1799699PBQPPL_CVD_4._89_2013_ND-CP_203607.pdf,DOWNLOADED
45,0121,"Thanh tra, kiểm tra",Nghị định 42/2013/NĐ-CP Tổ chức và hoạt động thanh tra giáo dục,42/2013/NĐ-CP,09/05/2013,01/07/2013,Chính phủ,Nghị định,Hết hiệu lực 01/03/2024,http://dut.udn.vn/Files/admin/files/VanbanPhapquy/2016m12_100000000.3895193PBQPPL_CVD_3._42_2013_ND-CP_185735.pdf,DOWNLOADED
45,0122,Pháp chế,"Nghị định 28/2013/NĐ-CP Hướng dẫn Luật phổ biến, giáo dục pháp luật",28/2013/NĐ-CP,04/04/2013,27/05/2013,Chính phủ,Nghị định,Còn hiệu lực,http://dut.udn.vn/Files/admin/files/VanbanPhapquy/2016m12_100000000.2156338PBQPPL_CVD_28_2013_ND-CP_180452.pdf,DOWNLOADED
46,"ID LĨNH VỰC TÊN VĂN BẢN SỐ HIỆU NGÀY BAN HÀNH NGÀY HIỆU LỰC CƠ QUAN BAN HÀNH LOẠI TÌNH TRẠNG TẢI VỀ 0106 Tổ chức, hành chính Nghị định 01/2013/NĐ-CP Quy định chi tiết thi hành một số điều của Luật lưu trữ 01/2013/NĐ-CP 03/01/2013 01/03/2013 Chính phủ Nghị định Còn hiệu lực 0296 Thanh tra, kiểm tra Thông tư quy định về tổ chức và hoạt động thanh tra của cơ sở giáo dục đại học, trường trung cấp chuyên nghiệp 51/2012/TT-BGDĐT 18/12/2012 03/02/2013 Bộ Giáo dục và Đào tạo Thông tư Còn hiệu lực 0297 Thanh tra, kiểm tra Thông tư hướng dẫn về thanh tra chuyên ngành trong lĩnh vực giáo dục 39/2013/TT-BGDĐT 18/12/2012 03/02/2013 Bộ Giáo dục và Đào tạo Thông tư Còn hiệu lực 0326 Thanh tra, kiểm tra Thông tư số 51/2012/TT-TTCP ngày 18/12/2012 Quy định về tổ chức và hoạt động thanh tra của cơ sở giáo dục đại học, trường trung cấp chuyên nghiệp 51/2012/TT-TTCP 18/12/2012 18/12/2012 Bộ Giáo dục và Đào tạo Thông tư Còn hiệu lực 0218 Đảm bảo chất lượng, KĐCL Tiêu chuẩn đánh giá chất lượng chương trình đào tạo GV THPT trình độ Đại học 49/2012/TT-BGDĐT 12/12/2012 01/02/2013 Bộ Giáo dục và Đào tạo Thông tư Còn hiệu lực 0324 Thanh tra, kiểm tra Nghị định số 75/2012/NĐ-CP ngày 3/10/2012 Quy định chi tiết một số điều của Luật Khiếu nại 75/2012/NĐ-CP 03/10/2012 03/10/2012 Chính phủ Nghị định Còn hiệu lực 0348 Pháp chế Luật Phòng, chống tác hại thuốc lá năm 2012 09/2012/QH13 04/08/2012 04/08/2012 Quốc hội Luật, Pháp lệnh Còn hiệu lực 0279 Pháp chế Luật phổ biến, giáo dục pháp luật 2012 14/2012/QH13 20/06/2012 01/01/2013 Quốc hội Luật, Pháp lệnh Còn hiệu lực 0243 Đào tạo Luật 08/2012/QH13 Luật giáo dục đại học 2012 08/2012/QH13 18/06/2012 01/01/2013 Quốc hội Luật, Pháp lệnh Còn hiệu lực 0139 Thi đua, khen thưởng Nghị định 27/2012/NĐ-CP Nghị định Quy định về xử lý kỷ luật viên chức và trách nhiệm bồi thường, hoàn trả của viên chức 27/2012/NĐ-CP 06/04/2012 25/05/2012 Chính phủ Nghị định Còn hiệu lực",ID,LĨNH VỰC,TÊN VĂN BẢN,SỐ HIỆU,NGÀY BAN HÀNH,NGÀY HIỆU LỰC,CƠ QUAN BAN HÀNH,LOẠI,http://dut.udn.vn/Files/admin/files/VanbanPhapquy/2016m12_100000000.06720918PBQPPL_CVD_7._27_2012_ND-CP_137795.pdf,DOWNLOADED
46,ID,LĨNH VỰC,TÊN VĂN BẢN,SỐ HIỆU,NGÀY BAN HÀNH,NGÀY HIỆU LỰC,CƠ QUAN BAN HÀNH,LOẠI,TÌNH TRẠNG,,NO_PDF
46,0106,"Tổ chức, hành chính",Nghị định 01/2013/NĐ-CP Quy định chi tiết thi hành một số điều của Luật lưu trữ,01/2013/NĐ-CP,03/01/2013,01/03/2013,Chính phủ,Nghị định,Còn hiệu lực,http://dut.udn.vn/Files/admin/files/VanbanPhapquy/2021m7_100000000.9429612PBQPPL_CVD_01-2013-NDCP.pdf,DOWNLOADED
46,0296,"Thanh tra, kiểm tra","Thông tư quy định về tổ chức và hoạt động thanh tra của cơ sở giáo dục đại học, trường trung cấp chuyên nghiệp",51/2012/TT-BGDĐT,18/12/2012,03/02/2013,Bộ Giáo dục và Đào tạo,Thông tư,Còn hiệu lực,http://dut.udn.vn/Files/admin/files/VanbanPhapquy/6. TT. so 51.2012. Quy định về tổ chức hoạt động thanh tra CSGD..PDF,DOWNLOADED
46,0297,"Thanh tra, kiểm tra",Thông tư hướng dẫn về thanh tra chuyên ngành trong lĩnh vực giáo dục,39/2013/TT-BGDĐT,18/12/2012,03/02/2013,Bộ Giáo dục và Đào tạo,Thông tư,Còn hiệu lực,http://dut.udn.vn/Files/admin/files/VanbanPhapquy/7. TT so 39_2013. Hướng dẫn về thanh tra chuyên ngành trong lĩnh vực giáo dục.pdf,DOWNLOADED
46,0326,"Thanh tra, kiểm tra","Thông tư số 51/2012/TT-TTCP ngày 18/12/2012 Quy định về tổ chức và hoạt động thanh tra của cơ sở giáo dục đại học, trường trung cấp chuyên nghiệp",51/2012/TT-TTCP,18/12/2012,18/12/2012,Bộ Giáo dục và Đào tạo,Thông tư,Còn hiệu lực,http://dut.udn.vn/Files/admin/files/VanbanPhapquy/16. TT so 51.2012. Quy định về tổ chức hoạt động thanh tra CSGD..pdf,DOWNLOADED
46,0218,"Đảm bảo chất lượng, KĐCL",Tiêu chuẩn đánh giá chất lượng chương trình đào tạo GV THPT trình độ Đại học,49/2012/TT-BGDĐT,12/12/2012,01/02/2013,Bộ Giáo dục và Đào tạo,Thông tư,Còn hiệu lực,http://dut.udn.vn/Files/admin/files/VanbanPhapquy/49_2012_TT-BGDDT_164169.pdf,DOWNLOADED
46,0324,"Thanh tra, kiểm tra",Nghị định số 75/2012/NĐ-CP ngày 3/10/2012 Quy định chi tiết một số điều của Luật Khiếu nại,75/2012/NĐ-CP,03/10/2012,03/10/2012,Chính phủ,Nghị định,Còn hiệu lực,http://dut.udn.vn/Files/admin/files/VanbanPhapquy/7. ND so 75_2012. Quy dinh chi tiet mot so dieu Luat  Khieu nai.pdf,FAILED
46,0348,Pháp chế,"Luật Phòng, chống tác hại thuốc lá năm 2012",09/2012/QH13,04/08/2012,04/08/2012,Quốc hội,"Luật, Pháp lệnh",Còn hiệu lực,http://dut.udn.vn/Files/admin/files/VanbanPhapquy/11. Luat Phong chong tac hai thuoc la nam 2012.pdf,DOWNLOADED
46,0279,Pháp chế,"Luật phổ biến, giáo dục pháp luật 2012",14/2012/QH13,20/06/2012,01/01/2013,Quốc hội,"Luật, Pháp lệnh",Còn hiệu lực,http://dut.udn.vn/Files/admin/files/VanbanPhapquy/1. Luat so 14_2012_QH1Luat pho bien giao duc phap luat.pdf,DOWNLOADED
46,0243,Đào tạo,Luật 08/2012/QH13 Luật giáo dục đại học 2012,08/2012/QH13,18/06/2012,01/01/2013,Quốc hội,"Luật, Pháp lệnh",Còn hiệu lực,http://dut.udn.vn/Files/admin/files/VanbanPhapquy/Luat_giao-duc-dai-hoc_08_2012_QH13.pdf,DOWNLOADED
46,0139,"Thi đua, khen thưởng","Nghị định 27/2012/NĐ-CP Nghị định Quy định về xử lý kỷ luật viên chức và trách nhiệm bồi thường, hoàn trả của viên chức",27/2012/NĐ-CP,06/04/2012,25/05/2012,Chính phủ,Nghị định,Còn hiệu lực,http://dut.udn.vn/Files/admin/files/VanbanPhapquy/2016m12_100000000.06720918PBQPPL_CVD_7._27_2012_ND-CP_137795.pdf,DOWNLOADED
47,"ID LĨNH VỰC TÊN VĂN BẢN SỐ HIỆU NGÀY BAN HÀNH NGÀY HIỆU LỰC CƠ QUAN BAN HÀNH LOẠI TÌNH TRẠNG TẢI VỀ 0131 Thanh tra, kiểm tra Luật 02/2011/QH13 Luật Khiếu nại năm 2011 02/2011/QH13 11/11/2011 01/07/2012 Quốc hội Luật, Pháp lệnh Còn hiệu lực 0099 Tổ chức, hành chính Luật 01/2011/QH13 Luật lưu trữ 01/2011/QH13 11/11/2011 01/07/2012 Quốc hội Luật, Pháp lệnh Còn hiệu lực 0323 Thanh tra, kiểm tra Nghị định số 86/2011/NĐ-CP ngày 22/9/2011 Quy định chi tiết và hướng dẫn thi hành một số điều của Luật Thanh tra 86/2011/NĐ-CP 22/09/2011 22/09/2011 Chính phủ Nghị định Còn hiệu lực 0008 Công tác sinh viên Quy định về trao và nhận học bổng, trợ cấp cho người học trong các cơ sở giáo dục thuộc hệ thống giáo dục quốc dân 35/2011/TT-BGDĐT 11/08/2011 25/09/2011 Bộ Giáo dục và Đào tạo Thông tư Còn hiệu lực 0283 Pháp chế Nghị định Quy định về chức năng, nhiệm vụ, quyền hạn và tổ chức bộ máy của tổ chức pháp chế 55/2011/NĐ-CP 04/07/2011 25/08/2011 Chính phủ Nghị định Còn hiệu lực 0252 Công tác sinh viên Ban hành Quy chế công tác học sinh, sinh viên nội trú tại các cơ sở giáo dục thuộc hệ thống giáo dục quốc dân 27/2011/TT-BGDĐT 27/06/2011 10/08/2011 Bộ Giáo dục và Đào tạo Thông tư Còn hiệu lực 0347 Pháp chế Luật Bảo vệ quyền lợi người tiêu dùng năm 2010 59/2010/QH12 01/04/2011 01/04/2011 Quốc hội Luật, Pháp lệnh Còn hiệu lực 0350 Pháp chế Luật Viên chức năm 2010 58/2010/QH12 01/04/2011 01/04/2011 Quốc hội Luật, Pháp lệnh Còn hiệu lực 0343 Pháp chế Thông tư 01/2011/TT-BNV, ngày 19/01/2011 hướng dẫn thể thức và kỹ thuật trình bày văn bản hành chính 01/2011/TT-BNV 19/01/2011 19/01/2011 Bộ Nội vụ Thông tư Còn hiệu lực 0091 Thanh tra, kiểm tra Luật Thanh tra 2010_56_2010_QH12_115311 56/2010/QH12 24/11/2010 24/11/2010 Quốc hội Luật, Pháp lệnh Hết hiệu lực 01/07/2016",ID,LĨNH VỰC,TÊN VĂN BẢN,SỐ HIỆU,NGÀY BAN HÀNH,NGÀY HIỆU LỰC,CƠ QUAN BAN HÀNH,LOẠI,http://dut.udn.vn/Files/admin/files/VanbanPhapquy/Luật Thanh tra 2010_56_2010_QH12_115311.pdf,DOWNLOADED
47,ID,LĨNH VỰC,TÊN VĂN BẢN,SỐ HIỆU,NGÀY BAN HÀNH,NGÀY HIỆU LỰC,CƠ QUAN BAN HÀNH,LOẠI,TÌNH TRẠNG,,NO_PDF
47,0131,"Thanh tra, kiểm tra",Luật 02/2011/QH13 Luật Khiếu nại năm 2011,02/2011/QH13,11/11/2011,01/07/2012,Quốc hội,"Luật, Pháp lệnh",Còn hiệu lực,http://dut.udn.vn/Files/admin/files/VanbanPhapquy/2016m12_100000000.7791884PBQPPL_CVD_1._02_2011_QH13_132446.pdf,DOWNLOADED
47,0099,"Tổ chức, hành chính",Luật 01/2011/QH13 Luật lưu trữ,01/2011/QH13,11/11/2011,01/07/2012,Quốc hội,"Luật, Pháp lệnh",Còn hiệu lực,http://dut.udn.vn/Files/admin/files/VanbanPhapquy/2021m7_100000000.5132468PBQPPL_CVD_Luat_luu_tru.pdf,DOWNLOADED
47,0323,"Thanh tra, kiểm tra",Nghị định số 86/2011/NĐ-CP ngày 22/9/2011 Quy định chi tiết và hướng dẫn thi hành một số điều của Luật Thanh tra,86/2011/NĐ-CP,22/09/2011,22/09/2011,Chính phủ,Nghị định,Còn hiệu lực,http://dut.udn.vn/Files/admin/files/VanbanPhapquy/6. ND so 86_2011.Quy dinh mot so dieu va bien phap thi hanh. Luat Thanh tra.pdf,DOWNLOADED
47,0008,Công tác sinh viên,"Quy định về trao và nhận học bổng, trợ cấp cho người học trong các cơ sở giáo dục thuộc hệ thống giáo dục quốc dân",35/2011/TT-BGDĐT,11/08/2011,25/09/2011,Bộ Giáo dục và Đào tạo,Thông tư,Còn hiệu lực,http://dut.udn.vn/Files/admin/files/VanbanPhapquy/8.Thong%20tu_35_2011_TT-BGDĐT_Quy%20dinh%20ve%20trao%20nhan%20hoc%20bong.pdf,DOWNLOADED
47,0283,Pháp chế,"Nghị định Quy định về chức năng, nhiệm vụ, quyền hạn và tổ chức bộ máy của tổ chức pháp chế",55/2011/NĐ-CP,04/07/2011,25/08/2011,Chính phủ,Nghị định,Còn hiệu lực,http://dut.udn.vn/Files/admin/files/VanbanPhapquy/6. ND so. 55_2011_ND-CP Quy dinh chuc nang quyen han và to chuc bo may cua To chuc phap che.pdf,DOWNLOADED
47,0252,Công tác sinh viên,"Ban hành Quy chế công tác học sinh, sinh viên nội trú tại các cơ sở giáo dục thuộc hệ thống giáo dục quốc dân",27/2011/TT-BGDĐT,27/06/2011,10/08/2011,Bộ Giáo dục và Đào tạo,Thông tư,Còn hiệu lực,,NO_PDF
47,0347,Pháp chế,Luật Bảo vệ quyền lợi người tiêu dùng năm 2010,59/2010/QH12,01/04/2011,01/04/2011,Quốc hội,"Luật, Pháp lệnh",Còn hiệu lực,http://dut.udn.vn/Files/admin/files/VanbanPhapquy/10. Luat Bao ve quyen loi nguoi tieu dung nam 2010.pdf,DOWNLOADED
47,0350,Pháp chế,Luật Viên chức năm 2010,58/2010/QH12,01/04/2011,01/04/2011,Quốc hội,"Luật, Pháp lệnh",Còn hiệu lực,http://dut.udn.vn/Files/admin/files/VanbanPhapquy/14. Luật Viên chức 58_2010_QH12_115271.pdf,DOWNLOADED
47,0343,Pháp chế,"Thông tư 01/2011/TT-BNV, ngày 19/01/2011 hướng dẫn thể thức và kỹ thuật trình bày văn bản hành chính",01/2011/TT-BNV,19/01/2011,19/01/2011,Bộ Nội vụ,Thông tư,Còn hiệu lực,http://dut.udn.vn/Files/admin/files/VanbanPhapquy/Thong tu 01_2011_TT-BNV_The thuc van ban.pdf,DOWNLOADED
47,0091,"Thanh tra, kiểm tra",Luật Thanh tra 2010_56_2010_QH12_115311,56/2010/QH12,24/11/2010,24/11/2010,Quốc hội,"Luật, Pháp lệnh",Hết hiệu lực 01/07/2016,http://dut.udn.vn/Files/admin/files/VanbanPhapquy/Luật Thanh tra 2010_56_2010_QH12_115311.pdf,DOWNLOADED
48,"ID LĨNH VỰC TÊN VĂN BẢN SỐ HIỆU NGÀY BAN HÀNH NGÀY HIỆU LỰC CƠ QUAN BAN HÀNH LOẠI TÌNH TRẠNG TẢI VỀ 0253 Công tác sinh viên Ban hành Quy chế ngoại trú của học sinh, sinh viên các trường đại học, cao đẳng, trung cấp chuyên nghiệp hệ chính quy 27/2009/TT-BGDĐT 19/10/2009 02/12/2009 Bộ Giáo dục và Đào tạo Thông tư Còn hiệu lực 0100 Sở hữu trí tuệ Luật 36/2009/QH12 Luật Sở hữu trí tuệ sửa đổi 2009 36/2009/QH12 19/06/2009 01/01/2010 Quốc hội Luật, Pháp lệnh Còn hiệu lực 0247 Khác Luật 23/2008/QH12 Luật Giao thông đường bộ 23/2008/QH12 13/11/2008 01/07/2009 Quốc hội Luật, Pháp lệnh Còn hiệu lực 0331 Thi đua, khen thưởng Luật sửa đổi bổ sung một số điều của Luật thi đua khen thưởng 39/2013/QH13 14/06/2005 14/06/2005 Quốc hội Luật, Pháp lệnh Hết hiệu lực 01/01/2024 0101 Thi đua, khen thưởng Luật 15/2003/QH11 Luật Thi đua, khen thưởng năm 2003 15/2003/QH11 26/11/2003 01/07/2004 Chủ tịch nước Luật, Pháp lệnh Hết hiệu lực 01/01/2024",ID,LĨNH VỰC,TÊN VĂN BẢN,SỐ HIỆU,NGÀY BAN HÀNH,NGÀY HIỆU LỰC,CƠ QUAN BAN HÀNH,LOẠI,http://dut.udn.vn/Files/admin/files/VanbanPhapquy/2016m11_100000000.7432302PBQPPL_CVD_1__15_2003_QH11_51686.pdf,DOWNLOADED
48,ID,LĨNH VỰC,TÊN VĂN BẢN,SỐ HIỆU,NGÀY BAN HÀNH,NGÀY HIỆU LỰC,CƠ QUAN BAN HÀNH,LOẠI,TÌNH TRẠNG,,NO_PDF
48,0253,Công tác sinh viên,"Ban hành Quy chế ngoại trú của học sinh, sinh viên các trường đại học, cao đẳng, trung cấp chuyên nghiệp hệ chính quy",27/2009/TT-BGDĐT,19/10/2009,02/12/2009,Bộ Giáo dục và Đào tạo,Thông tư,Còn hiệu lực,http://dut.udn.vn/Files/admin/files/VanbanPhapquy/94985_tt27_2009_bgddt.pdf,DOWNLOADED
48,0100,Sở hữu trí tuệ,Luật 36/2009/QH12 Luật Sở hữu trí tuệ sửa đổi 2009,36/2009/QH12,19/06/2009,01/01/2010,Quốc hội,"Luật, Pháp lệnh",Còn hiệu lực,http://dut.udn.vn/Files/admin/files/VanbanPhapquy/2016m12_100000000.7110454PBQPPL_CVD_9._36_2009_QH12_90634.pdf,DOWNLOADED
48,0247,Khác,Luật 23/2008/QH12 Luật Giao thông đường bộ,23/2008/QH12,13/11/2008,01/07/2009,Quốc hội,"Luật, Pháp lệnh",Còn hiệu lực,http://dut.udn.vn/Files/admin/files/VanbanPhapquy/2023m5_100000000.2612674PBQPPL_CVD_23_2008_QH12_82203.pdf,DOWNLOADED
48,0331,"Thi đua, khen thưởng",Luật sửa đổi bổ sung một số điều của Luật thi đua khen thưởng,39/2013/QH13,14/06/2005,14/06/2005,Quốc hội,"Luật, Pháp lệnh",Hết hiệu lực 01/01/2024,"http://dut.udn.vn/Files/admin/files/VanbanPhapquy/1.1. Luật sửa đổi, bổng sung một số điều  của luật TĐKT  ngày 16.11.2013.pdf",DOWNLOADED
48,0101,"Thi đua, khen thưởng","Luật 15/2003/QH11 Luật Thi đua, khen thưởng năm 2003",15/2003/QH11,26/11/2003,01/07/2004,Chủ tịch nước,"Luật, Pháp lệnh",Hết hiệu lực 01/01/2024,http://dut.udn.vn/Files/admin/files/VanbanPhapquy/2016m11_100000000.7432302PBQPPL_CVD_1__15_2003_QH11_51686.pdf,DOWNLOADED
